ISO-10303-21;
HEADER;
FILE_DESCRIPTION (( 'STEP AP214' ),
    '1' );
FILE_NAME ('Screws M3.5 Phillips Pan Head Machine Screws.STEP',
    '2023-03-28T04:31:24',
    ( '' ),
    ( '' ),
    'SwSTEP 2.0',
    'SolidWorks 2022',
    '' );
FILE_SCHEMA (( 'AUTOMOTIVE_DESIGN' ));
ENDSEC;

DATA;
#1 = PRESENTATION_LAYER_ASSIGNMENT (  '', '', ( #8 ) ) ;
#2 =( NAMED_UNIT ( * ) PLANE_ANGLE_UNIT ( ) SI_UNIT ( $, .RADIAN. ) );
#3 = CARTESIAN_POINT ( 'NONE',  ( 0.9968214519863044520, 0.000000000000000000, 0.000000000000000000 ) ) ;
#4 = SURFACE_STYLE_USAGE ( .BOTH. , #9560 ) ;
#5 = EDGE_CURVE ( 'NONE', #8246, #10274, #2605, .T. ) ;
#6 =( GEOMETRIC_REPRESENTATION_CONTEXT ( 3 ) GLOBAL_UNCERTAINTY_ASSIGNED_CONTEXT ( ( #7966 ) ) GLOBAL_UNIT_ASSIGNED_CONTEXT ( ( #2101, #3697, #5299 ) ) REPRESENTATION_CONTEXT ( 'NONE', 'WORKASPACE' ) );
#7 = FILL_AREA_STYLE_COLOUR ( '', #1897 ) ;
#8 = STYLED_ITEM ( 'NONE', ( #4305 ), #8886 ) ;
#9 = COLOUR_RGB ( '',0.7764705882352941346, 0.7568627450980391913, 0.7372549019607843590 ) ;
#10 = SURFACE_STYLE_FILL_AREA ( #7908 ) ;
#11 = ORIENTED_EDGE ( 'NONE', *, *, #9009, .T. ) ;
#12 = CARTESIAN_POINT ( 'NONE',  ( 2.193400286944045430, 4.336808689942017736E-16, 0.1903515064562409931 ) ) ;
#13 = VECTOR ( 'NONE', #363, 1000.000000000000000 ) ;
#14 = LINE ( 'NONE', #7280, #228 ) ;
#15 = ADVANCED_FACE ( 'NONE', ( #3091 ), #8732, .T. ) ;
#16 = STYLED_ITEM ( 'NONE', ( #9130 ), #6269 ) ;
#17 = DIRECTION ( 'NONE',  ( 0.7431005017819711789, 0.08288428673721742745, 0.6640269868487616023 ) ) ;
#18 = CARTESIAN_POINT ( 'NONE',  ( 0.2666411873824114376, -0.4052592521765708278, -1.721732169736487128 ) ) ;
#19 = DIRECTION ( 'NONE',  ( 0.9938370308809507669, -0.1108510534444137746, 0.000000000000000000 ) ) ;
#20 = DIRECTION ( 'NONE',  ( -0.1108510534444136914, 0.9938370308809506559, 3.595744332370143968E-15 ) ) ;
#21 = STYLED_ITEM ( 'NONE', ( #410 ), #7525 ) ;
#22 = CIRCLE ( 'NONE', #2179, 6.000000000000000000 ) ;
#23 = EDGE_LOOP ( 'NONE', ( #7936, #86, #8727, #7592, #1076, #9442, #2685, #7708, #9718, #5134, #6323 ) ) ;
#24 = DIRECTION ( 'NONE',  ( 0.9938370308809507669, -0.1108510534444137746, 0.000000000000000000 ) ) ;
#25 = TOROIDAL_SURFACE ( 'NONE', #190, 3.080000000000000515, 0.4200000000000000400 ) ;
#26 = LINE ( 'NONE', #9479, #5632 ) ;
#27 = UNCERTAINTY_MEASURE_WITH_UNIT (LENGTH_MEASURE( 1.000000000000000082E-05 ), #3085, 'distance_accuracy_value', 'NONE');
#28 =( NAMED_UNIT ( * ) SI_UNIT ( $, .STERADIAN. ) SOLID_ANGLE_UNIT ( ) );
#29 = ORIENTED_EDGE ( 'NONE', *, *, #8362, .T. ) ;
#30 = PLANE ( 'NONE',  #171 ) ;
#31 = CIRCLE ( 'NONE', #9031, 3.500000000000000000 ) ;
#32 = FILL_AREA_STYLE_COLOUR ( '', #4384 ) ;
#33 = COLOUR_RGB ( '',0.7764705882352941346, 0.7568627450980391913, 0.7372549019607843590 ) ;
#34 = STYLED_ITEM ( 'NONE', ( #2699 ), #6602 ) ;
#35 = FACE_BOUND ( 'NONE', #2224, .T. ) ;
#36 = SURFACE_STYLE_FILL_AREA ( #6502 ) ;
#37 = LINE ( 'NONE', #2376, #6339 ) ;
#38 = FILL_AREA_STYLE_COLOUR ( '', #4177 ) ;
#39 = VECTOR ( 'NONE', #4450, 1000.000000000000000 ) ;
#40 = PRESENTATION_LAYER_ASSIGNMENT (  '', '', ( #7711 ) ) ;
#41 = VERTEX_POINT ( 'NONE', #7024 ) ;
#42 =( NAMED_UNIT ( * ) SI_UNIT ( $, .STERADIAN. ) SOLID_ANGLE_UNIT ( ) );
#43 = FACE_OUTER_BOUND ( 'NONE', #6529, .T. ) ;
#44 = CARTESIAN_POINT ( 'NONE',  ( 5.974195292295553905, 0.2313525518329656860, 8.370432990360215258E-16 ) ) ;
#45 =( GEOMETRIC_REPRESENTATION_CONTEXT ( 3 ) GLOBAL_UNCERTAINTY_ASSIGNED_CONTEXT ( ( #4669 ) ) GLOBAL_UNIT_ASSIGNED_CONTEXT ( ( #4313, #6550, #6577 ) ) REPRESENTATION_CONTEXT ( 'NONE', 'WORKASPACE' ) );
#46 = PRESENTATION_STYLE_ASSIGNMENT (( #9548 ) ) ;
#47 = LINE ( 'NONE', #7887, #8359 ) ;
#48 = CARTESIAN_POINT ( 'NONE',  ( 1.949999999999999956, 0.2174999999999999989, 0.2174999999999999711 ) ) ;
#49 = FILL_AREA_STYLE ('',( #4805 ) ) ;
#50 = VERTEX_POINT ( 'NONE', #8690 ) ;
#51 = CIRCLE ( 'NONE', #6230, 3.500000000000000000 ) ;
#52 = EDGE_CURVE ( 'NONE', #2086, #6666, #5388, .T. ) ;
#53 = EDGE_CURVE ( 'NONE', #4771, #9907, #2433, .T. ) ;
#54 = UNCERTAINTY_MEASURE_WITH_UNIT (LENGTH_MEASURE( 1.000000000000000082E-05 ), #1172, 'distance_accuracy_value', 'NONE');
#55 = VECTOR ( 'NONE', #3374, 999.9999999999998863 ) ;
#56 = ORIENTED_EDGE ( 'NONE', *, *, #878, .T. ) ;
#57 = DIRECTION ( 'NONE',  ( 0.7431005017819711789, 0.08288428673722224305, -0.6640269868487610472 ) ) ;
#58 = PLANE ( 'NONE',  #67 ) ;
#59 = CARTESIAN_POINT ( 'NONE',  ( 1.347043950347263763, 3.771912141373848894E-16, -3.080000000000000515 ) ) ;
#60 =( LENGTH_UNIT ( ) NAMED_UNIT ( * ) SI_UNIT ( .MILLI., .METRE. ) );
#61 = SURFACE_STYLE_USAGE ( .BOTH. , #9562 ) ;
#62 = DIRECTION ( 'NONE',  ( -1.000000000000000000, 0.000000000000000000, -0.000000000000000000 ) ) ;
#63 = CIRCLE ( 'NONE', #1237, 5.995482475482741158 ) ;
#64 = CARTESIAN_POINT ( 'NONE',  ( 1.949999999999999956, 0.2175000000000007205, -0.2174999999999992772 ) ) ;
#65 = EDGE_CURVE ( 'NONE', #8469, #7867, #6812, .T. ) ;
#66 = ORIENTED_EDGE ( 'NONE', *, *, #1508, .F. ) ;
#67 = AXIS2_PLACEMENT_3D ( 'NONE', #160, #7474, #1770 ) ;
#68 = ORIENTED_EDGE ( 'NONE', *, *, #7661, .T. ) ;
#69 = DIRECTION ( 'NONE',  ( 0.9938370308809506559, -0.1108510534444137469, -3.870343844922734420E-16 ) ) ;
#70 = CARTESIAN_POINT ( 'NONE',  ( 5.974195292295553905, 0.2313525518329656860, 8.370432990360215258E-16 ) ) ;
#71 = DIRECTION ( 'NONE',  ( -0.9938370308809506559, 0.000000000000000000, 0.1108510534444136914 ) ) ;
#72 = PRESENTATION_STYLE_ASSIGNMENT (( #177 ) ) ;
#73 = ORIENTED_EDGE ( 'NONE', *, *, #8277, .F. ) ;
#74 =( GEOMETRIC_REPRESENTATION_CONTEXT ( 3 ) GLOBAL_UNCERTAINTY_ASSIGNED_CONTEXT ( ( #1513 ) ) GLOBAL_UNIT_ASSIGNED_CONTEXT ( ( #5243, #2846, #6042 ) ) REPRESENTATION_CONTEXT ( 'NONE', 'WORKASPACE' ) );
#75 = EDGE_CURVE ( 'NONE', #9721, #8956, #2283, .T. ) ;
#76 = ORIENTED_EDGE ( 'NONE', *, *, #8857, .F. ) ;
#77 = AXIS2_PLACEMENT_3D ( 'NONE', #7827, #7149, #8675 ) ;
#78 = AXIS2_PLACEMENT_3D ( 'NONE', #3255, #278, #5714 ) ;
#79 = FACE_OUTER_BOUND ( 'NONE', #8142, .T. ) ;
#80 = DIRECTION ( 'NONE',  ( -0.9938370308809506559, 0.000000000000000000, 0.1108510534444136914 ) ) ;
#81 = DIRECTION ( 'NONE',  ( 0.9877866216249069353, -0.1101762001043169320, 0.1101762001043165712 ) ) ;
#82 = FACE_OUTER_BOUND ( 'NONE', #6171, .T. ) ;
#83 =( NAMED_UNIT ( * ) PLANE_ANGLE_UNIT ( ) SI_UNIT ( $, .RADIAN. ) );
#84 = CONTEXT_DEPENDENT_SHAPE_REPRESENTATION ( #185, #3797 ) ;
#85 = PRESENTATION_LAYER_ASSIGNMENT (  '', '', ( #3245 ) ) ;
#86 = ORIENTED_EDGE ( 'NONE', *, *, #8513, .T. ) ;
#87 = ORIENTED_EDGE ( 'NONE', *, *, #6436, .T. ) ;
#88 = DIRECTION ( 'NONE',  ( 0.6663196743247735698, -2.603479645215216163E-15, 0.7456662065614397816 ) ) ;
#89 =( LENGTH_UNIT ( ) NAMED_UNIT ( * ) SI_UNIT ( .MILLI., .METRE. ) );
#90 = CARTESIAN_POINT ( 'NONE',  ( 0.000000000000000000, 0.4350000000000068257, -1.959999999999998188 ) ) ;
#91 = AXIS2_PLACEMENT_3D ( 'NONE', #3432, #9744, #4078 ) ;
#92 = SURFACE_STYLE_USAGE ( .BOTH. , #9805 ) ;
#93 = SURFACE_STYLE_USAGE ( .BOTH. , #5737 ) ;
#94 = CARTESIAN_POINT ( 'NONE',  ( 6.000000000000000000, 2.326828918379972351E-16, 0.000000000000000000 ) ) ;
#95 = SURFACE_SIDE_STYLE ('',( #1719 ) ) ;
#96 = DIRECTION ( 'NONE',  ( 0.6663196743247735698, 2.696405268330496621E-15, -0.7456662065614397816 ) ) ;
#97 = DIRECTION ( 'NONE',  ( 0.7431005017819711789, -0.08288428673722218754, 0.6640269868487610472 ) ) ;
#98 = ORIENTED_EDGE ( 'NONE', *, *, #8554, .T. ) ;
#99 = ORIENTED_EDGE ( 'NONE', *, *, #9519, .T. ) ;
#100 = EDGE_LOOP ( 'NONE', ( #2675, #8752 ) ) ;
#101 = DIRECTION ( 'NONE',  ( -1.000000000000000000, -0.000000000000000000, -0.000000000000000000 ) ) ;
#102 = SURFACE_STYLE_USAGE ( .BOTH. , #6586 ) ;
#103 = PRODUCT_DEFINITION_SHAPE ( 'NONE', 'NONE',  #2980 ) ;
#104 = CARTESIAN_POINT ( 'NONE',  ( 0.9968214519863044520, 3.311827956989247479, 0.000000000000000000 ) ) ;
#105 = ADVANCED_FACE ( 'NONE', ( #7737 ), #4768, .T. ) ;
#106 = DIRECTION ( 'NONE',  ( -0.000000000000000000, 0.000000000000000000, -1.000000000000000000 ) ) ;
#107 = EDGE_CURVE ( 'NONE', #9015, #1573, #3471, .T. ) ;
#108 = CARTESIAN_POINT ( 'NONE',  ( -25.39999999999996305, 2.143131898507868051E-16, -1.749999999999999778 ) ) ;
#109 = AXIS2_PLACEMENT_3D ( 'NONE', #2171, #3114, #1542 ) ;
#110 = FILL_AREA_STYLE ('',( #7322 ) ) ;
#111 = PRESENTATION_STYLE_ASSIGNMENT (( #709 ) ) ;
#112 = EDGE_LOOP ( 'NONE', ( #5195, #9778, #7324, #5895 ) ) ;
#113 = FILL_AREA_STYLE ('',( #1736 ) ) ;
#114 = PRESENTATION_STYLE_ASSIGNMENT (( #5804 ) ) ;
#115 = PLANE ( 'NONE',  #2734 ) ;
#116 = ORIENTED_EDGE ( 'NONE', *, *, #6338, .T. ) ;
#117 = SURFACE_SIDE_STYLE ('',( #6140 ) ) ;
#118 = EDGE_CURVE ( 'NONE', #2464, #9729, #1781, .T. ) ;
#119 = DIRECTION ( 'NONE',  ( -0.000000000000000000, 1.000000000000000000, 1.224646799147353207E-16 ) ) ;
#120 =( NAMED_UNIT ( * ) PLANE_ANGLE_UNIT ( ) SI_UNIT ( $, .RADIAN. ) );
#121 = CYLINDRICAL_SURFACE ( 'NONE', #4765, 3.500000000000000444 ) ;
#122 = CARTESIAN_POINT ( 'NONE',  ( 1.949999999999999956, -0.2175000000000007205, 0.2174999999999993883 ) ) ;
#123 = CARTESIAN_POINT ( 'NONE',  ( 7.600000000000002309, 0.000000000000000000, 0.000000000000000000 ) ) ;
#124 = VERTEX_POINT ( 'NONE', #8977 ) ;
#125 = UNCERTAINTY_MEASURE_WITH_UNIT (LENGTH_MEASURE( 1.000000000000000082E-05 ), #1092, 'distance_accuracy_value', 'NONE');
#126 = DIRECTION ( 'NONE',  ( 0.7456662065614396706, 0.6663196743247736809, 0.000000000000000000 ) ) ;
#127 = AXIS2_PLACEMENT_3D ( 'NONE', #6609, #4224, #4010 ) ;
#128 = AXIS2_PLACEMENT_3D ( 'NONE', #9074, #6846, #4999 ) ;
#129 = SHAPE_DEFINITION_REPRESENTATION ( #8257, #1962 ) ;
#130 = PRESENTATION_STYLE_ASSIGNMENT (( #7237 ) ) ;
#131 = EDGE_CURVE ( 'NONE', #1967, #4044, #3185, .T. ) ;
#132 = DIRECTION ( 'NONE',  ( 0.7456662065614395596, 0.000000000000000000, -0.6663196743247737919 ) ) ;
#133 = SURFACE_STYLE_USAGE ( .BOTH. , #7299 ) ;
#134 = SPHERICAL_SURFACE ( 'NONE', #2662, 6.000000000000000000 ) ;
#135 = FILL_AREA_STYLE_COLOUR ( '', #10282 ) ;
#136 = CARTESIAN_POINT ( 'NONE',  ( 2.193400286944045430, -0.1903515064562409931, -2.309278636184418912E-16 ) ) ;
#137 = SURFACE_STYLE_USAGE ( .BOTH. , #5727 ) ;
#138 = AXIS2_PLACEMENT_3D ( 'NONE', #10125, #9345, #8905 ) ;
#139 = UNCERTAINTY_MEASURE_WITH_UNIT (LENGTH_MEASURE( 1.000000000000000082E-05 ), #2304, 'distance_accuracy_value', 'NONE');
#140 = VERTEX_POINT ( 'NONE', #6376 ) ;
#141 = ORIENTED_EDGE ( 'NONE', *, *, #1128, .F. ) ;
#142 = PRESENTATION_LAYER_ASSIGNMENT (  '', '', ( #4665 ) ) ;
#143 =( NAMED_UNIT ( * ) PLANE_ANGLE_UNIT ( ) SI_UNIT ( $, .RADIAN. ) );
#144 = MECHANICAL_DESIGN_GEOMETRIC_PRESENTATION_REPRESENTATION (  '', ( #809 ), #4508 ) ;
#145 =( LENGTH_UNIT ( ) NAMED_UNIT ( * ) SI_UNIT ( .MILLI., .METRE. ) );
#146 = EDGE_CURVE ( 'NONE', #8912, #8680, #10139, .T. ) ;
#147 = CIRCLE ( 'NONE', #318, 3.500000000000000444 ) ;
#148 = LINE ( 'NONE', #7613, #324 ) ;
#149 = SURFACE_SIDE_STYLE ('',( #2382 ) ) ;
#150 =( NAMED_UNIT ( * ) SI_UNIT ( $, .STERADIAN. ) SOLID_ANGLE_UNIT ( ) );
#151 = DIRECTION ( 'NONE',  ( -0.7456662065614396706, 0.000000000000000000, -0.6663196743247736809 ) ) ;
#152 = STYLED_ITEM ( 'NONE', ( #5521 ), #5432 ) ;
#153 = DIRECTION ( 'NONE',  ( -0.9877866216249070463, -0.1101762001043161271, -0.1101762001043165851 ) ) ;
#154 = PRESENTATION_LAYER_ASSIGNMENT (  '', '', ( #8319 ) ) ;
#155 = VERTEX_POINT ( 'NONE', #162 ) ;
#156 = UNCERTAINTY_MEASURE_WITH_UNIT (LENGTH_MEASURE( 1.000000000000000082E-05 ), #7438, 'distance_accuracy_value', 'NONE');
#157 = ORIENTED_EDGE ( 'NONE', *, *, #619, .T. ) ;
#158 =( NAMED_UNIT ( * ) SI_UNIT ( $, .STERADIAN. ) SOLID_ANGLE_UNIT ( ) );
#159 = FACE_OUTER_BOUND ( 'NONE', #4227, .T. ) ;
#160 = CARTESIAN_POINT ( 'NONE',  ( 2.193400286944045430, -0.1903515064562409931, -2.309278636184418912E-16 ) ) ;
#161 = PRESENTATION_LAYER_ASSIGNMENT (  '', '', ( #9340 ) ) ;
#162 = CARTESIAN_POINT ( 'NONE',  ( 0.03111693966988560850, -0.4315292644214371864, 0.4315292644214354101 ) ) ;
#163 = PRESENTATION_STYLE_ASSIGNMENT (( #5797 ) ) ;
#164 = COLOUR_RGB ( '',0.7764705882352941346, 0.7568627450980391913, 0.7372549019607843590 ) ;
#165 = LINE ( 'NONE', #1771, #5753 ) ;
#166 = DIRECTION ( 'NONE',  ( -1.000000000000000000, -0.000000000000000000, -0.000000000000000000 ) ) ;
#167 = DIRECTION ( 'NONE',  ( 0.000000000000000000, 1.000000000000000000, 6.231046968307495628E-17 ) ) ;
#168 = ORIENTED_EDGE ( 'NONE', *, *, #9635, .T. ) ;
#169 = ADVANCED_FACE ( 'NONE', ( #2390 ), #4813, .T. ) ;
#170 = VERTEX_POINT ( 'NONE', #7271 ) ;
#171 = AXIS2_PLACEMENT_3D ( 'NONE', #3580, #9936, #9216 ) ;
#172 = STYLED_ITEM ( 'NONE', ( #6547 ), #6125 ) ;
#173 =( NAMED_UNIT ( * ) PLANE_ANGLE_UNIT ( ) SI_UNIT ( $, .RADIAN. ) );
#174 =( NAMED_UNIT ( * ) PLANE_ANGLE_UNIT ( ) SI_UNIT ( $, .RADIAN. ) );
#175 =( NAMED_UNIT ( * ) PLANE_ANGLE_UNIT ( ) SI_UNIT ( $, .RADIAN. ) );
#176 = DIRECTION ( 'NONE',  ( -1.000000000000000000, -0.000000000000000000, -0.000000000000000000 ) ) ;
#177 = SURFACE_STYLE_USAGE ( .BOTH. , #2455 ) ;
#178 =( LENGTH_UNIT ( ) NAMED_UNIT ( * ) SI_UNIT ( .MILLI., .METRE. ) );
#179 = CYLINDRICAL_SURFACE ( 'NONE', #127, 1.749999999999999778 ) ;
#180 = DIRECTION ( 'NONE',  ( 0.6663196743247735698, 2.696405268330496621E-15, -0.7456662065614397816 ) ) ;
#181 = ADVANCED_FACE ( 'NONE', ( #4962 ), #3285, .T. ) ;
#182 = MECHANICAL_DESIGN_GEOMETRIC_PRESENTATION_REPRESENTATION (  '', ( #3349 ), #6199 ) ;
#183 = ORIENTED_EDGE ( 'NONE', *, *, #9622, .F. ) ;
#184 = SURFACE_STYLE_FILL_AREA ( #7396 ) ;
#185 =( REPRESENTATION_RELATIONSHIP ('NONE','NONE', #1962, #9769 ) REPRESENTATION_RELATIONSHIP_WITH_TRANSFORMATION ( #6307 )SHAPE_REPRESENTATION_RELATIONSHIP( ) );
#186 = CARTESIAN_POINT ( 'NONE',  ( 0.2666411873824114376, -0.4052592521765708278, -1.721732169736487128 ) ) ;
#187 = LINE ( 'NONE', #4841, #5235 ) ;
#188 = STYLED_ITEM ( 'NONE', ( #2687 ), #7355 ) ;
#189 =( GEOMETRIC_REPRESENTATION_CONTEXT ( 3 ) GLOBAL_UNCERTAINTY_ASSIGNED_CONTEXT ( ( #3509 ) ) GLOBAL_UNIT_ASSIGNED_CONTEXT ( ( #6867, #10039, #9267 ) ) REPRESENTATION_CONTEXT ( 'NONE', 'WORKASPACE' ) );
#190 = AXIS2_PLACEMENT_3D ( 'NONE', #8192, #4408, #5918 ) ;
#191 = CARTESIAN_POINT ( 'NONE',  ( 2.599999999999998312, 0.000000000000000000, 1.749999999999999778 ) ) ;
#192 = ORIENTED_EDGE ( 'NONE', *, *, #7643, .T. ) ;
#193 = EDGE_CURVE ( 'NONE', #5290, #4640, #1621, .T. ) ;
#194 = ORIENTED_EDGE ( 'NONE', *, *, #6248, .F. ) ;
#195 = AXIS2_PLACEMENT_3D ( 'NONE', #3199, #3911, #4782 ) ;
#196 =( GEOMETRIC_REPRESENTATION_CONTEXT ( 3 ) GLOBAL_UNCERTAINTY_ASSIGNED_CONTEXT ( ( #3180 ) ) GLOBAL_UNIT_ASSIGNED_CONTEXT ( ( #680, #8617, #9444 ) ) REPRESENTATION_CONTEXT ( 'NONE', 'WORKASPACE' ) );
#197 = DIRECTION ( 'NONE',  ( -0.000000000000000000, 0.000000000000000000, 1.000000000000000000 ) ) ;
#198 = CARTESIAN_POINT ( 'NONE',  ( 1.949999999999999956, 0.2174999999999999989, 0.2174999999999999156 ) ) ;
#199 = DIRECTION ( 'NONE',  ( -1.000000000000000000, -0.000000000000000000, -0.000000000000000000 ) ) ;
#200 = FACE_OUTER_BOUND ( 'NONE', #6541, .T. ) ;
#201 = DIRECTION ( 'NONE',  ( 0.000000000000000000, 0.000000000000000000, 1.000000000000000000 ) ) ;
#202 = CIRCLE ( 'NONE', #2021, 5.437518987584765817 ) ;
#203 = STYLED_ITEM ( 'NONE', ( #8932 ), #7220 ) ;
#204 = DIRECTION ( 'NONE',  ( 0.6663196743247735698, -0.7456662065614397816, -9.292562311528023527E-17 ) ) ;
#205 = ADVANCED_FACE ( 'NONE', ( #2880 ), #5169, .F. ) ;
#206 = VERTEX_POINT ( 'NONE', #2533 ) ;
#207 =( NAMED_UNIT ( * ) SI_UNIT ( $, .STERADIAN. ) SOLID_ANGLE_UNIT ( ) );
#208 = DIRECTION ( 'NONE',  ( 0.6663196743247736809, 2.696405268330496226E-15, -0.7456662065614397816 ) ) ;
#209 = DIRECTION ( 'NONE',  ( 0.000000000000000000, 0.000000000000000000, 1.000000000000000000 ) ) ;
#210 = COLOUR_RGB ( '',0.7764705882352941346, 0.7568627450980391913, 0.7372549019607843590 ) ;
#211 = FILL_AREA_STYLE_COLOUR ( '', #7239 ) ;
#212 = DIRECTION ( 'NONE',  ( -0.7456662065614397816, 0.6663196743247735698, 0.000000000000000000 ) ) ;
#213 = CIRCLE ( 'NONE', #7224, 5.437518987584765817 ) ;
#214 = CARTESIAN_POINT ( 'NONE',  ( 0.9968214519863044520, 0.000000000000000000, 0.000000000000000000 ) ) ;
#215 = EDGE_LOOP ( 'NONE', ( #790, #7489, #8609, #4797, #8284 ) ) ;
#216 = SURFACE_SIDE_STYLE ('',( #7381 ) ) ;
#217 = ORIENTED_EDGE ( 'NONE', *, *, #9202, .F. ) ;
#218 = VECTOR ( 'NONE', #1069, 1000.000000000000000 ) ;
#219 = MECHANICAL_DESIGN_GEOMETRIC_PRESENTATION_REPRESENTATION (  '', ( #3239 ), #5543 ) ;
#220 = PRESENTATION_STYLE_ASSIGNMENT (( #4215 ) ) ;
#221 =( NAMED_UNIT ( * ) SI_UNIT ( $, .STERADIAN. ) SOLID_ANGLE_UNIT ( ) );
#222 = FILL_AREA_STYLE ('',( #5025 ) ) ;
#223 = EDGE_LOOP ( 'NONE', ( #4858, #5803, #8659 ) ) ;
#224 = DIRECTION ( 'NONE',  ( 0.000000000000000000, 0.000000000000000000, 1.000000000000000000 ) ) ;
#225 = CIRCLE ( 'NONE', #10245, 3.500000000000000444 ) ;
#226 = UNCERTAINTY_MEASURE_WITH_UNIT (LENGTH_MEASURE( 1.000000000000000082E-05 ), #10038, 'distance_accuracy_value', 'NONE');
#227 = PRESENTATION_LAYER_ASSIGNMENT (  '', '', ( #3923 ) ) ;
#228 = VECTOR ( 'NONE', #3192, 1000.000000000000000 ) ;
#229 = ORIENTED_EDGE ( 'NONE', *, *, #6966, .T. ) ;
#230 = SURFACE_SIDE_STYLE ('',( #7395 ) ) ;
#231 = DIRECTION ( 'NONE',  ( -0.1108510534444137469, -0.9938370308809506559, -3.448999966305766196E-15 ) ) ;
#232 =( NAMED_UNIT ( * ) SI_UNIT ( $, .STERADIAN. ) SOLID_ANGLE_UNIT ( ) );
#233 = AXIS2_PLACEMENT_3D ( 'NONE', #4977, #2564, #8062 ) ;
#234 = EDGE_CURVE ( 'NONE', #4517, #1548, #2973, .T. ) ;
#235 = SURFACE_STYLE_FILL_AREA ( #7508 ) ;
#236 = SURFACE_STYLE_USAGE ( .BOTH. , #3318 ) ;
#237 = EDGE_CURVE ( 'NONE', #8635, #2236, #5736, .T. ) ;
#238 = CARTESIAN_POINT ( 'NONE',  ( 0.000000000000000000, -1.959999999999999964, 0.4349999999999996092 ) ) ;
#239 =( NAMED_UNIT ( * ) PLANE_ANGLE_UNIT ( ) SI_UNIT ( $, .RADIAN. ) );
#240 = UNCERTAINTY_MEASURE_WITH_UNIT (LENGTH_MEASURE( 1.000000000000000082E-05 ), #1576, 'distance_accuracy_value', 'NONE');
#241 = ORIENTED_EDGE ( 'NONE', *, *, #52, .T. ) ;
#242 = AXIS2_PLACEMENT_3D ( 'NONE', #1231, #405, #5886 ) ;
#243 = FACE_OUTER_BOUND ( 'NONE', #1616, .T. ) ;
#244 = CARTESIAN_POINT ( 'NONE',  ( 1.347043950347263763, 3.771912141373848894E-16, -3.080000000000000515 ) ) ;
#245 =( NAMED_UNIT ( * ) SI_UNIT ( $, .STERADIAN. ) SOLID_ANGLE_UNIT ( ) );
#246 = CARTESIAN_POINT ( 'NONE',  ( 1.347043950347265318, 0.000000000000000000, 0.000000000000000000 ) ) ;
#247 = CARTESIAN_POINT ( 'NONE',  ( 2.214116351126373949, -0.1880408685282127235, 0.1880408685282120573 ) ) ;
#248 =( NAMED_UNIT ( * ) SI_UNIT ( $, .STERADIAN. ) SOLID_ANGLE_UNIT ( ) );
#249 = FILL_AREA_STYLE_COLOUR ( '', #6370 ) ;
#250 = FACE_OUTER_BOUND ( 'NONE', #4193, .T. ) ;
#251 = ADVANCED_FACE ( 'NONE', ( #8917 ), #3981, .T. ) ;
#252 = DIRECTION ( 'NONE',  ( 0.7431005017819711789, 0.6640269868487613802, -0.08288428673721975892 ) ) ;
#253 = APPLICATION_PROTOCOL_DEFINITION ( 'draft international standard', 'automotive_design', 1998, #9276 ) ;
#254 = DIRECTION ( 'NONE',  ( -0.000000000000000000, 0.000000000000000000, 1.000000000000000000 ) ) ;
#255 = UNCERTAINTY_MEASURE_WITH_UNIT (LENGTH_MEASURE( 1.000000000000000082E-05 ), #5574, 'distance_accuracy_value', 'NONE');
#256 = ORIENTED_EDGE ( 'NONE', *, *, #2683, .T. ) ;
#257 = FACE_OUTER_BOUND ( 'NONE', #535, .T. ) ;
#258 = DIRECTION ( 'NONE',  ( -1.000000000000000000, -0.000000000000000000, -0.000000000000000000 ) ) ;
#259 = VECTOR ( 'NONE', #1131, 1000.000000000000000 ) ;
#260 =( LENGTH_UNIT ( ) NAMED_UNIT ( * ) SI_UNIT ( .MILLI., .METRE. ) );
#261 = EDGE_CURVE ( 'NONE', #2543, #3865, #4314, .T. ) ;
#262 =( NAMED_UNIT ( * ) PLANE_ANGLE_UNIT ( ) SI_UNIT ( $, .RADIAN. ) );
#263 = CIRCLE ( 'NONE', #8260, 3.311827956989247479 ) ;
#264 = DIRECTION ( 'NONE',  ( 0.000000000000000000, 0.000000000000000000, 1.000000000000000000 ) ) ;
#265 = CARTESIAN_POINT ( 'NONE',  ( 4.309938594911940868, -1.891316923914901471, 0.000000000000000000 ) ) ;
#266 = ORIENTED_EDGE ( 'NONE', *, *, #1970, .T. ) ;
#267 = LINE ( 'NONE', #992, #6764 ) ;
#268 = DIRECTION ( 'NONE',  ( 0.000000000000000000, 0.000000000000000000, 1.000000000000000000 ) ) ;
#269 = EDGE_CURVE ( 'NONE', #4526, #7047, #3989, .T. ) ;
#270 = SURFACE_STYLE_FILL_AREA ( #4929 ) ;
#271 = SURFACE_STYLE_FILL_AREA ( #1880 ) ;
#272 =( LENGTH_UNIT ( ) NAMED_UNIT ( * ) SI_UNIT ( .MILLI., .METRE. ) );
#273 =( NAMED_UNIT ( * ) PLANE_ANGLE_UNIT ( ) SI_UNIT ( $, .RADIAN. ) );
#274 = DIRECTION ( 'NONE',  ( -0.9938370308809507669, 0.000000000000000000, 0.1108510534444137052 ) ) ;
#275 = VERTEX_POINT ( 'NONE', #6634 ) ;
#276 = CIRCLE ( 'NONE', #6445, 3.311827956989247479 ) ;
#277 = EDGE_LOOP ( 'NONE', ( #4692, #3033, #3304 ) ) ;
#278 = DIRECTION ( 'NONE',  ( 0.000000000000000000, 0.000000000000000000, 1.000000000000000000 ) ) ;
#279 = CARTESIAN_POINT ( 'NONE',  ( 4.309938594911940868, -1.891316923914901471, 0.000000000000000000 ) ) ;
#280 = FACE_OUTER_BOUND ( 'NONE', #1241, .T. ) ;
#281 = DIRECTION ( 'NONE',  ( -1.000000000000000000, -0.000000000000000000, -0.000000000000000000 ) ) ;
#282 = SURFACE_SIDE_STYLE ('',( #6210 ) ) ;
#283 = DIRECTION ( 'NONE',  ( -0.1108510534444136914, 0.9938370308809506559, 3.595744332370143968E-15 ) ) ;
#284 = FILL_AREA_STYLE ('',( #9175 ) ) ;
#285 =( NAMED_UNIT ( * ) SI_UNIT ( $, .STERADIAN. ) SOLID_ANGLE_UNIT ( ) );
#286 = ORIENTED_EDGE ( 'NONE', *, *, #7844, .T. ) ;
#287 = PRESENTATION_LAYER_ASSIGNMENT (  '', '', ( #1787 ) ) ;
#288 = ORIENTED_EDGE ( 'NONE', *, *, #4722, .F. ) ;
#289 = COLOUR_RGB ( '',0.7764705882352941346, 0.7568627450980391913, 0.7372549019607843590 ) ;
#290 = ORIENTED_EDGE ( 'NONE', *, *, #1632, .T. ) ;
#291 = EDGE_CURVE ( 'NONE', #1909, #9949, #4970, .T. ) ;
#292 = EDGE_CURVE ( 'NONE', #3269, #2495, #7626, .T. ) ;
#293 = FILL_AREA_STYLE ('',( #8234 ) ) ;
#294 = CARTESIAN_POINT ( 'NONE',  ( 0.000000000000000000, 0.4349999999999932254, 1.960000000000001741 ) ) ;
#296 = DIRECTION ( 'NONE',  ( 0.7456662065614396706, 0.6663196743247736809, 0.000000000000000000 ) ) ;
#295 = SURFACE_SIDE_STYLE ('',( #4290 ) ) ;
#297 = SURFACE_SIDE_STYLE ('',( #973 ) ) ;
#298 = AXIS2_PLACEMENT_3D ( 'NONE', #198, #8032, #4091 ) ;
#299 = AXIS2_PLACEMENT_3D ( 'NONE', #8645, #3093, #2295 ) ;
#300 = LINE ( 'NONE', #7414, #2811 ) ;
#301 = DIRECTION ( 'NONE',  ( 0.000000000000000000, 0.000000000000000000, 1.000000000000000000 ) ) ;
#302 = ORIENTED_EDGE ( 'NONE', *, *, #2007, .F. ) ;
#303 = VERTEX_POINT ( 'NONE', #5155 ) ;
#304 = CIRCLE ( 'NONE', #5311, 5.995482475482741158 ) ;
#305 = ADVANCED_FACE ( 'NONE', ( #3439 ), #1188, .T. ) ;
#306 = CIRCLE ( 'NONE', #8479, 5.437518987584765817 ) ;
#307 = DIRECTION ( 'NONE',  ( -0.1108510534444137469, -0.9938370308809506559, -3.448999966305766196E-15 ) ) ;
#308 = SURFACE_SIDE_STYLE ('',( #7368 ) ) ;
#309 = CARTESIAN_POINT ( 'NONE',  ( 2.193400286944045430, -0.1903515064562409931, -2.309278636184418912E-16 ) ) ;
#310 = SURFACE_STYLE_FILL_AREA ( #5795 ) ;
#311 = CARTESIAN_POINT ( 'NONE',  ( 4.309938594911940868, -1.891316923914901471, 0.000000000000000000 ) ) ;
#312 = DIRECTION ( 'NONE',  ( 0.000000000000000000, 0.000000000000000000, 1.000000000000000000 ) ) ;
#313 = SURFACE_SIDE_STYLE ('',( #6761 ) ) ;
#314 =( NAMED_UNIT ( * ) PLANE_ANGLE_UNIT ( ) SI_UNIT ( $, .RADIAN. ) );
#315 = MECHANICAL_DESIGN_GEOMETRIC_PRESENTATION_REPRESENTATION (  '', ( #2465 ), #4831 ) ;
#316 = CARTESIAN_POINT ( 'NONE',  ( 0.2666411873824114376, -0.4052592521765708278, -1.721732169736487128 ) ) ;
#317 = CIRCLE ( 'NONE', #4008, 3.311827956989247479 ) ;
#318 = AXIS2_PLACEMENT_3D ( 'NONE', #9327, #3750, #8604 ) ;
#319 =( NAMED_UNIT ( * ) SI_UNIT ( $, .STERADIAN. ) SOLID_ANGLE_UNIT ( ) );
#320 = CARTESIAN_POINT ( 'NONE',  ( 0.2666411873824114376, -0.4052592521765708278, -1.721732169736487128 ) ) ;
#321 = DIRECTION ( 'NONE',  ( 0.000000000000000000, 1.224646799147353207E-16, -1.000000000000000000 ) ) ;
#322 = ORIENTED_EDGE ( 'NONE', *, *, #3023, .F. ) ;
#323 = EDGE_CURVE ( 'NONE', #5410, #674, #6686, .T. ) ;
#324 = VECTOR ( 'NONE', #4383, 1000.000000000000000 ) ;
#325 = AXIS2_PLACEMENT_3D ( 'NONE', #7031, #3235, #1522 ) ;
#326 =( NAMED_UNIT ( * ) SI_UNIT ( $, .STERADIAN. ) SOLID_ANGLE_UNIT ( ) );
#327 = FILL_AREA_STYLE_COLOUR ( '', #6689 ) ;
#328 = VERTEX_POINT ( 'NONE', #9855 ) ;
#329 = DIRECTION ( 'NONE',  ( 0.9877866216249069353, 0.1101762001043169042, -0.1101762001043164879 ) ) ;
#330 = PRESENTATION_STYLE_ASSIGNMENT (( #9786 ) ) ;
#331 = AXIS2_PLACEMENT_3D ( 'NONE', #8485, #2051, #3753 ) ;
#332 = PLANE ( 'NONE',  #4524 ) ;
#333 = ORIENTED_EDGE ( 'NONE', *, *, #10235, .F. ) ;
#334 = PRESENTATION_LAYER_ASSIGNMENT (  '', '', ( #6007 ) ) ;
#335 = UNCERTAINTY_MEASURE_WITH_UNIT (LENGTH_MEASURE( 1.000000000000000082E-05 ), #4686, 'distance_accuracy_value', 'NONE');
#336 = EDGE_CURVE ( 'NONE', #1064, #4316, #4652, .T. ) ;
#337 = DIRECTION ( 'NONE',  ( 0.000000000000000000, 0.000000000000000000, 1.000000000000000000 ) ) ;
#338 = ORIENTED_EDGE ( 'NONE', *, *, #5233, .F. ) ;
#339 =( GEOMETRIC_REPRESENTATION_CONTEXT ( 3 ) GLOBAL_UNCERTAINTY_ASSIGNED_CONTEXT ( ( #9464 ) ) GLOBAL_UNIT_ASSIGNED_CONTEXT ( ( #8203, #3675, #6814 ) ) REPRESENTATION_CONTEXT ( 'NONE', 'WORKASPACE' ) );
#340 = AXIS2_PLACEMENT_3D ( 'NONE', #4371, #7547, #9159 ) ;
#341 = SURFACE_STYLE_FILL_AREA ( #3478 ) ;
#342 = CARTESIAN_POINT ( 'NONE',  ( 1.949999999999999956, -0.2175000000000000266, -0.2174999999999999989 ) ) ;
#343 = AXIS2_PLACEMENT_3D ( 'NONE', #6891, #3755, #6947 ) ;
#344 = CARTESIAN_POINT ( 'NONE',  ( 4.309938594911940868, 6.836180637525074799E-15, -1.891316923914901693 ) ) ;
#345 = LINE ( 'NONE', #9845, #2032 ) ;
#346 = CARTESIAN_POINT ( 'NONE',  ( 6.000000000000000000, 2.326828918379972351E-16, 0.000000000000000000 ) ) ;
#347 =( NAMED_UNIT ( * ) PLANE_ANGLE_UNIT ( ) SI_UNIT ( $, .RADIAN. ) );
#348 =( NAMED_UNIT ( * ) SI_UNIT ( $, .STERADIAN. ) SOLID_ANGLE_UNIT ( ) );
#349 = CARTESIAN_POINT ( 'NONE',  ( 1.347043950347265318, 0.000000000000000000, 0.000000000000000000 ) ) ;
#350 = FILL_AREA_STYLE ('',( #8954 ) ) ;
#351 = PRESENTATION_LAYER_ASSIGNMENT (  '', '', ( #6512 ) ) ;
#352 = VERTEX_POINT ( 'NONE', #3651 ) ;
#353 = COLOUR_RGB ( '',0.7764705882352941346, 0.7568627450980391913, 0.7372549019607843590 ) ;
#354 = UNCERTAINTY_MEASURE_WITH_UNIT (LENGTH_MEASURE( 1.000000000000000082E-05 ), #3174, 'distance_accuracy_value', 'NONE');
#355 = DIRECTION ( 'NONE',  ( -0.1108510534444137469, 2.096348086633972484E-17, 0.9938370308809506559 ) ) ;
#356 = ORIENTED_EDGE ( 'NONE', *, *, #193, .F. ) ;
#357 = ORIENTED_EDGE ( 'NONE', *, *, #4554, .F. ) ;
#358 = FILL_AREA_STYLE_COLOUR ( '', #3759 ) ;
#359 = AXIS2_PLACEMENT_3D ( 'NONE', #1208, #9305, #7588 ) ;
#360 =( NAMED_UNIT ( * ) PLANE_ANGLE_UNIT ( ) SI_UNIT ( $, .RADIAN. ) );
#361 = CIRCLE ( 'NONE', #1518, 5.995482475482740270 ) ;
#362 = DIRECTION ( 'NONE',  ( 0.9938370308809506559, 0.000000000000000000, 0.1108510534444137469 ) ) ;
#363 = DIRECTION ( 'NONE',  ( 0.7431005017819711789, -0.6640269868487613802, -0.08288428673721992546 ) ) ;
#364 = CARTESIAN_POINT ( 'NONE',  ( 1.949999999999999956, 0.2175000000000001377, 0.2174999999999999711 ) ) ;
#365 = DIRECTION ( 'NONE',  ( -0.1108510534444136914, 0.9938370308809506559, 3.595744332370143179E-15 ) ) ;
#366 = ADVANCED_FACE ( 'NONE', ( #2805, #2636 ), #5051, .F. ) ;
#367 =( NAMED_UNIT ( * ) SI_UNIT ( $, .STERADIAN. ) SOLID_ANGLE_UNIT ( ) );
#368 = VECTOR ( 'NONE', #9755, 1000.000000000000000 ) ;
#369 = COLOUR_RGB ( '',0.7764705882352941346, 0.7568627450980391913, 0.7372549019607843590 ) ;
#370 = ORIENTED_EDGE ( 'NONE', *, *, #6003, .T. ) ;
#371 = FILL_AREA_STYLE_COLOUR ( '', #9193 ) ;
#372 = CARTESIAN_POINT ( 'NONE',  ( 2.599999999999998312, 2.143131898507868051E-16, -1.749999999999999778 ) ) ;
#373 = CARTESIAN_POINT ( 'NONE',  ( 4.309938594911940868, -6.606512545546451519E-15, 1.891316923914901693 ) ) ;
#374 = STYLED_ITEM ( 'NONE', ( #3608 ), #7912 ) ;
#375 = AXIS2_PLACEMENT_3D ( 'NONE', #4580, #502, #7744 ) ;
#376 = EDGE_CURVE ( 'NONE', #8890, #1386, #6826, .T. ) ;
#377 = ADVANCED_FACE ( 'NONE', ( #527 ), #3065, .T. ) ;
#378 = ORIENTED_EDGE ( 'NONE', *, *, #8513, .F. ) ;
#379 = MECHANICAL_DESIGN_GEOMETRIC_PRESENTATION_REPRESENTATION (  '', ( #4877 ), #7062 ) ;
#380 = DIRECTION ( 'NONE',  ( 0.000000000000000000, -1.246209393661499619E-16, 1.000000000000000000 ) ) ;
#381 = PRESENTATION_STYLE_ASSIGNMENT (( #5118 ) ) ;
#382 = ORIENTED_EDGE ( 'NONE', *, *, #8857, .T. ) ;
#383 = AXIS2_PLACEMENT_3D ( 'NONE', #9448, #5422, #3774 ) ;
#384 = MECHANICAL_DESIGN_GEOMETRIC_PRESENTATION_REPRESENTATION (  '', ( #7711 ), #9397 ) ;
#385 = DIRECTION ( 'NONE',  ( 0.6663196743247735698, 2.696405268330496621E-15, -0.7456662065614397816 ) ) ;
#386 = VECTOR ( 'NONE', #1116, 1000.000000000000000 ) ;
#387 = EDGE_LOOP ( 'NONE', ( #994, #10248, #6582, #3095 ) ) ;
#388 = CARTESIAN_POINT ( 'NONE',  ( 2.214116351126373949, -0.1880408685282127235, 0.1880408685282120573 ) ) ;
#389 = STYLED_ITEM ( 'NONE', ( #7335 ), #8016 ) ;
#390 = COLOUR_RGB ( '',0.7764705882352941346, 0.7568627450980391913, 0.7372549019607843590 ) ;
#391 = DIRECTION ( 'NONE',  ( 0.000000000000000000, 0.000000000000000000, 1.000000000000000000 ) ) ;
#392 = CARTESIAN_POINT ( 'NONE',  ( -25.39999999999996305, 2.143131898507868051E-16, -1.749999999999999778 ) ) ;
#393 = EDGE_CURVE ( 'NONE', #9410, #8557, #3920, .T. ) ;
#394 = FILL_AREA_STYLE_COLOUR ( '', #10169 ) ;
#395 = ORIENTED_EDGE ( 'NONE', *, *, #8115, .T. ) ;
#396 = VERTEX_POINT ( 'NONE', #6906 ) ;
#397 = AXIS2_PLACEMENT_3D ( 'NONE', #1810, #8177, #1023 ) ;
#398 = PRESENTATION_LAYER_ASSIGNMENT (  '', '', ( #9715 ) ) ;
#399 = MECHANICAL_DESIGN_GEOMETRIC_PRESENTATION_REPRESENTATION (  '', ( #2545 ), #4251 ) ;
#400 = CARTESIAN_POINT ( 'NONE',  ( 2.193400286944045430, 0.1903515064562410486, 2.309278636184420884E-16 ) ) ;
#401 = DIRECTION ( 'NONE',  ( 0.000000000000000000, 0.000000000000000000, 1.000000000000000000 ) ) ;
#402 = DIRECTION ( 'NONE',  ( 0.9938370308809507669, -0.1108510534444137746, 0.000000000000000000 ) ) ;
#403 = CARTESIAN_POINT ( 'NONE',  ( 0.9968214519863044520, 0.000000000000000000, 3.311827956989247479 ) ) ;
#404 = CARTESIAN_POINT ( 'NONE',  ( 2.193400286944045430, -0.1903515064562409931, -2.309278636184418912E-16 ) ) ;
#405 = DIRECTION ( 'NONE',  ( -1.000000000000000000, -0.000000000000000000, -0.000000000000000000 ) ) ;
#406 = SURFACE_STYLE_USAGE ( .BOTH. , #7558 ) ;
#407 = CARTESIAN_POINT ( 'NONE',  ( 0.2666411873824114376, 0.4052592521765713274, 1.721732169736487794 ) ) ;
#408 = CARTESIAN_POINT ( 'NONE',  ( 1.949999999999999956, -0.2175000000000000266, -0.2174999999999999989 ) ) ;
#409 = ADVANCED_FACE ( 'NONE', ( #633 ), #6057, .F. ) ;
#410 = PRESENTATION_STYLE_ASSIGNMENT (( #5142 ) ) ;
#411 = VECTOR ( 'NONE', #3141, 1000.000000000000000 ) ;
#412 = PRESENTATION_LAYER_ASSIGNMENT (  '', '', ( #7739 ) ) ;
#413 = COLOUR_RGB ( '',0.7764705882352941346, 0.7568627450980391913, 0.7372549019607843590 ) ;
#414 = ORIENTED_EDGE ( 'NONE', *, *, #5099, .T. ) ;
#415 = ORIENTED_EDGE ( 'NONE', *, *, #10110, .T. ) ;
#416 = ORIENTED_EDGE ( 'NONE', *, *, #9277, .T. ) ;
#417 = FACE_OUTER_BOUND ( 'NONE', #9219, .T. ) ;
#418 =( NAMED_UNIT ( * ) SI_UNIT ( $, .STERADIAN. ) SOLID_ANGLE_UNIT ( ) );
#419 =( NAMED_UNIT ( * ) SI_UNIT ( $, .STERADIAN. ) SOLID_ANGLE_UNIT ( ) );
#420 = MECHANICAL_DESIGN_GEOMETRIC_PRESENTATION_REPRESENTATION (  '', ( #7916 ), #8243 ) ;
#421 = CIRCLE ( 'NONE', #7740, 5.437518987584765817 ) ;
#422 =( NAMED_UNIT ( * ) PLANE_ANGLE_UNIT ( ) SI_UNIT ( $, .RADIAN. ) );
#423 =( NAMED_UNIT ( * ) PLANE_ANGLE_UNIT ( ) SI_UNIT ( $, .RADIAN. ) );
#424 = LINE ( 'NONE', #2759, #9332 ) ;
#425 = APPLICATION_PROTOCOL_DEFINITION ( 'draft international standard', 'automotive_design', 1998, #1045 ) ;
#426 = AXIS2_PLACEMENT_3D ( 'NONE', #346, #513, #7506 ) ;
#427 =( GEOMETRIC_REPRESENTATION_CONTEXT ( 3 ) GLOBAL_UNCERTAINTY_ASSIGNED_CONTEXT ( ( #8092 ) ) GLOBAL_UNIT_ASSIGNED_CONTEXT ( ( #6656, #6543, #7333 ) ) REPRESENTATION_CONTEXT ( 'NONE', 'WORKASPACE' ) );
#428 = ORIENTED_EDGE ( 'NONE', *, *, #1872, .T. ) ;
#429 = CARTESIAN_POINT ( 'NONE',  ( -25.39999999999996305, 0.000000000000000000, 1.749999999999999778 ) ) ;
#430 = FACE_OUTER_BOUND ( 'NONE', #8265, .T. ) ;
#431 = VERTEX_POINT ( 'NONE', #4605 ) ;
#432 =( NAMED_UNIT ( * ) PLANE_ANGLE_UNIT ( ) SI_UNIT ( $, .RADIAN. ) );
#433 = COLOUR_RGB ( '',0.7764705882352941346, 0.7568627450980391913, 0.7372549019607843590 ) ;
#434 = SURFACE_STYLE_USAGE ( .BOTH. , #2820 ) ;
#435 = EDGE_LOOP ( 'NONE', ( #2396, #4166, #9209, #4107 ) ) ;
#436 =( LENGTH_UNIT ( ) NAMED_UNIT ( * ) SI_UNIT ( .MILLI., .METRE. ) );
#437 = ORIENTED_EDGE ( 'NONE', *, *, #3782, .F. ) ;
#438 = EDGE_CURVE ( 'NONE', #627, #5010, #4659, .T. ) ;
#439 = FACE_OUTER_BOUND ( 'NONE', #3006, .T. ) ;
#440 = EDGE_CURVE ( 'NONE', #3616, #8206, #5468, .T. ) ;
#441 = DIRECTION ( 'NONE',  ( -0.1108510534444136914, 1.257808851980383614E-16, -0.9938370308809506559 ) ) ;
#442 = ORIENTED_EDGE ( 'NONE', *, *, #9054, .T. ) ;
#443 = FILL_AREA_STYLE_COLOUR ( '', #6948 ) ;
#444 = VECTOR ( 'NONE', #10281, 1000.000000000000000 ) ;
#445 = DIRECTION ( 'NONE',  ( -0.1108510534444136914, 1.257808851980383614E-16, -0.9938370308809506559 ) ) ;
#446 = LINE ( 'NONE', #392, #3913 ) ;
#447 =( NAMED_UNIT ( * ) PLANE_ANGLE_UNIT ( ) SI_UNIT ( $, .RADIAN. ) );
#448 =( NAMED_UNIT ( * ) SI_UNIT ( $, .STERADIAN. ) SOLID_ANGLE_UNIT ( ) );
#449 = UNCERTAINTY_MEASURE_WITH_UNIT (LENGTH_MEASURE( 1.000000000000000082E-05 ), #1105, 'distance_accuracy_value', 'NONE');
#450 = DIRECTION ( 'NONE',  ( 0.000000000000000000, 0.000000000000000000, 1.000000000000000000 ) ) ;
#451 = ORIENTED_EDGE ( 'NONE', *, *, #1531, .T. ) ;
#452 = COLOUR_RGB ( '',0.7764705882352941346, 0.7568627450980391913, 0.7372549019607843590 ) ;
#453 = EDGE_CURVE ( 'NONE', #328, #1677, #8972, .T. ) ;
#454 =( NAMED_UNIT ( * ) SI_UNIT ( $, .STERADIAN. ) SOLID_ANGLE_UNIT ( ) );
#455 = DIRECTION ( 'NONE',  ( 0.9938370308809507669, -0.1108510534444137746, 0.000000000000000000 ) ) ;
#456 = PLANE ( 'NONE',  #4603 ) ;
#457 = CARTESIAN_POINT ( 'NONE',  ( 6.000000000000000000, 2.326828918379972351E-16, 0.000000000000000000 ) ) ;
#458 = PRESENTATION_LAYER_ASSIGNMENT (  '', '', ( #3969 ) ) ;
#459 = ORIENTED_EDGE ( 'NONE', *, *, #3451, .F. ) ;
#460 = FILL_AREA_STYLE ('',( #4542 ) ) ;
#461 = UNCERTAINTY_MEASURE_WITH_UNIT (LENGTH_MEASURE( 1.000000000000000082E-05 ), #1921, 'distance_accuracy_value', 'NONE');
#462 =( NAMED_UNIT ( * ) SI_UNIT ( $, .STERADIAN. ) SOLID_ANGLE_UNIT ( ) );
#463 = ORIENTED_EDGE ( 'NONE', *, *, #932, .F. ) ;
#464 = ORIENTED_EDGE ( 'NONE', *, *, #5464, .T. ) ;
#465 = ADVANCED_FACE ( 'NONE', ( #1749 ), #8800, .T. ) ;
#466 = SPHERICAL_SURFACE ( 'NONE', #9734, 6.000000000000000000 ) ;
#467 = EDGE_LOOP ( 'NONE', ( #5509, #3309, #4621, #4714 ) ) ;
#468 = DIRECTION ( 'NONE',  ( 0.6663196743247735698, 2.696405268330496621E-15, -0.7456662065614397816 ) ) ;
#469 =( NAMED_UNIT ( * ) SI_UNIT ( $, .STERADIAN. ) SOLID_ANGLE_UNIT ( ) );
#470 = LINE ( 'NONE', #3867, #1101 ) ;
#471 = CARTESIAN_POINT ( 'NONE',  ( 1.949999999999999956, 0.2175000000000007483, -0.2174999999999992772 ) ) ;
#472 =( NAMED_UNIT ( * ) PLANE_ANGLE_UNIT ( ) SI_UNIT ( $, .RADIAN. ) );
#473 = SURFACE_SIDE_STYLE ('',( #6799 ) ) ;
#474 = DIRECTION ( 'NONE',  ( -1.000000000000000000, -0.000000000000000000, -0.000000000000000000 ) ) ;
#475 =( GEOMETRIC_REPRESENTATION_CONTEXT ( 3 ) GLOBAL_UNCERTAINTY_ASSIGNED_CONTEXT ( ( #1498 ) ) GLOBAL_UNIT_ASSIGNED_CONTEXT ( ( #5441, #10199, #2143 ) ) REPRESENTATION_CONTEXT ( 'NONE', 'WORKASPACE' ) );
#476 = EDGE_LOOP ( 'NONE', ( #1625, #8795, #3780, #1264, #357 ) ) ;
#477 = EDGE_CURVE ( 'NONE', #9517, #8528, #2296, .T. ) ;
#478 = DIRECTION ( 'NONE',  ( 0.000000000000000000, 0.000000000000000000, -1.000000000000000000 ) ) ;
#479 = CARTESIAN_POINT ( 'NONE',  ( 2.600000000000000089, 1.749999999999999778, 0.000000000000000000 ) ) ;
#480 = CIRCLE ( 'NONE', #6138, 1.749999999999999778 ) ;
#481 = ORIENTED_EDGE ( 'NONE', *, *, #5953, .F. ) ;
#482 = CARTESIAN_POINT ( 'NONE',  ( 4.309938594911940868, 1.891316923914901471, 2.356976916973721757E-16 ) ) ;
#483 = AXIS2_PLACEMENT_3D ( 'NONE', #1203, #9089, #312 ) ;
#484 = AXIS2_PLACEMENT_3D ( 'NONE', #7167, #2254, #7130 ) ;
#485 = CARTESIAN_POINT ( 'NONE',  ( 2.214116351126373949, 0.1880408685282127790, -0.1880408685282121406 ) ) ;
#486 =( NAMED_UNIT ( * ) PLANE_ANGLE_UNIT ( ) SI_UNIT ( $, .RADIAN. ) );
#487 =( LENGTH_UNIT ( ) NAMED_UNIT ( * ) SI_UNIT ( .MILLI., .METRE. ) );
#488 = FACE_OUTER_BOUND ( 'NONE', #1136, .T. ) ;
#489 = ORIENTED_EDGE ( 'NONE', *, *, #8311, .F. ) ;
#490 = CARTESIAN_POINT ( 'NONE',  ( 27.60000000000000142, 2.143131898507868051E-16, -1.749999999999999778 ) ) ;
#491 = COLOUR_RGB ( '',0.7764705882352941346, 0.7568627450980391913, 0.7372549019607843590 ) ;
#492 = SURFACE_STYLE_FILL_AREA ( #9981 ) ;
#493 = VECTOR ( 'NONE', #1789, 1000.000000000000000 ) ;
#494 = ORIENTED_EDGE ( 'NONE', *, *, #3165, .F. ) ;
#495 = SURFACE_STYLE_USAGE ( .BOTH. , #2031 ) ;
#496 = MECHANICAL_DESIGN_GEOMETRIC_PRESENTATION_REPRESENTATION (  '', ( #1482 ), #7654 ) ;
#497 = ORIENTED_EDGE ( 'NONE', *, *, #1017, .T. ) ;
#498 = COLOUR_RGB ( '',0.7764705882352941346, 0.7568627450980391913, 0.7372549019607843590 ) ;
#499 =( NAMED_UNIT ( * ) PLANE_ANGLE_UNIT ( ) SI_UNIT ( $, .RADIAN. ) );
#500 = COLOUR_RGB ( '',0.7764705882352941346, 0.7568627450980391913, 0.7372549019607843590 ) ;
#501 = DIRECTION ( 'NONE',  ( -1.000000000000000000, -0.000000000000000000, -0.000000000000000000 ) ) ;
#502 = DIRECTION ( 'NONE',  ( -0.000000000000000000, 1.000000000000000000, 1.224646799147353207E-16 ) ) ;
#503 = FILL_AREA_STYLE_COLOUR ( '', #4355 ) ;
#504 = EDGE_CURVE ( 'NONE', #2692, #8109, #5717, .T. ) ;
#505 = AXIS2_PLACEMENT_3D ( 'NONE', #3887, #7071, #10244 ) ;
#506 = FILL_AREA_STYLE_COLOUR ( '', #8380 ) ;
#507 = ORIENTED_EDGE ( 'NONE', *, *, #2104, .F. ) ;
#508 = DIRECTION ( 'NONE',  ( 0.7431005017819711789, 0.08288428673722224305, -0.6640269868487610472 ) ) ;
#509 = VECTOR ( 'NONE', #3916, 1000.000000000000000 ) ;
#510 = DIRECTION ( 'NONE',  ( -1.000000000000000000, -0.000000000000000000, -0.000000000000000000 ) ) ;
#511 = LINE ( 'NONE', #1392, #5381 ) ;
#512 = DIRECTION ( 'NONE',  ( 1.000000000000000000, 0.000000000000000000, 0.000000000000000000 ) ) ;
#513 = DIRECTION ( 'NONE',  ( 0.000000000000000000, 1.224646799147353207E-16, -1.000000000000000000 ) ) ;
#514 = AXIS2_PLACEMENT_3D ( 'NONE', #5395, #3801, #1575 ) ;
#515 = SURFACE_SIDE_STYLE ('',( #3055 ) ) ;
#516 = ORIENTED_EDGE ( 'NONE', *, *, #1728, .F. ) ;
#517 = FACE_OUTER_BOUND ( 'NONE', #6639, .T. ) ;
#518 = CARTESIAN_POINT ( 'NONE',  ( 0.000000000000000000, 0.4349999999999932254, 1.960000000000001741 ) ) ;
#519 = EDGE_CURVE ( 'NONE', #7047, #7267, #8129, .T. ) ;
#520 = MECHANICAL_DESIGN_GEOMETRIC_PRESENTATION_REPRESENTATION (  '', ( #9348 ), #4522 ) ;
#521 = ORIENTED_EDGE ( 'NONE', *, *, #10045, .T. ) ;
#522 = DIRECTION ( 'NONE',  ( 0.000000000000000000, 0.000000000000000000, 1.000000000000000000 ) ) ;
#523 = CIRCLE ( 'NONE', #2839, 1.749999999999999778 ) ;
#524 = FILL_AREA_STYLE ('',( #6746 ) ) ;
#525 = ORIENTED_EDGE ( 'NONE', *, *, #1738, .F. ) ;
#526 = SURFACE_STYLE_USAGE ( .BOTH. , #2862 ) ;
#527 = FACE_OUTER_BOUND ( 'NONE', #9001, .T. ) ;
#528 = DIRECTION ( 'NONE',  ( -0.1108510534444136914, 0.9938370308809506559, 3.595744332370143179E-15 ) ) ;
#529 = DIRECTION ( 'NONE',  ( 0.7456662065614396706, 0.6663196743247736809, 0.000000000000000000 ) ) ;
#530 = MECHANICAL_DESIGN_GEOMETRIC_PRESENTATION_REPRESENTATION (  '', ( #6022 ), #6503 ) ;
#531 = VECTOR ( 'NONE', #2730, 1000.000000000000000 ) ;
#532 = ADVANCED_FACE ( 'NONE', ( #5600 ), #775, .T. ) ;
#533 = STYLED_ITEM ( 'NONE', ( #7291 ), #1822 ) ;
#534 = EDGE_LOOP ( 'NONE', ( #1726, #2632 ) ) ;
#535 = EDGE_LOOP ( 'NONE', ( #9663, #5647, #5758 ) ) ;
#536 =( GEOMETRIC_REPRESENTATION_CONTEXT ( 3 ) GLOBAL_UNCERTAINTY_ASSIGNED_CONTEXT ( ( #8638 ) ) GLOBAL_UNIT_ASSIGNED_CONTEXT ( ( #3183, #8352, #2598 ) ) REPRESENTATION_CONTEXT ( 'NONE', 'WORKASPACE' ) );
#537 =( NAMED_UNIT ( * ) SI_UNIT ( $, .STERADIAN. ) SOLID_ANGLE_UNIT ( ) );
#538 =( NAMED_UNIT ( * ) PLANE_ANGLE_UNIT ( ) SI_UNIT ( $, .RADIAN. ) );
#539 =( NAMED_UNIT ( * ) PLANE_ANGLE_UNIT ( ) SI_UNIT ( $, .RADIAN. ) );
#540 = FILL_AREA_STYLE ('',( #1303 ) ) ;
#541 = APPLICATION_CONTEXT ( 'automotive_design' ) ;
#542 = CARTESIAN_POINT ( 'NONE',  ( 2.193400286944045430, -4.336808689942017736E-16, -0.1903515064562410486 ) ) ;
#543 =( NAMED_UNIT ( * ) PLANE_ANGLE_UNIT ( ) SI_UNIT ( $, .RADIAN. ) );
#544 =( LENGTH_UNIT ( ) NAMED_UNIT ( * ) SI_UNIT ( .MILLI., .METRE. ) );
#545 = FILL_AREA_STYLE ('',( #2130 ) ) ;
#546 = AXIS2_PLACEMENT_3D ( 'NONE', #7002, #1496, #5423 ) ;
#547 = STYLED_ITEM ( 'NONE', ( #9670 ), #9184 ) ;
#548 = CARTESIAN_POINT ( 'NONE',  ( 1.949999999999999956, 0.2174999999999999989, -0.2174999999999999711 ) ) ;
#549 = EDGE_CURVE ( 'NONE', #2607, #1108, #4840, .T. ) ;
#550 = ORIENTED_EDGE ( 'NONE', *, *, #583, .T. ) ;
#551 = EDGE_LOOP ( 'NONE', ( #5443, #6273, #5059 ) ) ;
#552 = COLOUR_RGB ( '',0.7764705882352941346, 0.7568627450980391913, 0.7372549019607843590 ) ;
#553 = AXIS2_PLACEMENT_3D ( 'NONE', #1892, #1748, #9055 ) ;
#554 =( NAMED_UNIT ( * ) PLANE_ANGLE_UNIT ( ) SI_UNIT ( $, .RADIAN. ) );
#555 = EDGE_LOOP ( 'NONE', ( #5327, #6144, #2827, #1347, #877, #4752, #8447, #8116, #7835, #9269, #6229 ) ) ;
#556 = CARTESIAN_POINT ( 'NONE',  ( 1.949999999999999956, 0.2174999999999999989, 0.2174999999999999711 ) ) ;
#557 = CARTESIAN_POINT ( 'NONE',  ( 0.000000000000000000, -0.4350000000000069367, 1.959999999999998188 ) ) ;
#558 =( LENGTH_UNIT ( ) NAMED_UNIT ( * ) SI_UNIT ( .MILLI., .METRE. ) );
#559 =( LENGTH_UNIT ( ) NAMED_UNIT ( * ) SI_UNIT ( .MILLI., .METRE. ) );
#560 = TOROIDAL_SURFACE ( 'NONE', #5377, 3.080000000000000515, 0.4200000000000000400 ) ;
#561 = MECHANICAL_DESIGN_GEOMETRIC_PRESENTATION_REPRESENTATION (  '', ( #8884 ), #6901 ) ;
#562 = VECTOR ( 'NONE', #9299, 1000.000000000000000 ) ;
#563 = ORIENTED_EDGE ( 'NONE', *, *, #5690, .F. ) ;
#564 = DIRECTION ( 'NONE',  ( 0.000000000000000000, 1.000000000000000000, 0.000000000000000000 ) ) ;
#565 = FACE_OUTER_BOUND ( 'NONE', #10334, .T. ) ;
#566 = SURFACE_SIDE_STYLE ('',( #8481 ) ) ;
#567 = SURFACE_STYLE_USAGE ( .BOTH. , #4435 ) ;
#568 = CARTESIAN_POINT ( 'NONE',  ( 1.949999999999999956, -0.2175000000000000266, -0.2174999999999999989 ) ) ;
#569 = PLANE ( 'NONE',  #233 ) ;
#570 = CARTESIAN_POINT ( 'NONE',  ( 2.214116351126373505, 0.1880408685282115300, 0.1880408685282121406 ) ) ;
#571 = MECHANICAL_DESIGN_GEOMETRIC_PRESENTATION_REPRESENTATION (  '', ( #880 ), #74 ) ;
#572 = ORIENTED_EDGE ( 'NONE', *, *, #5528, .T. ) ;
#573 = FILL_AREA_STYLE ('',( #9334 ) ) ;
#574 = STYLED_ITEM ( 'NONE', ( #8386 ), #7991 ) ;
#575 = UNCERTAINTY_MEASURE_WITH_UNIT (LENGTH_MEASURE( 1.000000000000000082E-05 ), #10326, 'distance_accuracy_value', 'NONE');
#576 = AXIS2_PLACEMENT_3D ( 'NONE', #2635, #7459, #197 ) ;
#577 = EDGE_LOOP ( 'NONE', ( #8168, #9987, #4913, #3888 ) ) ;
#578 = VECTOR ( 'NONE', #57, 1000.000000000000000 ) ;
#579 = PRODUCT_DEFINITION_CONTEXT ( 'detailed design', #9276, 'design' ) ;
#580 = ORIENTED_EDGE ( 'NONE', *, *, #1672, .T. ) ;
#581 = ORIENTED_EDGE ( 'NONE', *, *, #6179, .T. ) ;
#582 = EDGE_CURVE ( 'NONE', #3978, #892, #306, .T. ) ;
#583 = EDGE_CURVE ( 'NONE', #9994, #2236, #3313, .T. ) ;
#584 = AXIS2_PLACEMENT_3D ( 'NONE', #7001, #2231, #5313 ) ;
#585 = AXIS2_PLACEMENT_3D ( 'NONE', #7478, #8250, #8135 ) ;
#586 = AXIS2_PLACEMENT_3D ( 'NONE', #2802, #1951, #2112 ) ;
#587 = CARTESIAN_POINT ( 'NONE',  ( -25.39999999999996305, 0.000000000000000000, 0.000000000000000000 ) ) ;
#588 = DIRECTION ( 'NONE',  ( -0.1108510534444137469, 2.096348086633972484E-17, 0.9938370308809506559 ) ) ;
#589 = LINE ( 'NONE', #2612, #4079 ) ;
#590 = FILL_AREA_STYLE_COLOUR ( '', #7163 ) ;
#591 = SHAPE_DEFINITION_REPRESENTATION ( #103, #3049 ) ;
#592 = UNCERTAINTY_MEASURE_WITH_UNIT (LENGTH_MEASURE( 1.000000000000000082E-05 ), #9550, 'distance_accuracy_value', 'NONE');
#593 = AXIS2_PLACEMENT_3D ( 'NONE', #10063, #9329, #2160 ) ;
#594 = ORIENTED_EDGE ( 'NONE', *, *, #8552, .F. ) ;
#595 = COLOUR_RGB ( '',0.7921568627450980005, 0.8196078431372548767, 0.9333333333333333481 ) ;
#596 = DIRECTION ( 'NONE',  ( -0.1108510534444136914, 1.257808851980383614E-16, -0.9938370308809506559 ) ) ;
#597 =( NAMED_UNIT ( * ) SI_UNIT ( $, .STERADIAN. ) SOLID_ANGLE_UNIT ( ) );
#598 = FILL_AREA_STYLE ('',( #7724 ) ) ;
#599 = EDGE_CURVE ( 'NONE', #8585, #5086, #7485, .T. ) ;
#600 = SURFACE_STYLE_FILL_AREA ( #6225 ) ;
#601 =( NAMED_UNIT ( * ) SI_UNIT ( $, .STERADIAN. ) SOLID_ANGLE_UNIT ( ) );
#602 = FILL_AREA_STYLE_COLOUR ( '', #3605 ) ;
#603 = COLOUR_RGB ( '',0.7764705882352941346, 0.7568627450980391913, 0.7372549019607843590 ) ;
#604 = DIRECTION ( 'NONE',  ( 0.9938370308809507669, -0.1108510534444137746, 0.000000000000000000 ) ) ;
#605 = AXIS2_PLACEMENT_3D ( 'NONE', #5402, #2049, #8545 ) ;
#606 = ORIENTED_EDGE ( 'NONE', *, *, #3934, .T. ) ;
#607 = CARTESIAN_POINT ( 'NONE',  ( 10.60000000000000142, 2.143131898507868051E-16, -1.749999999999999778 ) ) ;
#608 = FILL_AREA_STYLE ('',( #4520 ) ) ;
#609 = ORIENTED_EDGE ( 'NONE', *, *, #4085, .F. ) ;
#610 = STYLED_ITEM ( 'NONE', ( #2668 ), #3325 ) ;
#611 = FILL_AREA_STYLE ('',( #3796 ) ) ;
#612 = EDGE_CURVE ( 'NONE', #2495, #4917, #9951, .T. ) ;
#613 =( LENGTH_UNIT ( ) NAMED_UNIT ( * ) SI_UNIT ( .MILLI., .METRE. ) );
#614 = DIRECTION ( 'NONE',  ( -0.1108510534444137469, -0.9938370308809506559, -3.448999966305766196E-15 ) ) ;
#615 = FILL_AREA_STYLE_COLOUR ( '', #4846 ) ;
#616 = STYLED_ITEM ( 'NONE', ( #8240 ), #3519 ) ;
#617 = PRESENTATION_STYLE_ASSIGNMENT (( #4629 ) ) ;
#618 = VERTEX_POINT ( 'NONE', #403 ) ;
#619 = EDGE_CURVE ( 'NONE', #9747, #2218, #4230, .T. ) ;
#620 = AXIS2_PLACEMENT_3D ( 'NONE', #6500, #4991, #8163 ) ;
#621 = CARTESIAN_POINT ( 'NONE',  ( 0.2666411873824114376, -1.721732169736485796, 0.4052592521765768785 ) ) ;
#622 = DIRECTION ( 'NONE',  ( -1.000000000000000000, -0.000000000000000000, -0.000000000000000000 ) ) ;
#623 =( NAMED_UNIT ( * ) PLANE_ANGLE_UNIT ( ) SI_UNIT ( $, .RADIAN. ) );
#624 = DIRECTION ( 'NONE',  ( 0.9938370308809507669, -0.1108510534444137746, 0.000000000000000000 ) ) ;
#625 =( NAMED_UNIT ( * ) PLANE_ANGLE_UNIT ( ) SI_UNIT ( $, .RADIAN. ) );
#626 = SURFACE_STYLE_USAGE ( .BOTH. , #5249 ) ;
#627 = VERTEX_POINT ( 'NONE', #7556 ) ;
#628 = DIRECTION ( 'NONE',  ( -0.1108510534444137469, -0.9938370308809506559, -3.448999966305766196E-15 ) ) ;
#629 = COLOUR_RGB ( '',0.7764705882352941346, 0.7568627450980391913, 0.7372549019607843590 ) ;
#630 = VERTEX_POINT ( 'NONE', #3594 ) ;
#631 = EDGE_LOOP ( 'NONE', ( #8903, #4223, #7660 ) ) ;
#632 = EDGE_LOOP ( 'NONE', ( #1406, #1178, #4073 ) ) ;
#633 = FACE_OUTER_BOUND ( 'NONE', #7288, .T. ) ;
#634 =( NAMED_UNIT ( * ) PLANE_ANGLE_UNIT ( ) SI_UNIT ( $, .RADIAN. ) );
#635 = CARTESIAN_POINT ( 'NONE',  ( 0.9968214519863044520, 0.000000000000000000, 0.000000000000000000 ) ) ;
#636 = DIRECTION ( 'NONE',  ( -0.9877866216249070463, -0.1101762001043161271, -0.1101762001043165851 ) ) ;
#637 =( GEOMETRIC_REPRESENTATION_CONTEXT ( 3 ) GLOBAL_UNCERTAINTY_ASSIGNED_CONTEXT ( ( #8495 ) ) GLOBAL_UNIT_ASSIGNED_CONTEXT ( ( #5578, #5300, #3698 ) ) REPRESENTATION_CONTEXT ( 'NONE', 'WORKASPACE' ) );
#638 = FILL_AREA_STYLE ('',( #7106 ) ) ;
#639 = DIRECTION ( 'NONE',  ( -0.7456662065614396706, 0.6663196743247736809, 0.000000000000000000 ) ) ;
#640 = CARTESIAN_POINT ( 'NONE',  ( 5.974195292295553905, 0.2313525518329656860, 8.370432990360215258E-16 ) ) ;
#641 = APPLICATION_PROTOCOL_DEFINITION ( 'draft international standard', 'automotive_design', 1998, #9595 ) ;
#642 = ORIENTED_EDGE ( 'NONE', *, *, #3165, .T. ) ;
#643 = SURFACE_SIDE_STYLE ('',( #5376 ) ) ;
#644 = SURFACE_STYLE_FILL_AREA ( #783 ) ;
#645 = SURFACE_STYLE_USAGE ( .BOTH. , #6860 ) ;
#646 =( NAMED_UNIT ( * ) PLANE_ANGLE_UNIT ( ) SI_UNIT ( $, .RADIAN. ) );
#647 = SURFACE_SIDE_STYLE ('',( #9460 ) ) ;
#648 = ORIENTED_EDGE ( 'NONE', *, *, #4160, .T. ) ;
#649 = PRESENTATION_STYLE_ASSIGNMENT (( #6810 ) ) ;
#650 = ORIENTED_EDGE ( 'NONE', *, *, #3918, .T. ) ;
#651 = SURFACE_STYLE_USAGE ( .BOTH. , #7789 ) ;
#652 = EDGE_CURVE ( 'NONE', #892, #1591, #4280, .T. ) ;
#653 = EDGE_LOOP ( 'NONE', ( #4362, #4569, #1500, #8336, #7207, #8281, #9289, #1287, #2018, #8823, #3942 ) ) ;
#654 = VECTOR ( 'NONE', #1927, 1000.000000000000114 ) ;
#655 = CARTESIAN_POINT ( 'NONE',  ( 0.000000000000000000, -0.4350000000000069367, 1.959999999999998188 ) ) ;
#656 = PRESENTATION_LAYER_ASSIGNMENT (  '', '', ( #4496 ) ) ;
#657 = CARTESIAN_POINT ( 'NONE',  ( 2.214116351126373949, -0.1880408685282127235, 0.1880408685282120573 ) ) ;
#658 = CARTESIAN_POINT ( 'NONE',  ( 5.974195292295553905, -0.2313525518329657138, -8.028830871489587498E-16 ) ) ;
#659 =( NAMED_UNIT ( * ) PLANE_ANGLE_UNIT ( ) SI_UNIT ( $, .RADIAN. ) );
#660 = SURFACE_STYLE_USAGE ( .BOTH. , #10149 ) ;
#661 = AXIS2_PLACEMENT_3D ( 'NONE', #344, #3538, #4987 ) ;
#662 = CARTESIAN_POINT ( 'NONE',  ( 1.949999999999999956, 0.2175000000000007205, -0.2174999999999992772 ) ) ;
#663 = EDGE_CURVE ( 'NONE', #8553, #8635, #8806, .T. ) ;
#664 = DIRECTION ( 'NONE',  ( 0.7431005017819711789, -0.6640269868487613802, 0.08288428673721989770 ) ) ;
#665 = AXIS2_PLACEMENT_3D ( 'NONE', #10099, #2938, #9307 ) ;
#666 = VERTEX_POINT ( 'NONE', #186 ) ;
#667 = STYLED_ITEM ( 'NONE', ( #6522 ), #4678 ) ;
#668 = MECHANICAL_DESIGN_GEOMETRIC_PRESENTATION_REPRESENTATION (  '', ( #2812 ), #5819 ) ;
#669 = DIRECTION ( 'NONE',  ( 0.6663196743247736809, -0.7456662065614397816, -9.292562311528023527E-17 ) ) ;
#670 = DIRECTION ( 'NONE',  ( -0.000000000000000000, 0.000000000000000000, -1.000000000000000000 ) ) ;
#671 =( NAMED_UNIT ( * ) SI_UNIT ( $, .STERADIAN. ) SOLID_ANGLE_UNIT ( ) );
#672 = PRESENTATION_LAYER_ASSIGNMENT (  '', '', ( #1482 ) ) ;
#673 = VECTOR ( 'NONE', #4701, 1000.000000000000000 ) ;
#674 = VERTEX_POINT ( 'NONE', #1009 ) ;
#675 = EDGE_CURVE ( 'NONE', #1254, #935, #5621, .T. ) ;
#676 = UNCERTAINTY_MEASURE_WITH_UNIT (LENGTH_MEASURE( 1.000000000000000082E-05 ), #10284, 'distance_accuracy_value', 'NONE');
#677 = FACE_OUTER_BOUND ( 'NONE', #3573, .T. ) ;
#678 = VERTEX_POINT ( 'NONE', #9058 ) ;
#679 = ORIENTED_EDGE ( 'NONE', *, *, #1738, .T. ) ;
#680 =( LENGTH_UNIT ( ) NAMED_UNIT ( * ) SI_UNIT ( .MILLI., .METRE. ) );
#681 = AXIS2_PLACEMENT_3D ( 'NONE', #7784, #7931, #3037 ) ;
#682 = DIRECTION ( 'NONE',  ( -1.000000000000000000, -0.000000000000000000, -0.000000000000000000 ) ) ;
#683 = DIRECTION ( 'NONE',  ( 0.000000000000000000, 0.000000000000000000, 1.000000000000000000 ) ) ;
#684 = CARTESIAN_POINT ( 'NONE',  ( 0.000000000000000000, 1.959999999999999964, -0.4350000000000000533 ) ) ;
#685 = CARTESIAN_POINT ( 'NONE',  ( 1.949999999999999956, -0.2175000000000000266, -0.2174999999999999711 ) ) ;
#686 = LINE ( 'NONE', #7055, #6673 ) ;
#687 =( GEOMETRIC_REPRESENTATION_CONTEXT ( 3 ) GLOBAL_UNCERTAINTY_ASSIGNED_CONTEXT ( ( #335 ) ) GLOBAL_UNIT_ASSIGNED_CONTEXT ( ( #4686, #1336, #3695 ) ) REPRESENTATION_CONTEXT ( 'NONE', 'WORKASPACE' ) );
#688 = VERTEX_POINT ( 'NONE', #4380 ) ;
#689 = VERTEX_POINT ( 'NONE', #3371 ) ;
#690 = STYLED_ITEM ( 'NONE', ( #3511 ), #6204 ) ;
#691 = DIRECTION ( 'NONE',  ( -0.1108510534444136914, 1.257808851980383614E-16, -0.9938370308809506559 ) ) ;
#692 = EDGE_CURVE ( 'NONE', #5661, #7016, #5628, .T. ) ;
#693 = PRESENTATION_LAYER_ASSIGNMENT (  '', '', ( #3864 ) ) ;
#694 = CARTESIAN_POINT ( 'NONE',  ( 5.974195292295553905, -0.2313525518329657138, -8.028830871489587498E-16 ) ) ;
#695 = EDGE_LOOP ( 'NONE', ( #4901, #3323, #6056, #5097 ) ) ;
#696 = PLANE ( 'NONE',  #505 ) ;
#697 =( GEOMETRIC_REPRESENTATION_CONTEXT ( 3 ) GLOBAL_UNCERTAINTY_ASSIGNED_CONTEXT ( ( #4863 ) ) GLOBAL_UNIT_ASSIGNED_CONTEXT ( ( #9123, #9287, #7564 ) ) REPRESENTATION_CONTEXT ( 'NONE', 'WORKASPACE' ) );
#698 = ORIENTED_EDGE ( 'NONE', *, *, #1905, .F. ) ;
#699 = COLOUR_RGB ( '',0.7764705882352941346, 0.7568627450980391913, 0.7372549019607843590 ) ;
#700 = UNCERTAINTY_MEASURE_WITH_UNIT (LENGTH_MEASURE( 1.000000000000000082E-05 ), #7037, 'distance_accuracy_value', 'NONE');
#701 = VERTEX_POINT ( 'NONE', #5823 ) ;
#702 = FILL_AREA_STYLE ('',( #7158 ) ) ;
#703 = PRESENTATION_LAYER_ASSIGNMENT (  '', '', ( #9692 ) ) ;
#705 = EDGE_CURVE ( 'NONE', #8255, #9227, #6161, .T. ) ;
#704 = VECTOR ( 'NONE', #2602, 1000.000000000000000 ) ;
#706 = EDGE_CURVE ( 'NONE', #9524, #2666, #8381, .T. ) ;
#707 = COLOUR_RGB ( '',0.7764705882352941346, 0.7568627450980391913, 0.7372549019607843590 ) ;
#708 = SURFACE_STYLE_FILL_AREA ( #6331 ) ;
#709 = SURFACE_STYLE_USAGE ( .BOTH. , #846 ) ;
#710 = PRESENTATION_LAYER_ASSIGNMENT (  '', '', ( #7868 ) ) ;
#711 = PRESENTATION_LAYER_ASSIGNMENT (  '', '', ( #7202 ) ) ;
#712 = PLANE ( 'NONE',  #4347 ) ;
#713 = AXIS2_PLACEMENT_3D ( 'NONE', #6405, #3971, #2275 ) ;
#714 = ORIENTED_EDGE ( 'NONE', *, *, #6562, .T. ) ;
#715 =( NAMED_UNIT ( * ) SI_UNIT ( $, .STERADIAN. ) SOLID_ANGLE_UNIT ( ) );
#716 = ADVANCED_FACE ( 'NONE', ( #6732 ), #7345, .T. ) ;
#717 = SURFACE_SIDE_STYLE ('',( #6480 ) ) ;
#718 = COLOUR_RGB ( '',0.7764705882352941346, 0.7568627450980391913, 0.7372549019607843590 ) ;
#719 = LINE ( 'NONE', #7758, #3514 ) ;
#720 = CIRCLE ( 'NONE', #5200, 5.995482475482741158 ) ;
#721 = SURFACE_STYLE_FILL_AREA ( #9477 ) ;
#722 = VERTEX_POINT ( 'NONE', #5091 ) ;
#723 = CIRCLE ( 'NONE', #2367, 0.4199999999999998179 ) ;
#724 = ORIENTED_EDGE ( 'NONE', *, *, #7599, .T. ) ;
#725 = AXIS2_PLACEMENT_3D ( 'NONE', #7141, #1487, #7921 ) ;
#726 = STYLED_ITEM ( 'NONE', ( #6695 ), #7388 ) ;
#727 = AXIS2_PLACEMENT_3D ( 'NONE', #1623, #4821, #2447 ) ;
#728 =( NAMED_UNIT ( * ) PLANE_ANGLE_UNIT ( ) SI_UNIT ( $, .RADIAN. ) );
#729 = EDGE_CURVE ( 'NONE', #9994, #6811, #4319, .T. ) ;
#730 = AXIS2_PLACEMENT_3D ( 'NONE', #7772, #682, #4551 ) ;
#731 = SURFACE_STYLE_USAGE ( .BOTH. , #6960 ) ;
#732 = DIRECTION ( 'NONE',  ( -0.000000000000000000, 0.000000000000000000, 1.000000000000000000 ) ) ;
#733 = VECTOR ( 'NONE', #7774, 1000.000000000000000 ) ;
#734 =( REPRESENTATION_RELATIONSHIP ('NONE','NONE', #1962, #2704 ) REPRESENTATION_RELATIONSHIP_WITH_TRANSFORMATION ( #5555 )SHAPE_REPRESENTATION_RELATIONSHIP( ) );
#735 = DIRECTION ( 'NONE',  ( 0.7431005017819711789, -0.6640269868487613802, -0.08288428673721992546 ) ) ;
#736 = ORIENTED_EDGE ( 'NONE', *, *, #1455, .T. ) ;
#737 = PLANE ( 'NONE',  #5848 ) ;
#738 = AXIS2_PLACEMENT_3D ( 'NONE', #9046, #1881, #7548 ) ;
#739 = DIRECTION ( 'NONE',  ( 1.000000000000000000, 0.000000000000000000, 0.000000000000000000 ) ) ;
#740 = CARTESIAN_POINT ( 'NONE',  ( 2.599999999999998312, 0.000000000000000000, 0.000000000000000000 ) ) ;
#741 = FACE_OUTER_BOUND ( 'NONE', #9014, .T. ) ;
#742 = VERTEX_POINT ( 'NONE', #5345 ) ;
#743 = SURFACE_STYLE_FILL_AREA ( #7891 ) ;
#744 = AXIS2_PLACEMENT_3D ( 'NONE', #1098, #1824, #2658 ) ;
#745 = COLOUR_RGB ( '',0.7921568627450980005, 0.8196078431372548767, 0.9333333333333333481 ) ;
#746 = AXIS2_PLACEMENT_3D ( 'NONE', #7998, #852, #6148 ) ;
#747 = ORIENTED_EDGE ( 'NONE', *, *, #269, .F. ) ;
#748 = LINE ( 'NONE', #9372, #6349 ) ;
#749 = PRESENTATION_LAYER_ASSIGNMENT (  '', '', ( #7240 ) ) ;
#750 = STYLED_ITEM ( 'NONE', ( #10105 ), #2474 ) ;
#751 = COLOUR_RGB ( '',0.7764705882352941346, 0.7568627450980391913, 0.7372549019607843590 ) ;
#752 = FILL_AREA_STYLE ('',( #7 ) ) ;
#753 = FILL_AREA_STYLE ('',( #7320 ) ) ;
#754 = CARTESIAN_POINT ( 'NONE',  ( 1.949999999999999956, 0.2174999999999999989, 0.2174999999999999711 ) ) ;
#755 = PRESENTATION_STYLE_ASSIGNMENT (( #7907 ) ) ;
#756 = DIRECTION ( 'NONE',  ( -1.000000000000000000, -0.000000000000000000, -0.000000000000000000 ) ) ;
#757 = EDGE_CURVE ( 'NONE', #9151, #2603, #1474, .T. ) ;
#758 = EDGE_CURVE ( 'NONE', #1438, #4181, #147, .T. ) ;
#759 = LINE ( 'NONE', #3849, #1330 ) ;
#760 = ORIENTED_EDGE ( 'NONE', *, *, #7009, .F. ) ;
#761 = CARTESIAN_POINT ( 'NONE',  ( 0.2666411873824114376, 1.721732169736486240, -0.4052592521765773226 ) ) ;
#762 = DIRECTION ( 'NONE',  ( 0.000000000000000000, 0.000000000000000000, 1.000000000000000000 ) ) ;
#763 = SURFACE_STYLE_FILL_AREA ( #9953 ) ;
#764 = VECTOR ( 'NONE', #329, 1000.000000000000114 ) ;
#765 =( NAMED_UNIT ( * ) PLANE_ANGLE_UNIT ( ) SI_UNIT ( $, .RADIAN. ) );
#766 = ORIENTED_EDGE ( 'NONE', *, *, #8643, .F. ) ;
#767 = CARTESIAN_POINT ( 'NONE',  ( -25.39999999999996305, 4.286263797015737088E-16, -3.500000000000000444 ) ) ;
#768 = UNCERTAINTY_MEASURE_WITH_UNIT (LENGTH_MEASURE( 1.000000000000000082E-05 ), #10306, 'distance_accuracy_value', 'NONE');
#769 = EDGE_CURVE ( 'NONE', #3889, #4559, #8138, .T. ) ;
#770 = SURFACE_SIDE_STYLE ('',( #1639 ) ) ;
#771 = ORIENTED_EDGE ( 'NONE', *, *, #831, .F. ) ;
#772 =( GEOMETRIC_REPRESENTATION_CONTEXT ( 3 ) GLOBAL_UNCERTAINTY_ASSIGNED_CONTEXT ( ( #9336 ) ) GLOBAL_UNIT_ASSIGNED_CONTEXT ( ( #3276, #6157, #2920 ) ) REPRESENTATION_CONTEXT ( 'NONE', 'WORKASPACE' ) );
#773 = DIRECTION ( 'NONE',  ( 1.000000000000000000, 0.000000000000000000, 0.000000000000000000 ) ) ;
#774 = SURFACE_SIDE_STYLE ('',( #7294 ) ) ;
#775 = PLANE ( 'NONE',  #2979 ) ;
#776 = FILL_AREA_STYLE_COLOUR ( '', #5444 ) ;
#777 = DIRECTION ( 'NONE',  ( -0.9877866216249070463, 0.1101762001043161965, 0.1101762001043165434 ) ) ;
#778 = FACE_OUTER_BOUND ( 'NONE', #3604, .T. ) ;
#779 = EDGE_CURVE ( 'NONE', #2661, #1015, #2997, .T. ) ;
#780 = ORIENTED_EDGE ( 'NONE', *, *, #9326, .T. ) ;
#781 = PLANE ( 'NONE',  #8731 ) ;
#782 = DIRECTION ( 'NONE',  ( -1.000000000000000000, -0.000000000000000000, -0.000000000000000000 ) ) ;
#783 = FILL_AREA_STYLE ('',( #3785 ) ) ;
#784 = LINE ( 'NONE', #48, #9759 ) ;
#785 = DIRECTION ( 'NONE',  ( 0.7456662065614397816, -2.326442708608981349E-15, 0.6663196743247735698 ) ) ;
#786 = EDGE_LOOP ( 'NONE', ( #1782, #4373, #1861 ) ) ;
#787 = AXIS2_PLACEMENT_3D ( 'NONE', #123, #804, #7229 ) ;
#788 = EDGE_CURVE ( 'NONE', #4354, #3860, #10114, .T. ) ;
#789 = UNCERTAINTY_MEASURE_WITH_UNIT (LENGTH_MEASURE( 1.000000000000000082E-05 ), #2334, 'distance_accuracy_value', 'NONE');
#790 = ORIENTED_EDGE ( 'NONE', *, *, #4774, .T. ) ;
#791 = FILL_AREA_STYLE_COLOUR ( '', #3175 ) ;
#792 = PLANE ( 'NONE',  #3216 ) ;
#793 = PRESENTATION_LAYER_ASSIGNMENT (  '', '', ( #3468 ) ) ;
#794 = EDGE_LOOP ( 'NONE', ( #1089, #5498, #7762, #3164 ) ) ;
#795 = FILL_AREA_STYLE ('',( #4773 ) ) ;
#796 = SURFACE_STYLE_FILL_AREA ( #8057 ) ;
#797 = MECHANICAL_DESIGN_GEOMETRIC_PRESENTATION_REPRESENTATION (  '', ( #10318 ), #6466 ) ;
#798 = DIRECTION ( 'NONE',  ( 0.000000000000000000, 0.000000000000000000, 1.000000000000000000 ) ) ;
#799 = PLANE ( 'NONE',  #5237 ) ;
#800 = CARTESIAN_POINT ( 'NONE',  ( 0.2666411873824114376, 0.4052592521765713274, 1.721732169736487794 ) ) ;
#801 = PLANE ( 'NONE',  #397 ) ;
#802 = FILL_AREA_STYLE_COLOUR ( '', #832 ) ;
#803 = PRODUCT_RELATED_PRODUCT_CATEGORY ( 'part', '', ( #2264 ) ) ;
#804 = DIRECTION ( 'NONE',  ( -1.000000000000000000, -0.000000000000000000, -0.000000000000000000 ) ) ;
#805 = ORIENTED_EDGE ( 'NONE', *, *, #5442, .F. ) ;
#806 = SURFACE_STYLE_USAGE ( .BOTH. , #9631 ) ;
#807 =( GEOMETRIC_REPRESENTATION_CONTEXT ( 3 ) GLOBAL_UNCERTAINTY_ASSIGNED_CONTEXT ( ( #7139 ) ) GLOBAL_UNIT_ASSIGNED_CONTEXT ( ( #5579, #8831, #7085 ) ) REPRESENTATION_CONTEXT ( 'NONE', 'WORKASPACE' ) );
#808 = DIRECTION ( 'NONE',  ( -1.000000000000000000, -0.000000000000000000, -0.000000000000000000 ) ) ;
#809 = STYLED_ITEM ( 'NONE', ( #1556 ), #4625 ) ;
#810 = AXIS2_PLACEMENT_3D ( 'NONE', #7238, #8110, #6350 ) ;
#811 = ORIENTED_EDGE ( 'NONE', *, *, #2219, .T. ) ;
#812 = PLANE ( 'NONE',  #9876 ) ;
#813 = CARTESIAN_POINT ( 'NONE',  ( 5.974195292295553905, 2.375629221075779134E-16, 0.2313525518329657416 ) ) ;
#814 = FACE_OUTER_BOUND ( 'NONE', #435, .T. ) ;
#815 = CARTESIAN_POINT ( 'NONE',  ( 2.214116351126373505, -0.1880408685282114467, -0.1880408685282121684 ) ) ;
#816 =( GEOMETRIC_REPRESENTATION_CONTEXT ( 3 ) GLOBAL_UNCERTAINTY_ASSIGNED_CONTEXT ( ( #2854 ) ) GLOBAL_UNIT_ASSIGNED_CONTEXT ( ( #833, #3127, #7976 ) ) REPRESENTATION_CONTEXT ( 'NONE', 'WORKASPACE' ) );
#817 = LINE ( 'NONE', #684, #1273 ) ;
#818 = EDGE_CURVE ( 'NONE', #1850, #7927, #3837, .T. ) ;
#819 = CIRCLE ( 'NONE', #6665, 3.311827956989247479 ) ;
#820 = SURFACE_SIDE_STYLE ('',( #1415 ) ) ;
#821 = CONTEXT_DEPENDENT_SHAPE_REPRESENTATION ( #4986, #10119 ) ;
#822 = AXIS2_PLACEMENT_3D ( 'NONE', #7339, #180, #2041 ) ;
#823 = ORIENTED_EDGE ( 'NONE', *, *, #9268, .T. ) ;
#824 = PRESENTATION_LAYER_ASSIGNMENT (  '', '', ( #1322 ) ) ;
#825 = CARTESIAN_POINT ( 'NONE',  ( 0.000000000000000000, 1.959999999999999964, -0.4350000000000000533 ) ) ;
#826 = SURFACE_STYLE_FILL_AREA ( #5561 ) ;
#827 = PRESENTATION_STYLE_ASSIGNMENT (( #7971 ) ) ;
#828 = CARTESIAN_POINT ( 'NONE',  ( 4.309938594911940868, 1.891316923914901471, 2.356976916973721757E-16 ) ) ;
#829 = CARTESIAN_POINT ( 'NONE',  ( 0.2666411873824114376, -0.4052592521765831513, 1.721732169736483131 ) ) ;
#830 = DIRECTION ( 'NONE',  ( -1.000000000000000000, -0.000000000000000000, -0.000000000000000000 ) ) ;
#831 = EDGE_CURVE ( 'NONE', #9841, #2614, #4536, .T. ) ;
#832 = COLOUR_RGB ( '',0.7764705882352941346, 0.7568627450980391913, 0.7372549019607843590 ) ;
#833 =( LENGTH_UNIT ( ) NAMED_UNIT ( * ) SI_UNIT ( .MILLI., .METRE. ) );
#834 = ORIENTED_EDGE ( 'NONE', *, *, #8807, .F. ) ;
#835 = STYLED_ITEM ( 'NONE', ( #8400 ), #1324 ) ;
#836 = ORIENTED_EDGE ( 'NONE', *, *, #75, .F. ) ;
#837 = ORIENTED_EDGE ( 'NONE', *, *, #6863, .F. ) ;
#838 = MECHANICAL_DESIGN_GEOMETRIC_PRESENTATION_REPRESENTATION (  '', ( #6866 ), #339 ) ;
#839 = SURFACE_SIDE_STYLE ('',( #3890 ) ) ;
#840 = AXIS2_PLACEMENT_3D ( 'NONE', #3358, #3586, #8993 ) ;
#841 = CARTESIAN_POINT ( 'NONE',  ( 2.193400286944045430, 0.1903515064562410486, 2.309278636184420884E-16 ) ) ;
#842 = DIRECTION ( 'NONE',  ( -0.000000000000000000, 1.000000000000000000, 1.224646799147353207E-16 ) ) ;
#843 = SURFACE_SIDE_STYLE ('',( #6280 ) ) ;
#844 = EDGE_CURVE ( 'NONE', #5462, #9748, #9157, .T. ) ;
#845 = STYLED_ITEM ( 'NONE', ( #5063 ), #6218 ) ;
#846 = SURFACE_SIDE_STYLE ('',( #4818 ) ) ;
#847 = CARTESIAN_POINT ( 'NONE',  ( 1.949999999999999956, -0.2175000000000000266, -0.2174999999999999989 ) ) ;
#848 = CIRCLE ( 'NONE', #4857, 5.437518987584764929 ) ;
#849 = ORIENTED_EDGE ( 'NONE', *, *, #2683, .F. ) ;
#850 = DIRECTION ( 'NONE',  ( 0.000000000000000000, -1.000000000000000000, -1.246209393661499126E-16 ) ) ;
#851 = AXIS2_PLACEMENT_3D ( 'NONE', #64, #1734, #4154 ) ;
#852 = DIRECTION ( 'NONE',  ( -0.1108510534444136914, 0.9938370308809506559, 3.595744332370143968E-15 ) ) ;
#853 = CIRCLE ( 'NONE', #6038, 5.437518987584765817 ) ;
#854 = ORIENTED_EDGE ( 'NONE', *, *, #7194, .T. ) ;
#855 = CARTESIAN_POINT ( 'NONE',  ( 2.193400286944045430, 0.1903515064562410486, 2.309278636184420884E-16 ) ) ;
#856 = DIRECTION ( 'NONE',  ( -0.9938370308809507669, -0.1108510534444137052, 0.000000000000000000 ) ) ;
#857 =( LENGTH_UNIT ( ) NAMED_UNIT ( * ) SI_UNIT ( .MILLI., .METRE. ) );
#858 =( NAMED_UNIT ( * ) PLANE_ANGLE_UNIT ( ) SI_UNIT ( $, .RADIAN. ) );
#859 = VECTOR ( 'NONE', #3433, 1000.000000000000000 ) ;
#860 = VERTEX_POINT ( 'NONE', #7648 ) ;
#861 = UNCERTAINTY_MEASURE_WITH_UNIT (LENGTH_MEASURE( 1.000000000000000082E-05 ), #7495, 'distance_accuracy_value', 'NONE');
#862 = SURFACE_STYLE_USAGE ( .BOTH. , #770 ) ;
#863 = EDGE_LOOP ( 'NONE', ( #8331, #6217 ) ) ;
#864 = PRESENTATION_LAYER_ASSIGNMENT (  '', '', ( #9868 ) ) ;
#865 = DIRECTION ( 'NONE',  ( -1.000000000000000000, 0.000000000000000000, 0.000000000000000000 ) ) ;
#866 = COLOUR_RGB ( '',0.7764705882352941346, 0.7568627450980391913, 0.7372549019607843590 ) ;
#867 = SURFACE_STYLE_USAGE ( .BOTH. , #9486 ) ;
#868 =( NAMED_UNIT ( * ) SI_UNIT ( $, .STERADIAN. ) SOLID_ANGLE_UNIT ( ) );
#869 = LINE ( 'NONE', #6499, #903 ) ;
#870 = PLANE ( 'NONE',  #91 ) ;
#871 = PRESENTATION_STYLE_ASSIGNMENT (( #1646 ) ) ;
#872 = CARTESIAN_POINT ( 'NONE',  ( 0.000000000000000000, 0.4350000000000068257, -1.959999999999998188 ) ) ;
#873 = UNCERTAINTY_MEASURE_WITH_UNIT (LENGTH_MEASURE( 1.000000000000000082E-05 ), #5138, 'distance_accuracy_value', 'NONE');
#874 = CIRCLE ( 'NONE', #6723, 5.437518987584764929 ) ;
#875 = ORIENTED_EDGE ( 'NONE', *, *, #5210, .F. ) ;
#876 = MECHANICAL_DESIGN_GEOMETRIC_PRESENTATION_REPRESENTATION (  '', ( #4883 ), #1708 ) ;
#877 = ORIENTED_EDGE ( 'NONE', *, *, #1128, .T. ) ;
#878 = EDGE_CURVE ( 'NONE', #206, #5261, #819, .T. ) ;
#879 = EDGE_CURVE ( 'NONE', #3929, #4298, #8650, .T. ) ;
#880 = STYLED_ITEM ( 'NONE', ( #2156 ), #10000 ) ;
#881 = SURFACE_STYLE_USAGE ( .BOTH. , #7250 ) ;
#882 = DIRECTION ( 'NONE',  ( -0.9938370308809507669, 0.000000000000000000, 0.1108510534444137052 ) ) ;
#883 = CARTESIAN_POINT ( 'NONE',  ( 2.599999999999998312, 2.143131898507868051E-16, -1.749999999999999778 ) ) ;
#884 = SURFACE_STYLE_FILL_AREA ( #9173 ) ;
#885 = FACE_OUTER_BOUND ( 'NONE', #4386, .T. ) ;
#886 =( NAMED_UNIT ( * ) SI_UNIT ( $, .STERADIAN. ) SOLID_ANGLE_UNIT ( ) );
#887 = CARTESIAN_POINT ( 'NONE',  ( 1.949999999999999956, 0.2175000000000007205, -0.2174999999999992772 ) ) ;
#888 = ORIENTED_EDGE ( 'NONE', *, *, #1506, .F. ) ;
#889 = FILL_AREA_STYLE ('',( #1463 ) ) ;
#890 = VERTEX_POINT ( 'NONE', #621 ) ;
#891 = UNCERTAINTY_MEASURE_WITH_UNIT (LENGTH_MEASURE( 1.000000000000000082E-05 ), #2445, 'distance_accuracy_value', 'NONE');
#892 = VERTEX_POINT ( 'NONE', #6829 ) ;
#893 = PRESENTATION_LAYER_ASSIGNMENT (  '', '', ( #1227 ) ) ;
#894 = EDGE_CURVE ( 'NONE', #978, #3790, #4668, .T. ) ;
#895 = SURFACE_SIDE_STYLE ('',( #1563 ) ) ;
#896 = DIRECTION ( 'NONE',  ( -1.000000000000000000, -0.000000000000000000, -0.000000000000000000 ) ) ;
#897 = COLOUR_RGB ( '',0.7764705882352941346, 0.7568627450980391913, 0.7372549019607843590 ) ;
#898 = AXIS2_PLACEMENT_3D ( 'NONE', #9538, #4696, #10230 ) ;
#899 =( GEOMETRIC_REPRESENTATION_CONTEXT ( 3 ) GLOBAL_UNCERTAINTY_ASSIGNED_CONTEXT ( ( #5461 ) ) GLOBAL_UNIT_ASSIGNED_CONTEXT ( ( #6511, #4798, #2380 ) ) REPRESENTATION_CONTEXT ( 'NONE', 'WORKASPACE' ) );
#900 = DIRECTION ( 'NONE',  ( 0.6663196743247736809, -0.7456662065614397816, -9.292562311528023527E-17 ) ) ;
#901 = ORIENTED_EDGE ( 'NONE', *, *, #291, .F. ) ;
#902 = EDGE_CURVE ( 'NONE', #2288, #1108, #8435, .T. ) ;
#903 = VECTOR ( 'NONE', #4176, 1000.000000000000000 ) ;
#904 = SURFACE_SIDE_STYLE ('',( #796 ) ) ;
#905 = DIRECTION ( 'NONE',  ( -0.000000000000000000, 0.000000000000000000, -1.000000000000000000 ) ) ;
#906 = VERTEX_POINT ( 'NONE', #4488 ) ;
#907 = CARTESIAN_POINT ( 'NONE',  ( 2.599999999999998312, 0.000000000000000000, 0.000000000000000000 ) ) ;
#908 =( LENGTH_UNIT ( ) NAMED_UNIT ( * ) SI_UNIT ( .MILLI., .METRE. ) );
#909 = SURFACE_STYLE_FILL_AREA ( #1586 ) ;
#910 =( LENGTH_UNIT ( ) NAMED_UNIT ( * ) SI_UNIT ( .MILLI., .METRE. ) );
#911 = AXIS2_PLACEMENT_3D ( 'NONE', #8326, #2100, #5297 ) ;
#912 = ORIENTED_EDGE ( 'NONE', *, *, #8159, .F. ) ;
#913 = EDGE_LOOP ( 'NONE', ( #3087, #8430, #288 ) ) ;
#914 = MECHANICAL_DESIGN_GEOMETRIC_PRESENTATION_REPRESENTATION (  '', ( #7428 ), #3946 ) ;
#915 = CARTESIAN_POINT ( 'NONE',  ( 4.309938594911940868, 6.836180637525074799E-15, -1.891316923914901693 ) ) ;
#916 =( LENGTH_UNIT ( ) NAMED_UNIT ( * ) SI_UNIT ( .MILLI., .METRE. ) );
#917 = SURFACE_SIDE_STYLE ('',( #1751 ) ) ;
#918 = DIRECTION ( 'NONE',  ( 0.000000000000000000, 0.000000000000000000, -1.000000000000000000 ) ) ;
#919 = LINE ( 'NONE', #9592, #3541 ) ;
#920 = PRESENTATION_LAYER_ASSIGNMENT (  '', '', ( #9594 ) ) ;
#921 = ORIENTED_EDGE ( 'NONE', *, *, #4034, .F. ) ;
#922 = DIRECTION ( 'NONE',  ( 0.9938370308809506559, 0.000000000000000000, 0.1108510534444137469 ) ) ;
#923 = PRESENTATION_STYLE_ASSIGNMENT (( #881 ) ) ;
#924 =( NAMED_UNIT ( * ) SI_UNIT ( $, .STERADIAN. ) SOLID_ANGLE_UNIT ( ) );
#925 = MECHANICAL_DESIGN_GEOMETRIC_PRESENTATION_REPRESENTATION (  '', ( #4622 ), #7937 ) ;
#926 = DIRECTION ( 'NONE',  ( 0.000000000000000000, 0.000000000000000000, 1.000000000000000000 ) ) ;
#927 = DIRECTION ( 'NONE',  ( 0.7456662065614395596, 0.000000000000000000, -0.6663196743247737919 ) ) ;
#928 = SURFACE_STYLE_FILL_AREA ( #3501 ) ;
#929 = CARTESIAN_POINT ( 'NONE',  ( 4.309938594911940868, -6.606512545546451519E-15, 1.891316923914901693 ) ) ;
#930 = DIRECTION ( 'NONE',  ( -0.9938370308809506559, -0.1108510534444136914, -3.870343844922732447E-16 ) ) ;
#931 = PRODUCT_DEFINITION ( 'UNKNOWN', '', #6100, #6954 ) ;
#932 = EDGE_CURVE ( 'NONE', #5306, #4044, #8982, .T. ) ;
#933 = VERTEX_POINT ( 'NONE', #1332 ) ;
#934 = DIRECTION ( 'NONE',  ( -1.000000000000000000, -0.000000000000000000, -0.000000000000000000 ) ) ;
#935 = VERTEX_POINT ( 'NONE', #9383 ) ;
#936 = MECHANICAL_DESIGN_GEOMETRIC_PRESENTATION_REPRESENTATION (  '', ( #8270 ), #7627 ) ;
#937 = FACE_OUTER_BOUND ( 'NONE', #5607, .T. ) ;
#938 = CARTESIAN_POINT ( 'NONE',  ( 0.2666411873824114376, 1.721732169736486240, -0.4052592521765773226 ) ) ;
#939 = SURFACE_SIDE_STYLE ('',( #3453 ) ) ;
#940 =( LENGTH_UNIT ( ) NAMED_UNIT ( * ) SI_UNIT ( .MILLI., .METRE. ) );
#941 = FILL_AREA_STYLE ('',( #8251 ) ) ;
#942 = ADVANCED_FACE ( 'NONE', ( #2099 ), #2210, .T. ) ;
#943 = CARTESIAN_POINT ( 'NONE',  ( 4.309938594911940868, 1.891316923914901471, 2.356976916973721757E-16 ) ) ;
#944 = SURFACE_SIDE_STYLE ('',( #8141 ) ) ;
#945 = EDGE_LOOP ( 'NONE', ( #6612, #10261, #5894 ) ) ;
#946 =( NAMED_UNIT ( * ) PLANE_ANGLE_UNIT ( ) SI_UNIT ( $, .RADIAN. ) );
#947 = VERTEX_POINT ( 'NONE', #7282 ) ;
#948 = DIRECTION ( 'NONE',  ( -1.000000000000000000, -0.000000000000000000, -0.000000000000000000 ) ) ;
#949 = CARTESIAN_POINT ( 'NONE',  ( 0.03111693966988560850, -0.4315292644214371864, 0.4315292644214354101 ) ) ;
#950 = EDGE_CURVE ( 'NONE', #666, #4328, #7948, .T. ) ;
#951 = SURFACE_STYLE_FILL_AREA ( #9890 ) ;
#952 =( LENGTH_UNIT ( ) NAMED_UNIT ( * ) SI_UNIT ( .MILLI., .METRE. ) );
#953 = ORIENTED_EDGE ( 'NONE', *, *, #6300, .T. ) ;
#954 = FILL_AREA_STYLE ('',( #1806 ) ) ;
#955 = UNCERTAINTY_MEASURE_WITH_UNIT (LENGTH_MEASURE( 1.000000000000000082E-05 ), #6945, 'distance_accuracy_value', 'NONE');
#956 = ORIENTED_EDGE ( 'NONE', *, *, #8498, .T. ) ;
#957 = AXIS2_PLACEMENT_3D ( 'NONE', #8791, #3424, #24 ) ;
#958 = PRESENTATION_LAYER_ASSIGNMENT (  '', '', ( #1948 ) ) ;
#959 =( LENGTH_UNIT ( ) NAMED_UNIT ( * ) SI_UNIT ( .MILLI., .METRE. ) );
#960 = FILL_AREA_STYLE ('',( #3968 ) ) ;
#961 = LINE ( 'NONE', #7960, #8726 ) ;
#962 = DIRECTION ( 'NONE',  ( 0.000000000000000000, 0.000000000000000000, 1.000000000000000000 ) ) ;
#963 = PRESENTATION_STYLE_ASSIGNMENT (( #236 ) ) ;
#964 = EDGE_CURVE ( 'NONE', #352, #2614, #1580, .T. ) ;
#965 = DIRECTION ( 'NONE',  ( 0.7431005017819711789, -0.08288428673722218754, 0.6640269868487610472 ) ) ;
#966 = PRESENTATION_STYLE_ASSIGNMENT (( #3380 ) ) ;
#967 = ORIENTED_EDGE ( 'NONE', *, *, #991, .T. ) ;
#968 = MECHANICAL_DESIGN_GEOMETRIC_PRESENTATION_REPRESENTATION (  '', ( #6835 ), #807 ) ;
#969 = STYLED_ITEM ( 'NONE', ( #1939 ), #716 ) ;
#970 = CARTESIAN_POINT ( 'NONE',  ( 0.2553644383338094515, 1.731808957027352269, 0.000000000000000000 ) ) ;
#971 =( LENGTH_UNIT ( ) NAMED_UNIT ( * ) SI_UNIT ( .MILLI., .METRE. ) );
#972 =( NAMED_UNIT ( * ) PLANE_ANGLE_UNIT ( ) SI_UNIT ( $, .RADIAN. ) );
#973 = SURFACE_STYLE_FILL_AREA ( #5105 ) ;
#974 = CARTESIAN_POINT ( 'NONE',  ( 0.2666411873824114376, 0.4052592521765831513, -1.721732169736484019 ) ) ;
#975 = CARTESIAN_POINT ( 'NONE',  ( 1.347043950347265318, 0.000000000000000000, 3.500000000000000444 ) ) ;
#976 = AXIS2_PLACEMENT_3D ( 'NONE', #6305, #3974, #8716 ) ;
#977 = UNCERTAINTY_MEASURE_WITH_UNIT (LENGTH_MEASURE( 1.000000000000000082E-05 ), #1570, 'distance_accuracy_value', 'NONE');
#978 = VERTEX_POINT ( 'NONE', #5588 ) ;
#979 = CARTESIAN_POINT ( 'NONE',  ( 0.000000000000000000, -0.4350000000000069367, 1.959999999999998188 ) ) ;
#980 = DIRECTION ( 'NONE',  ( -0.9877866216249070463, -0.1101762001043161271, -0.1101762001043165851 ) ) ;
#981 = SURFACE_SIDE_STYLE ('',( #5624 ) ) ;
#982 = VECTOR ( 'NONE', #6789, 1000.000000000000000 ) ;
#983 = PRESENTATION_LAYER_ASSIGNMENT (  '', '', ( #1819 ) ) ;
#984 =( GEOMETRIC_REPRESENTATION_CONTEXT ( 3 ) GLOBAL_UNCERTAINTY_ASSIGNED_CONTEXT ( ( #4653 ) ) GLOBAL_UNIT_ASSIGNED_CONTEXT ( ( #3443, #5266, #1957 ) ) REPRESENTATION_CONTEXT ( 'NONE', 'WORKASPACE' ) );
#985 = SURFACE_STYLE_USAGE ( .BOTH. , #5014 ) ;
#986 =( NAMED_UNIT ( * ) SI_UNIT ( $, .STERADIAN. ) SOLID_ANGLE_UNIT ( ) );
#987 = COLOUR_RGB ( '',0.7764705882352941346, 0.7568627450980391913, 0.7372549019607843590 ) ;
#988 = AXIS2_PLACEMENT_3D ( 'NONE', #3196, #7285, #19 ) ;
#989 = VERTEX_POINT ( 'NONE', #761 ) ;
#990 =( GEOMETRIC_REPRESENTATION_CONTEXT ( 3 ) GLOBAL_UNCERTAINTY_ASSIGNED_CONTEXT ( ( #9542 ) ) GLOBAL_UNIT_ASSIGNED_CONTEXT ( ( #5827, #4489, #671 ) ) REPRESENTATION_CONTEXT ( 'NONE', 'WORKASPACE' ) );
#991 = EDGE_CURVE ( 'NONE', #2842, #2960, #1476, .T. ) ;
#992 = CARTESIAN_POINT ( 'NONE',  ( 0.000000000000000000, 0.4349999999999932254, 1.960000000000001741 ) ) ;
#993 = EDGE_CURVE ( 'NONE', #5570, #5131, #3308, .T. ) ;
#994 = ORIENTED_EDGE ( 'NONE', *, *, #9343, .T. ) ;
#995 = TOROIDAL_SURFACE ( 'NONE', #9010, 3.080000000000000515, 0.4200000000000000400 ) ;
#996 =( GEOMETRIC_REPRESENTATION_CONTEXT ( 3 ) GLOBAL_UNCERTAINTY_ASSIGNED_CONTEXT ( ( #5541 ) ) GLOBAL_UNIT_ASSIGNED_CONTEXT ( ( #3617, #5915, #6701 ) ) REPRESENTATION_CONTEXT ( 'NONE', 'WORKASPACE' ) );
#997 = SURFACE_STYLE_FILL_AREA ( #4512 ) ;
#998 = FACE_OUTER_BOUND ( 'NONE', #3205, .T. ) ;
#999 = DIRECTION ( 'NONE',  ( 0.7431005017819711789, -0.6640269868487613802, 0.08288428673721989770 ) ) ;
#1000 = AXIS2_PLACEMENT_3D ( 'NONE', #3, #4812, #4196 ) ;
#1001 = ORIENTED_EDGE ( 'NONE', *, *, #6722, .T. ) ;
#1002 = PRESENTATION_STYLE_ASSIGNMENT (( #806 ) ) ;
#1003 = AXIS2_PLACEMENT_3D ( 'NONE', #3772, #9188, #2968 ) ;
#1004 = FILL_AREA_STYLE ('',( #2572 ) ) ;
#1005 = ORIENTED_EDGE ( 'NONE', *, *, #7901, .F. ) ;
#1006 = EDGE_CURVE ( 'NONE', #1152, #3353, #9335, .T. ) ;
#1007 = SURFACE_STYLE_USAGE ( .BOTH. , #4379 ) ;
#1008 = DIRECTION ( 'NONE',  ( 0.000000000000000000, 0.000000000000000000, 1.000000000000000000 ) ) ;
#1009 = CARTESIAN_POINT ( 'NONE',  ( 1.949999999999999956, -0.2175000000000007205, 0.2174999999999993883 ) ) ;
#1010 = DIRECTION ( 'NONE',  ( -0.000000000000000000, 0.000000000000000000, -1.000000000000000000 ) ) ;
#1011 = DIRECTION ( 'NONE',  ( -1.000000000000000000, -0.000000000000000000, -0.000000000000000000 ) ) ;
#1012 = CIRCLE ( 'NONE', #7862, 5.995482475482740270 ) ;
#1013 = CARTESIAN_POINT ( 'NONE',  ( 2.193400286944045430, 0.1903515064562410486, 2.309278636184420884E-16 ) ) ;
#1014 = CARTESIAN_POINT ( 'NONE',  ( 1.347043950347263763, 0.000000000000000000, 3.080000000000000515 ) ) ;
#1015 = VERTEX_POINT ( 'NONE', #3908 ) ;
#1016 = MECHANICAL_DESIGN_GEOMETRIC_PRESENTATION_REPRESENTATION (  '', ( #6712 ), #3709 ) ;
#1017 = EDGE_CURVE ( 'NONE', #5173, #5807, #4825, .T. ) ;
#1018 = SURFACE_STYLE_FILL_AREA ( #5049 ) ;
#1019 = CARTESIAN_POINT ( 'NONE',  ( 4.309938594911940868, -1.891316923914901471, 0.000000000000000000 ) ) ;
#1020 = DIRECTION ( 'NONE',  ( 0.000000000000000000, 0.000000000000000000, 1.000000000000000000 ) ) ;
#1021 =( LENGTH_UNIT ( ) NAMED_UNIT ( * ) SI_UNIT ( .MILLI., .METRE. ) );
#1022 =( NAMED_UNIT ( * ) SI_UNIT ( $, .STERADIAN. ) SOLID_ANGLE_UNIT ( ) );
#1023 = DIRECTION ( 'NONE',  ( -0.9938370308809506559, -0.1108510534444136914, -3.870343844922732447E-16 ) ) ;
#1024 =( GEOMETRIC_REPRESENTATION_CONTEXT ( 3 ) GLOBAL_UNCERTAINTY_ASSIGNED_CONTEXT ( ( #2615 ) ) GLOBAL_UNIT_ASSIGNED_CONTEXT ( ( #2488, #1034, #4297 ) ) REPRESENTATION_CONTEXT ( 'NONE', 'WORKASPACE' ) );
#1025 = MECHANICAL_DESIGN_GEOMETRIC_PRESENTATION_REPRESENTATION (  '', ( #9705 ), #8037 ) ;
#1026 =( NAMED_UNIT ( * ) SI_UNIT ( $, .STERADIAN. ) SOLID_ANGLE_UNIT ( ) );
#1027 = DIRECTION ( 'NONE',  ( 0.000000000000000000, 0.000000000000000000, 1.000000000000000000 ) ) ;
#1028 = LINE ( 'NONE', #1723, #8490 ) ;
#1029 = PRESENTATION_LAYER_ASSIGNMENT (  '', '', ( #4877 ) ) ;
#1030 = ORIENTED_EDGE ( 'NONE', *, *, #9343, .F. ) ;
#1031 = ADVANCED_FACE ( 'NONE', ( #9677 ), #7853, .T. ) ;
#1032 = FILL_AREA_STYLE ('',( #2707 ) ) ;
#1033 = SURFACE_SIDE_STYLE ('',( #4252 ) ) ;
#1034 =( NAMED_UNIT ( * ) PLANE_ANGLE_UNIT ( ) SI_UNIT ( $, .RADIAN. ) );
#1035 = VERTEX_POINT ( 'NONE', #3242 ) ;
#1036 = DIRECTION ( 'NONE',  ( -0.7456662065614396706, 0.000000000000000000, -0.6663196743247736809 ) ) ;
#1037 =( NAMED_UNIT ( * ) SI_UNIT ( $, .STERADIAN. ) SOLID_ANGLE_UNIT ( ) );
#1038 = COLOUR_RGB ( '',0.7764705882352941346, 0.7568627450980391913, 0.7372549019607843590 ) ;
#1039 = FILL_AREA_STYLE_COLOUR ( '', #2361 ) ;
#1040 = CARTESIAN_POINT ( 'NONE',  ( 2.599999999999998312, 4.286263797015736595E-16, -3.500000000000000000 ) ) ;
#1041 = AXIS2_PLACEMENT_3D ( 'NONE', #2697, #5840, #296 ) ;
#1042 = DIRECTION ( 'NONE',  ( 0.6663196743247736809, -0.7456662065614397816, -9.292562311528023527E-17 ) ) ;
#1043 = DIRECTION ( 'NONE',  ( -0.7456662065614396706, 0.6663196743247736809, 0.000000000000000000 ) ) ;
#1044 = ORIENTED_EDGE ( 'NONE', *, *, #65, .F. ) ;
#1045 = APPLICATION_CONTEXT ( 'automotive_design' ) ;
#1046 = FILL_AREA_STYLE_COLOUR ( '', #6742 ) ;
#1047 = EDGE_LOOP ( 'NONE', ( #2706, #9882, #9333, #9647 ) ) ;
#1048 = AXIS2_PLACEMENT_3D ( 'NONE', #6990, #4636, #4687 ) ;
#1049 = AXIS2_PLACEMENT_3D ( 'NONE', #8714, #1543, #1408 ) ;
#1050 = STYLED_ITEM ( 'NONE', ( #3092 ), #10269 ) ;
#1051 = VECTOR ( 'NONE', #2181, 999.9999999999998863 ) ;
#1052 = FILL_AREA_STYLE_COLOUR ( '', #6094 ) ;
#1053 = CARTESIAN_POINT ( 'NONE',  ( 2.599999999999998312, 0.000000000000000000, 0.000000000000000000 ) ) ;
#1054 = DIRECTION ( 'NONE',  ( 0.9877866216249069353, 0.1101762001043169042, -0.1101762001043164879 ) ) ;
#1055 = SURFACE_STYLE_USAGE ( .BOTH. , #7602 ) ;
#1056 = FILL_AREA_STYLE_COLOUR ( '', #9958 ) ;
#1057 = DIRECTION ( 'NONE',  ( -0.1108510534444136914, 1.257808851980383614E-16, -0.9938370308809506559 ) ) ;
#1058 = PRODUCT_RELATED_PRODUCT_CATEGORY ( 'part', '', ( #9195 ) ) ;
#1059 = ADVANCED_FACE ( 'NONE', ( #9625 ), #2451, .T. ) ;
#1060 = UNCERTAINTY_MEASURE_WITH_UNIT (LENGTH_MEASURE( 1.000000000000000082E-05 ), #971, 'distance_accuracy_value', 'NONE');
#1061 = PRESENTATION_LAYER_ASSIGNMENT (  '', '', ( #6931 ) ) ;
#1062 = PRESENTATION_LAYER_ASSIGNMENT (  '', '', ( #6396 ) ) ;
#1063 = CARTESIAN_POINT ( 'NONE',  ( 0.000000000000000000, 0.4349999999999932254, 1.960000000000001741 ) ) ;
#1064 = VERTEX_POINT ( 'NONE', #9783 ) ;
#1065 = DIRECTION ( 'NONE',  ( -0.1108510534444137469, -0.9938370308809506559, -3.448999966305766196E-15 ) ) ;
#1066 = PLANE ( 'NONE',  #7215 ) ;
#1067 = CARTESIAN_POINT ( 'NONE',  ( 5.974195292295553905, 0.2313525518329656860, 8.370432990360215258E-16 ) ) ;
#1068 = PLANE ( 'NONE',  #6556 ) ;
#1069 = DIRECTION ( 'NONE',  ( 0.7431005017819711789, 0.08288428673722224305, -0.6640269868487610472 ) ) ;
#1070 = CYLINDRICAL_SURFACE ( 'NONE', #620, 3.500000000000000444 ) ;
#1071 = LINE ( 'NONE', #238, #5684 ) ;
#1072 = ADVANCED_FACE ( 'NONE', ( #1833 ), #3727, .T. ) ;
#1073 = UNCERTAINTY_MEASURE_WITH_UNIT (LENGTH_MEASURE( 1.000000000000000082E-05 ), #5244, 'distance_accuracy_value', 'NONE');
#1074 = ORIENTED_EDGE ( 'NONE', *, *, #9622, .T. ) ;
#1075 = UNCERTAINTY_MEASURE_WITH_UNIT (LENGTH_MEASURE( 1.000000000000000082E-05 ), #8338, 'distance_accuracy_value', 'NONE');
#1076 = ORIENTED_EDGE ( 'NONE', *, *, #5, .F. ) ;
#1077 = AXIS2_PLACEMENT_3D ( 'NONE', #1327, #8431, #6884 ) ;
#1078 = MECHANICAL_DESIGN_GEOMETRIC_PRESENTATION_REPRESENTATION (  '', ( #1050 ), #10106 ) ;
#1079 = PRESENTATION_STYLE_ASSIGNMENT (( #4183 ) ) ;
#1080 = SURFACE_STYLE_FILL_AREA ( #2804 ) ;
#1081 = DIRECTION ( 'NONE',  ( 0.7431005017819711789, -0.08288428673721758011, -0.6640269868487616023 ) ) ;
#1082 =( NAMED_UNIT ( * ) SI_UNIT ( $, .STERADIAN. ) SOLID_ANGLE_UNIT ( ) );
#1083 = CARTESIAN_POINT ( 'NONE',  ( 1.347043950347263763, 0.000000000000000000, 0.000000000000000000 ) ) ;
#1084 = SURFACE_SIDE_STYLE ('',( #3500 ) ) ;
#1085 = MECHANICAL_DESIGN_GEOMETRIC_PRESENTATION_REPRESENTATION (  '', ( #6265 ), #2932 ) ;
#1086 = ADVANCED_FACE ( 'NONE', ( #6603 ), #2078, .T. ) ;
#1087 = APPLICATION_PROTOCOL_DEFINITION ( 'draft international standard', 'automotive_design', 1998, #10332 ) ;
#1088 = UNCERTAINTY_MEASURE_WITH_UNIT (LENGTH_MEASURE( 1.000000000000000082E-05 ), #6501, 'distance_accuracy_value', 'NONE');
#1089 = ORIENTED_EDGE ( 'NONE', *, *, #3284, .T. ) ;
#1090 = PRESENTATION_STYLE_ASSIGNMENT (( #2595 ) ) ;
#1091 = SURFACE_SIDE_STYLE ('',( #6641 ) ) ;
#1092 =( LENGTH_UNIT ( ) NAMED_UNIT ( * ) SI_UNIT ( .MILLI., .METRE. ) );
#1093 = AXIS2_PLACEMENT_3D ( 'NONE', #7509, #4385, #3599 ) ;
#1094 = EDGE_LOOP ( 'NONE', ( #4994, #8512, #5641, #2583 ) ) ;
#1095 = SURFACE_STYLE_FILL_AREA ( #110 ) ;
#1096 = EDGE_CURVE ( 'NONE', #4170, #2288, #7331, .T. ) ;
#1097 = AXIS2_PLACEMENT_3D ( 'NONE', #5418, #8450, #6256 ) ;
#1098 = CARTESIAN_POINT ( 'NONE',  ( 1.347043950347265318, 0.000000000000000000, 0.000000000000000000 ) ) ;
#1099 = CARTESIAN_POINT ( 'NONE',  ( -25.39999999999996305, 0.000000000000000000, 0.000000000000000000 ) ) ;
#1100 = ORIENTED_EDGE ( 'NONE', *, *, #1359, .F. ) ;
#1101 = VECTOR ( 'NONE', #9294, 1000.000000000000114 ) ;
#1102 = DIRECTION ( 'NONE',  ( 0.9938370308809506559, 0.000000000000000000, 0.1108510534444137469 ) ) ;
#1103 = FACE_OUTER_BOUND ( 'NONE', #3120, .T. ) ;
#1104 =( NAMED_UNIT ( * ) SI_UNIT ( $, .STERADIAN. ) SOLID_ANGLE_UNIT ( ) );
#1105 =( LENGTH_UNIT ( ) NAMED_UNIT ( * ) SI_UNIT ( .MILLI., .METRE. ) );
#1106 = SURFACE_STYLE_USAGE ( .BOTH. , #9047 ) ;
#1107 = PLANE ( 'NONE',  #5360 ) ;
#1108 = VERTEX_POINT ( 'NONE', #1458 ) ;
#1109 = COLOUR_RGB ( '',0.7764705882352941346, 0.7568627450980391913, 0.7372549019607843590 ) ;
#1110 = DIRECTION ( 'NONE',  ( -1.000000000000000000, -0.000000000000000000, -0.000000000000000000 ) ) ;
#1111 = ORIENTED_EDGE ( 'NONE', *, *, #612, .T. ) ;
#1112 = DIRECTION ( 'NONE',  ( -1.000000000000000000, -0.000000000000000000, -0.000000000000000000 ) ) ;
#1113 = EDGE_CURVE ( 'NONE', #9337, #7119, #10239, .T. ) ;
#1114 = PRESENTATION_LAYER_ASSIGNMENT (  '', '', ( #2440 ) ) ;
#1115 = DIRECTION ( 'NONE',  ( -1.000000000000000000, -0.000000000000000000, -0.000000000000000000 ) ) ;
#1116 = DIRECTION ( 'NONE',  ( -1.000000000000000000, -0.000000000000000000, -0.000000000000000000 ) ) ;
#1117 =( NAMED_UNIT ( * ) PLANE_ANGLE_UNIT ( ) SI_UNIT ( $, .RADIAN. ) );
#1118 = FILL_AREA_STYLE ('',( #2789 ) ) ;
#1119 = CARTESIAN_POINT ( 'NONE',  ( 1.347043950347265318, 0.000000000000000000, 3.500000000000000444 ) ) ;
#1120 = DIRECTION ( 'NONE',  ( 0.9877866216249069353, -0.1101762001043169320, 0.1101762001043165712 ) ) ;
#1121 = ORIENTED_EDGE ( 'NONE', *, *, #9202, .T. ) ;
#1122 = SURFACE_STYLE_USAGE ( .BOTH. , #7707 ) ;
#1123 = SURFACE_STYLE_USAGE ( .BOTH. , #4331 ) ;
#1124 = ORIENTED_EDGE ( 'NONE', *, *, #3008, .F. ) ;
#1125 = MECHANICAL_DESIGN_GEOMETRIC_PRESENTATION_REPRESENTATION (  '', ( #1948 ), #9318 ) ;
#1126 = ORIENTED_EDGE ( 'NONE', *, *, #8734, .F. ) ;
#1127 = ADVANCED_FACE ( 'NONE', ( #6266 ), #1158, .T. ) ;
#1128 = EDGE_CURVE ( 'NONE', #5619, #10071, #6337, .T. ) ;
#1129 = SURFACE_STYLE_USAGE ( .BOTH. , #5838 ) ;
#1130 = SURFACE_STYLE_USAGE ( .BOTH. , #8286 ) ;
#1131 = DIRECTION ( 'NONE',  ( 0.000000000000000000, -1.246209393661499619E-16, 1.000000000000000000 ) ) ;
#1132 = AXIS2_PLACEMENT_3D ( 'NONE', #9169, #2621, #9792 ) ;
#1133 = LINE ( 'NONE', #7523, #7080 ) ;
#1134 = FILL_AREA_STYLE_COLOUR ( '', #498 ) ;
#1135 = MECHANICAL_DESIGN_GEOMETRIC_PRESENTATION_REPRESENTATION (  '', ( #4814 ), #4327 ) ;
#1136 = EDGE_LOOP ( 'NONE', ( #3128, #5770, #3041, #1001, #5028, #4939, #5777, #9776, #1044, #9286, #1267 ) ) ;
#1137 = LINE ( 'NONE', #7529, #6568 ) ;
#1138 = PRESENTATION_LAYER_ASSIGNMENT (  '', '', ( #969 ) ) ;
#1139 = DIRECTION ( 'NONE',  ( -1.000000000000000000, -0.000000000000000000, -0.000000000000000000 ) ) ;
#1140 = SURFACE_STYLE_USAGE ( .BOTH. , #8976 ) ;
#1141 = ADVANCED_FACE ( 'NONE', ( #10292 ), #8575, .T. ) ;
#1142 = DIRECTION ( 'NONE',  ( -0.7456662065614396706, 0.000000000000000000, -0.6663196743247736809 ) ) ;
#1143 = VECTOR ( 'NONE', #808, 1000.000000000000000 ) ;
#1144 = SURFACE_STYLE_FILL_AREA ( #3286 ) ;
#1145 = FILL_AREA_STYLE_COLOUR ( '', #987 ) ;
#1146 = CYLINDRICAL_SURFACE ( 'NONE', #359, 1.749999999999999778 ) ;
#1147 = MECHANICAL_DESIGN_GEOMETRIC_PRESENTATION_REPRESENTATION (  '', ( #6663 ), #3153 ) ;
#1148 = CARTESIAN_POINT ( 'NONE',  ( 5.974195292295553905, 2.375629221075779134E-16, 0.2313525518329657416 ) ) ;
#1149 = AXIS2_PLACEMENT_3D ( 'NONE', #542, #6716, #1102 ) ;
#1150 =( NAMED_UNIT ( * ) SI_UNIT ( $, .STERADIAN. ) SOLID_ANGLE_UNIT ( ) );
#1151 = DIRECTION ( 'NONE',  ( 0.9938370308809507669, 0.000000000000000000, 0.1108510534444137746 ) ) ;
#1152 = VERTEX_POINT ( 'NONE', #2240 ) ;
#1153 = CARTESIAN_POINT ( 'NONE',  ( 1.949999999999999956, -0.2175000000000000266, -0.2174999999999999711 ) ) ;
#1154 = PRESENTATION_LAYER_ASSIGNMENT (  '', '', ( #5321 ) ) ;
#1155 = DIRECTION ( 'NONE',  ( 0.9938370308809506559, 0.000000000000000000, 0.1108510534444137469 ) ) ;
#1156 = DIRECTION ( 'NONE',  ( 0.7431005017819711789, -0.08288428673721758011, -0.6640269868487616023 ) ) ;
#1157 = EDGE_CURVE ( 'NONE', #5010, #2495, #8631, .T. ) ;
#1158 = TOROIDAL_SURFACE ( 'NONE', #7337, 3.080000000000000515, 0.4200000000000000400 ) ;
#1159 = ORIENTED_EDGE ( 'NONE', *, *, #1593, .F. ) ;
#1160 =( LENGTH_UNIT ( ) NAMED_UNIT ( * ) SI_UNIT ( .MILLI., .METRE. ) );
#1161 = CARTESIAN_POINT ( 'NONE',  ( 1.347043950347263763, 3.771912141373848894E-16, -3.080000000000000515 ) ) ;
#1162 = STYLED_ITEM ( 'NONE', ( #4934 ), #8618 ) ;
#1163 = SURFACE_STYLE_FILL_AREA ( #8315 ) ;
#1164 =( NAMED_UNIT ( * ) SI_UNIT ( $, .STERADIAN. ) SOLID_ANGLE_UNIT ( ) );
#1165 = ORIENTED_EDGE ( 'NONE', *, *, #10323, .T. ) ;
#1166 = VECTOR ( 'NONE', #6247, 1000.000000000000000 ) ;
#1167 = UNCERTAINTY_MEASURE_WITH_UNIT (LENGTH_MEASURE( 1.000000000000000082E-05 ), #7788, 'distance_accuracy_value', 'NONE');
#1168 = FILL_AREA_STYLE ('',( #5943 ) ) ;
#1169 = ORIENTED_EDGE ( 'NONE', *, *, #6188, .F. ) ;
#1170 = CIRCLE ( 'NONE', #5846, 5.437518987584765817 ) ;
#1171 = VECTOR ( 'NONE', #9028, 999.9999999999998863 ) ;
#1172 =( LENGTH_UNIT ( ) NAMED_UNIT ( * ) SI_UNIT ( .MILLI., .METRE. ) );
#1173 = DIRECTION ( 'NONE',  ( -0.9877866216249070463, -0.1101762001043161271, -0.1101762001043165851 ) ) ;
#1174 = DIRECTION ( 'NONE',  ( -0.1108510534444136914, 0.9938370308809506559, 3.595744332370143968E-15 ) ) ;
#1175 = LINE ( 'NONE', #7559, #218 ) ;
#1176 = DIRECTION ( 'NONE',  ( 0.6663196743247736809, -0.7456662065614397816, -9.292562311528023527E-17 ) ) ;
#1177 = STYLED_ITEM ( 'NONE', ( #6793 ), #9068 ) ;
#1178 = ORIENTED_EDGE ( 'NONE', *, *, #652, .T. ) ;
#1179 = UNCERTAINTY_MEASURE_WITH_UNIT (LENGTH_MEASURE( 1.000000000000000082E-05 ), #916, 'distance_accuracy_value', 'NONE');
#1180 = PRESENTATION_STYLE_ASSIGNMENT (( #1123 ) ) ;
#1181 = VERTEX_POINT ( 'NONE', #829 ) ;
#1182 = VECTOR ( 'NONE', #6325, 1000.000000000000114 ) ;
#1183 = ORIENTED_EDGE ( 'NONE', *, *, #8629, .F. ) ;
#1184 = AXIS2_PLACEMENT_3D ( 'NONE', #8567, #4795, #8762 ) ;
#1185 = SHAPE_REPRESENTATION_RELATIONSHIP ( 'NONE' , 'NONE' ,  #2704, #4960 ) ;
#1186 = VECTOR ( 'NONE', #2660, 1000.000000000000000 ) ;
#1187 = MECHANICAL_DESIGN_GEOMETRIC_PRESENTATION_REPRESENTATION (  '', ( #1374 ), #4862 ) ;
#1188 = PLANE ( 'NONE',  #3291 ) ;
#1189 = CARTESIAN_POINT ( 'NONE',  ( 0.2666411873824114376, 0.4052592521765713274, 1.721732169736487794 ) ) ;
#1190 = PLANE ( 'NONE',  #4871 ) ;
#1191 =( NAMED_UNIT ( * ) PLANE_ANGLE_UNIT ( ) SI_UNIT ( $, .RADIAN. ) );
#1192 = PRODUCT_CONTEXT ( 'NONE', #6597, 'mechanical' ) ;
#1193 = PLANE ( 'NONE',  #9817 ) ;
#1194 = COLOUR_RGB ( '',0.7764705882352941346, 0.7568627450980391913, 0.7372549019607843590 ) ;
#1196 = ADVANCED_FACE ( 'NONE', ( #200 ), #8874, .T. ) ;
#1195 = PRESENTATION_LAYER_ASSIGNMENT (  '', '', ( #3542 ) ) ;
#1197 = EDGE_CURVE ( 'NONE', #5290, #9370, #7411, .T. ) ;
#1198 = ORIENTED_EDGE ( 'NONE', *, *, #3008, .T. ) ;
#1199 = DIRECTION ( 'NONE',  ( -0.9938370308809506559, -0.1108510534444136914, -3.870343844922732447E-16 ) ) ;
#1200 = DIRECTION ( 'NONE',  ( -0.1108510534444137469, -0.9938370308809506559, -3.448999966305766196E-15 ) ) ;
#1201 = ORIENTED_EDGE ( 'NONE', *, *, #10339, .T. ) ;
#1202 = CARTESIAN_POINT ( 'NONE',  ( 0.000000000000000000, 1.959999999999999964, -0.4350000000000000533 ) ) ;
#1203 = CARTESIAN_POINT ( 'NONE',  ( -25.39999999999996305, 0.000000000000000000, 0.000000000000000000 ) ) ;
#1204 = CIRCLE ( 'NONE', #10214, 3.500000000000000000 ) ;
#1205 = VECTOR ( 'NONE', #6132, 1000.000000000000000 ) ;
#1206 =( LENGTH_UNIT ( ) NAMED_UNIT ( * ) SI_UNIT ( .MILLI., .METRE. ) );
#1207 = CARTESIAN_POINT ( 'NONE',  ( 1.949999999999999956, 0.2174999999999999989, 0.2174999999999999711 ) ) ;
#1208 = CARTESIAN_POINT ( 'NONE',  ( -25.39999999999996305, 0.000000000000000000, 0.000000000000000000 ) ) ;
#1209 = ORIENTED_EDGE ( 'NONE', *, *, #5407, .F. ) ;
#1210 = FACE_OUTER_BOUND ( 'NONE', #9735, .T. ) ;
#1211 = EDGE_CURVE ( 'NONE', #2218, #3227, #2654, .T. ) ;
#1212 = VERTEX_POINT ( 'NONE', #5564 ) ;
#1213 = AXIS2_PLACEMENT_3D ( 'NONE', #9656, #1720, #4137 ) ;
#1214 = CIRCLE ( 'NONE', #6062, 0.4199999999999998179 ) ;
#1215 = FACE_OUTER_BOUND ( 'NONE', #8882, .T. ) ;
#1216 = CIRCLE ( 'NONE', #730, 3.311827956989247479 ) ;
#1217 = ORIENTED_EDGE ( 'NONE', *, *, #1970, .F. ) ;
#1218 =( LENGTH_UNIT ( ) NAMED_UNIT ( * ) SI_UNIT ( .MILLI., .METRE. ) );
#1219 = DIRECTION ( 'NONE',  ( 0.7431005017819711789, -0.08288428673721758011, -0.6640269868487616023 ) ) ;
#1220 = DIRECTION ( 'NONE',  ( -1.000000000000000000, -0.000000000000000000, -0.000000000000000000 ) ) ;
#1221 = CIRCLE ( 'NONE', #7723, 1.749999999999999778 ) ;
#1222 =( NAMED_UNIT ( * ) SI_UNIT ( $, .STERADIAN. ) SOLID_ANGLE_UNIT ( ) );
#1223 =( LENGTH_UNIT ( ) NAMED_UNIT ( * ) SI_UNIT ( .MILLI., .METRE. ) );
#1224 = EDGE_CURVE ( 'NONE', #1015, #3929, #9601, .T. ) ;
#1225 = ORIENTED_EDGE ( 'NONE', *, *, #549, .T. ) ;
#1226 =( GEOMETRIC_REPRESENTATION_CONTEXT ( 3 ) GLOBAL_UNCERTAINTY_ASSIGNED_CONTEXT ( ( #9026 ) ) GLOBAL_UNIT_ASSIGNED_CONTEXT ( ( #4323, #1233, #7399 ) ) REPRESENTATION_CONTEXT ( 'NONE', 'WORKASPACE' ) );
#1227 = STYLED_ITEM ( 'NONE', ( #827 ), #2720 ) ;
#1228 = PRESENTATION_STYLE_ASSIGNMENT (( #2949 ) ) ;
#1229 = SURFACE_SIDE_STYLE ('',( #5945 ) ) ;
#1230 = DIRECTION ( 'NONE',  ( -1.000000000000000000, -0.000000000000000000, -0.000000000000000000 ) ) ;
#1231 = CARTESIAN_POINT ( 'NONE',  ( 0.9968214519863044520, 0.000000000000000000, 0.000000000000000000 ) ) ;
#1232 = CARTESIAN_POINT ( 'NONE',  ( 2.599999999999998312, 0.000000000000000000, 0.000000000000000000 ) ) ;
#1233 =( NAMED_UNIT ( * ) PLANE_ANGLE_UNIT ( ) SI_UNIT ( $, .RADIAN. ) );
#1234 = CARTESIAN_POINT ( 'NONE',  ( 0.03111693966988560850, 0.4315292644214372975, -0.4315292644214357431 ) ) ;
#1235 = DIRECTION ( 'NONE',  ( -1.000000000000000000, -0.000000000000000000, -0.000000000000000000 ) ) ;
#1236 =( GEOMETRIC_REPRESENTATION_CONTEXT ( 3 ) GLOBAL_UNCERTAINTY_ASSIGNED_CONTEXT ( ( #9355 ) ) GLOBAL_UNIT_ASSIGNED_CONTEXT ( ( #5465, #538, #5319 ) ) REPRESENTATION_CONTEXT ( 'NONE', 'WORKASPACE' ) );
#1237 = AXIS2_PLACEMENT_3D ( 'NONE', #9411, #3035, #7061 ) ;
#1238 = VERTEX_POINT ( 'NONE', #3219 ) ;
#1239 = EDGE_CURVE ( 'NONE', #722, #8496, #5644, .T. ) ;
#1240 = LINE ( 'NONE', #6840, #39 ) ;
#1241 = EDGE_LOOP ( 'NONE', ( #1005, #7848, #7192, #481 ) ) ;
#1242 = EDGE_LOOP ( 'NONE', ( #7539, #7515, #73, #5597 ) ) ;
#1243 = CARTESIAN_POINT ( 'NONE',  ( 0.9968214519863044520, 0.000000000000000000, 0.000000000000000000 ) ) ;
#1244 = COLOUR_RGB ( '',0.7921568627450980005, 0.8196078431372548767, 0.9333333333333333481 ) ;
#1245 = PRESENTATION_LAYER_ASSIGNMENT (  '', '', ( #750 ) ) ;
#1246 = CIRCLE ( 'NONE', #1569, 5.995482475482741158 ) ;
#1247 = DIRECTION ( 'NONE',  ( 0.7456662065614396706, 0.6663196743247736809, 0.000000000000000000 ) ) ;
#1248 =( NAMED_UNIT ( * ) PLANE_ANGLE_UNIT ( ) SI_UNIT ( $, .RADIAN. ) );
#1249 = FILL_AREA_STYLE ('',( #6580 ) ) ;
#1250 = DIRECTION ( 'NONE',  ( 0.000000000000000000, -1.246209393661499619E-16, 1.000000000000000000 ) ) ;
#1251 = FACE_OUTER_BOUND ( 'NONE', #10155, .T. ) ;
#1252 = AXIS2_PLACEMENT_3D ( 'NONE', #2680, #8383, #7557 ) ;
#1253 = ORIENTED_EDGE ( 'NONE', *, *, #7235, .F. ) ;
#1254 = VERTEX_POINT ( 'NONE', #7308 ) ;
#1255 = DIRECTION ( 'NONE',  ( 0.000000000000000000, 0.000000000000000000, 1.000000000000000000 ) ) ;
#1256 = CARTESIAN_POINT ( 'NONE',  ( 5.974195292295553905, -0.2313525518329657138, -8.028830871489587498E-16 ) ) ;
#1257 = CARTESIAN_POINT ( 'NONE',  ( 0.2666411873824114376, -0.4052592521765831513, 1.721732169736483131 ) ) ;
#1258 = PRESENTATION_STYLE_ASSIGNMENT (( #2763 ) ) ;
#1259 = CARTESIAN_POINT ( 'NONE',  ( 22.60000000000000142, 1.749999999999999778, 0.000000000000000000 ) ) ;
#1260 = AXIS2_PLACEMENT_3D ( 'NONE', #1553, #2384, #9549 ) ;
#1261 = DIRECTION ( 'NONE',  ( 0.7456662065614397816, 0.6663196743247735698, 0.000000000000000000 ) ) ;
#1262 = DIRECTION ( 'NONE',  ( -0.1108510534444136914, 1.257808851980383614E-16, -0.9938370308809506559 ) ) ;
#1263 =( LENGTH_UNIT ( ) NAMED_UNIT ( * ) SI_UNIT ( .MILLI., .METRE. ) );
#1264 = ORIENTED_EDGE ( 'NONE', *, *, #8937, .F. ) ;
#1265 = SURFACE_STYLE_FILL_AREA ( #3791 ) ;
#1266 = CARTESIAN_POINT ( 'NONE',  ( 5.974195292295553905, 2.619630734554813543E-16, -0.2313525518329656583 ) ) ;
#1267 = ORIENTED_EDGE ( 'NONE', *, *, #6664, .T. ) ;
#1268 =( NAMED_UNIT ( * ) SI_UNIT ( $, .STERADIAN. ) SOLID_ANGLE_UNIT ( ) );
#1269 = DIRECTION ( 'NONE',  ( -0.1108510534444137469, 2.096348086633972484E-17, 0.9938370308809506559 ) ) ;
#1270 = VERTEX_POINT ( 'NONE', #3172 ) ;
#1271 = ADVANCED_FACE ( 'NONE', ( #4953 ), #7997, .T. ) ;
#1272 = SURFACE_SIDE_STYLE ('',( #7690 ) ) ;
#1273 = VECTOR ( 'NONE', #3972, 1000.000000000000000 ) ;
#1274 = CARTESIAN_POINT ( 'NONE',  ( 0.2666411873824114376, 0.4052592521765831513, -1.721732169736484019 ) ) ;
#1275 = DIRECTION ( 'NONE',  ( 0.6663196743247735698, 2.696405268330496621E-15, -0.7456662065614397816 ) ) ;
#1276 = UNCERTAINTY_MEASURE_WITH_UNIT (LENGTH_MEASURE( 1.000000000000000082E-05 ), #1432, 'distance_accuracy_value', 'NONE');
#1277 = FACE_OUTER_BOUND ( 'NONE', #786, .T. ) ;
#1278 = ORIENTED_EDGE ( 'NONE', *, *, #729, .F. ) ;
#1279 = CIRCLE ( 'NONE', #1767, 3.500000000000000444 ) ;
#1280 = SPHERICAL_SURFACE ( 'NONE', #5526, 6.000000000000000000 ) ;
#1281 = EDGE_CURVE ( 'NONE', #8456, #4114, #7255, .T. ) ;
#1282 = FILL_AREA_STYLE_COLOUR ( '', #5930 ) ;
#1283 = CARTESIAN_POINT ( 'NONE',  ( 5.974195292295553905, 0.2313525518329656860, 8.370432990360215258E-16 ) ) ;
#1284 = DIRECTION ( 'NONE',  ( 1.000000000000000000, 0.000000000000000000, 0.000000000000000000 ) ) ;
#1285 = DIRECTION ( 'NONE',  ( 0.7456662065614396706, 0.6663196743247736809, 0.000000000000000000 ) ) ;
#1286 = STYLED_ITEM ( 'NONE', ( #6483 ), #4299 ) ;
#1287 = ORIENTED_EDGE ( 'NONE', *, *, #9277, .F. ) ;
#1288 = DIRECTION ( 'NONE',  ( -0.9877866216249070463, 0.1101762001043161965, 0.1101762001043165434 ) ) ;
#1289 = UNCERTAINTY_MEASURE_WITH_UNIT (LENGTH_MEASURE( 1.000000000000000082E-05 ), #1762, 'distance_accuracy_value', 'NONE');
#1290 = EDGE_LOOP ( 'NONE', ( #2760, #9419, #3708 ) ) ;
#1291 = UNCERTAINTY_MEASURE_WITH_UNIT (LENGTH_MEASURE( 1.000000000000000082E-05 ), #3495, 'distance_accuracy_value', 'NONE');
#1292 = EDGE_LOOP ( 'NONE', ( #8446, #10120, #606, #834, #2574 ) ) ;
#1293 = VERTEX_POINT ( 'NONE', #364 ) ;
#1294 = EDGE_CURVE ( 'NONE', #9747, #2962, #9966, .T. ) ;
#1295 =( NAMED_UNIT ( * ) PLANE_ANGLE_UNIT ( ) SI_UNIT ( $, .RADIAN. ) );
#1296 = PLANE ( 'NONE',  #7607 ) ;
#1297 = DIRECTION ( 'NONE',  ( 0.6663196743247736809, 0.7456662065614397816, 0.000000000000000000 ) ) ;
#1298 = APPLICATION_PROTOCOL_DEFINITION ( 'draft international standard', 'automotive_design', 1998, #4482 ) ;
#1299 = UNCERTAINTY_MEASURE_WITH_UNIT (LENGTH_MEASURE( 1.000000000000000082E-05 ), #544, 'distance_accuracy_value', 'NONE');
#1300 = VERTEX_POINT ( 'NONE', #2640 ) ;
#1301 = FACE_OUTER_BOUND ( 'NONE', #6643, .T. ) ;
#1302 = LINE ( 'NONE', #8574, #5532 ) ;
#1303 = FILL_AREA_STYLE_COLOUR ( '', #8692 ) ;
#1304 = PRESENTATION_LAYER_ASSIGNMENT (  '', '', ( #5305 ) ) ;
#1305 = SURFACE_STYLE_USAGE ( .BOTH. , #1835 ) ;
#1306 =( NAMED_UNIT ( * ) PLANE_ANGLE_UNIT ( ) SI_UNIT ( $, .RADIAN. ) );
#1307 =( NAMED_UNIT ( * ) PLANE_ANGLE_UNIT ( ) SI_UNIT ( $, .RADIAN. ) );
#1308 = ORIENTED_EDGE ( 'NONE', *, *, #7460, .F. ) ;
#1309 = CARTESIAN_POINT ( 'NONE',  ( 1.347043950347265318, 4.286263797015737088E-16, -3.500000000000000444 ) ) ;
#1310 = SURFACE_STYLE_USAGE ( .BOTH. , #8067 ) ;
#1311 = MECHANICAL_DESIGN_GEOMETRIC_PRESENTATION_REPRESENTATION (  '', ( #9481 ), #8658 ) ;
#1312 = ORIENTED_EDGE ( 'NONE', *, *, #3740, .F. ) ;
#1313 = DIRECTION ( 'NONE',  ( 0.7456662065614397816, 0.6663196743247735698, 0.000000000000000000 ) ) ;
#1314 = CARTESIAN_POINT ( 'NONE',  ( 2.599999999999998312, 0.000000000000000000, 1.749999999999999778 ) ) ;
#1315 = AXIS2_PLACEMENT_3D ( 'NONE', #4142, #3505, #3396 ) ;
#1316 = ORIENTED_EDGE ( 'NONE', *, *, #6448, .T. ) ;
#1317 = AXIS2_PLACEMENT_3D ( 'NONE', #8634, #2335, #5518 ) ;
#1318 = VECTOR ( 'NONE', #17, 999.9999999999998863 ) ;
#1319 = CARTESIAN_POINT ( 'NONE',  ( 18.60000000000000142, 0.000000000000000000, 0.000000000000000000 ) ) ;
#1320 = DIRECTION ( 'NONE',  ( 0.7456662065614395596, 0.000000000000000000, -0.6663196743247737919 ) ) ;
#1321 = COLOUR_RGB ( '',0.7764705882352941346, 0.7568627450980391913, 0.7372549019607843590 ) ;
#1322 = STYLED_ITEM ( 'NONE', ( #2422 ), #5062 ) ;
#1323 = ADVANCED_FACE ( 'NONE', ( #4393 ), #10018, .F. ) ;
#1324 = ADVANCED_FACE ( 'NONE', ( #6848 ), #8337, .T. ) ;
#1325 = DIRECTION ( 'NONE',  ( 0.000000000000000000, -1.224646799147354193E-16, 1.000000000000000000 ) ) ;
#1326 = EDGE_LOOP ( 'NONE', ( #7810, #1225, #5984, #4574 ) ) ;
#1327 = CARTESIAN_POINT ( 'NONE',  ( -3.469446951953614189E-15, 0.000000000000000000, -72.00000000000001421 ) ) ;
#1328 = DIRECTION ( 'NONE',  ( 0.7431005017819711789, -0.08288428673722218754, 0.6640269868487610472 ) ) ;
#1329 = DIRECTION ( 'NONE',  ( 0.000000000000000000, 0.000000000000000000, 1.000000000000000000 ) ) ;
#1330 = VECTOR ( 'NONE', #850, 1000.000000000000000 ) ;
#1331 = MECHANICAL_DESIGN_GEOMETRIC_PRESENTATION_REPRESENTATION (  '', ( #6494 ), #687 ) ;
#1332 = CARTESIAN_POINT ( 'NONE',  ( 0.9968214519863044520, 0.000000000000000000, 3.311827956989247479 ) ) ;
#1333 = FILL_AREA_STYLE ('',( #8436 ) ) ;
#1334 = DIRECTION ( 'NONE',  ( 0.000000000000000000, 1.000000000000000000, 0.000000000000000000 ) ) ;
#1335 = PRESENTATION_LAYER_ASSIGNMENT (  '', '', ( #7989 ) ) ;
#1336 =( NAMED_UNIT ( * ) PLANE_ANGLE_UNIT ( ) SI_UNIT ( $, .RADIAN. ) );
#1337 = SURFACE_STYLE_USAGE ( .BOTH. , #10117 ) ;
#1338 = CARTESIAN_POINT ( 'NONE',  ( 6.000000000000000000, 2.326828918379972351E-16, 0.000000000000000000 ) ) ;
#1339 = EDGE_LOOP ( 'NONE', ( #7535, #4738 ) ) ;
#1340 = ORIENTED_EDGE ( 'NONE', *, *, #7475, .F. ) ;
#1341 = AXIS2_PLACEMENT_3D ( 'NONE', #4212, #6382, #8891 ) ;
#1342 = ADVANCED_FACE ( 'NONE', ( #2869 ), #134, .T. ) ;
#1343 = STYLED_ITEM ( 'NONE', ( #8369 ), #6158 ) ;
#1344 = VERTEX_POINT ( 'NONE', #9858 ) ;
#1345 = DIRECTION ( 'NONE',  ( 0.000000000000000000, 1.000000000000000000, 0.000000000000000000 ) ) ;
#1346 = TOROIDAL_SURFACE ( 'NONE', #7023, 3.080000000000000515, 0.4200000000000000400 ) ;
#1347 = ORIENTED_EDGE ( 'NONE', *, *, #4210, .T. ) ;
#1348 = DIRECTION ( 'NONE',  ( -1.000000000000000000, -0.000000000000000000, -0.000000000000000000 ) ) ;
#1349 = CARTESIAN_POINT ( 'NONE',  ( 1.949999999999999956, -0.2175000000000000266, -0.2174999999999999989 ) ) ;
#1350 = FILL_AREA_STYLE ('',( #10228 ) ) ;
#1351 = DIRECTION ( 'NONE',  ( 0.9877866216249069353, -0.1101762001043169320, 0.1101762001043165712 ) ) ;
#1352 = AXIS2_PLACEMENT_3D ( 'NONE', #4448, #8443, #6837 ) ;
#1353 =( NAMED_UNIT ( * ) PLANE_ANGLE_UNIT ( ) SI_UNIT ( $, .RADIAN. ) );
#1354 = FACE_OUTER_BOUND ( 'NONE', #1890, .T. ) ;
#1355 = AXIS2_PLACEMENT_3D ( 'NONE', #2803, #3437, #1758 ) ;
#1356 = DIRECTION ( 'NONE',  ( 0.7431005017819711789, 0.6640269868487613802, -0.08288428673721975892 ) ) ;
#1357 = AXIS2_PLACEMENT_3D ( 'NONE', #1259, #2817, #8794 ) ;
#1358 = APPLICATION_PROTOCOL_DEFINITION ( 'draft international standard', 'automotive_design', 1998, #6597 ) ;
#1359 = EDGE_CURVE ( 'NONE', #4664, #7598, #523, .T. ) ;
#1360 = VERTEX_POINT ( 'NONE', #9008 ) ;
#1361 = VECTOR ( 'NONE', #8493, 1000.000000000000000 ) ;
#1362 = MECHANICAL_DESIGN_GEOMETRIC_PRESENTATION_REPRESENTATION (  '', ( #16 ), #4853 ) ;
#1363 = PRESENTATION_STYLE_ASSIGNMENT (( #2976 ) ) ;
#1364 = SHAPE_REPRESENTATION_RELATIONSHIP ( 'NONE' , 'NONE' ,  #3360, #10311 ) ;
#1365 = CARTESIAN_POINT ( 'NONE',  ( 4.309938594911940868, -1.891316923914901471, 0.000000000000000000 ) ) ;
#1366 = DIRECTION ( 'NONE',  ( 0.6663196743247735698, -2.603479645215216163E-15, 0.7456662065614397816 ) ) ;
#1367 =( NAMED_UNIT ( * ) SI_UNIT ( $, .STERADIAN. ) SOLID_ANGLE_UNIT ( ) );
#1368 =( NAMED_UNIT ( * ) PLANE_ANGLE_UNIT ( ) SI_UNIT ( $, .RADIAN. ) );
#1369 = CIRCLE ( 'NONE', #195, 5.995482475482741158 ) ;
#1370 = PRESENTATION_LAYER_ASSIGNMENT (  '', '', ( #5862 ) ) ;
#1371 = SURFACE_STYLE_USAGE ( .BOTH. , #8460 ) ;
#1372 = FACE_OUTER_BOUND ( 'NONE', #6809, .T. ) ;
#1373 = ORIENTED_EDGE ( 'NONE', *, *, #7769, .T. ) ;
#1374 = STYLED_ITEM ( 'NONE', ( #6165 ), #6459 ) ;
#1375 = DIRECTION ( 'NONE',  ( -0.1108510534444136914, 0.9938370308809506559, 3.595744332370143179E-15 ) ) ;
#1376 = DIRECTION ( 'NONE',  ( 0.000000000000000000, 1.000000000000000000, 0.000000000000000000 ) ) ;
#1377 = ORIENTED_EDGE ( 'NONE', *, *, #8619, .F. ) ;
#1378 = VECTOR ( 'NONE', #5375, 1000.000000000000000 ) ;
#1379 = COLOUR_RGB ( '',0.7764705882352941346, 0.7568627450980391913, 0.7372549019607843590 ) ;
#1380 =( GEOMETRIC_REPRESENTATION_CONTEXT ( 3 ) GLOBAL_UNCERTAINTY_ASSIGNED_CONTEXT ( ( #6823 ) ) GLOBAL_UNIT_ASSIGNED_CONTEXT ( ( #5003, #9916, #2756 ) ) REPRESENTATION_CONTEXT ( 'NONE', 'WORKASPACE' ) );
#1381 = CARTESIAN_POINT ( 'NONE',  ( -25.39999999999996305, 0.000000000000000000, 3.500000000000000444 ) ) ;
#1382 = PRESENTATION_STYLE_ASSIGNMENT (( #2202 ) ) ;
#1383 = AXIS2_PLACEMENT_3D ( 'NONE', #12, #5490, #5582 ) ;
#1384 = DIRECTION ( 'NONE',  ( -1.000000000000000000, -0.000000000000000000, -0.000000000000000000 ) ) ;
#1385 = CIRCLE ( 'NONE', #9873, 3.500000000000000444 ) ;
#1386 = VERTEX_POINT ( 'NONE', #1234 ) ;
#1387 = CYLINDRICAL_SURFACE ( 'NONE', #6899, 1.749999999999999778 ) ;
#1388 = AXIS2_PLACEMENT_3D ( 'NONE', #8962, #5782, #1807 ) ;
#1389 = DIRECTION ( 'NONE',  ( 1.000000000000000000, 0.000000000000000000, 0.000000000000000000 ) ) ;
#1390 =( NAMED_UNIT ( * ) SI_UNIT ( $, .STERADIAN. ) SOLID_ANGLE_UNIT ( ) );
#1391 = DIRECTION ( 'NONE',  ( -1.000000000000000000, -0.000000000000000000, -0.000000000000000000 ) ) ;
#1392 = CARTESIAN_POINT ( 'NONE',  ( -25.39999999999996305, 0.000000000000000000, 3.500000000000000444 ) ) ;
#1393 = FILL_AREA_STYLE ('',( #8654 ) ) ;
#1394 = CARTESIAN_POINT ( 'NONE',  ( 5.974195292295553905, -0.2313525518329657138, -8.028830871489587498E-16 ) ) ;
#1395 = VECTOR ( 'NONE', #9006, 1000.000000000000000 ) ;
#1396 = ORIENTED_EDGE ( 'NONE', *, *, #9528, .T. ) ;
#1397 = CARTESIAN_POINT ( 'NONE',  ( 1.347043950347265318, 0.000000000000000000, 0.000000000000000000 ) ) ;
#1398 = STYLED_ITEM ( 'NONE', ( #5720 ), #8245 ) ;
#1399 = UNCERTAINTY_MEASURE_WITH_UNIT (LENGTH_MEASURE( 1.000000000000000082E-05 ), #3150, 'distance_accuracy_value', 'NONE');
#1400 = MECHANICAL_DESIGN_GEOMETRIC_PRESENTATION_REPRESENTATION (  '', ( #6557 ), #4415 ) ;
#1401 = ORIENTED_EDGE ( 'NONE', *, *, #504, .F. ) ;
#1402 = AXIS2_PLACEMENT_3D ( 'NONE', #1768, #4101, #3401 ) ;
#1403 = PRODUCT_DEFINITION_CONTEXT ( 'detailed design', #9595, 'design' ) ;
#1404 = ORIENTED_EDGE ( 'NONE', *, *, #8274, .F. ) ;
#1405 = CARTESIAN_POINT ( 'NONE',  ( -25.39999999999996305, 0.000000000000000000, 1.749999999999999778 ) ) ;
#1406 = ORIENTED_EDGE ( 'NONE', *, *, #7538, .T. ) ;
#1407 = CARTESIAN_POINT ( 'NONE',  ( 5.974195292295553905, 2.619630734554813543E-16, -0.2313525518329656583 ) ) ;
#1408 = DIRECTION ( 'NONE',  ( -0.9938370308809507669, 0.000000000000000000, 0.1108510534444137052 ) ) ;
#1409 = CIRCLE ( 'NONE', #744, 3.500000000000000444 ) ;
#1410 = COLOUR_RGB ( '',0.7764705882352941346, 0.7568627450980391913, 0.7372549019607843590 ) ;
#1411 = VECTOR ( 'NONE', #5778, 1000.000000000000000 ) ;
#1412 = FILL_AREA_STYLE_COLOUR ( '', #369 ) ;
#1413 = DIRECTION ( 'NONE',  ( -0.000000000000000000, 0.000000000000000000, 1.000000000000000000 ) ) ;
#1414 = EDGE_CURVE ( 'NONE', #5865, #7927, #6017, .T. ) ;
#1415 = SURFACE_STYLE_FILL_AREA ( #7003 ) ;
#1416 = UNCERTAINTY_MEASURE_WITH_UNIT (LENGTH_MEASURE( 1.000000000000000082E-05 ), #8132, 'distance_accuracy_value', 'NONE');
#1417 = UNCERTAINTY_MEASURE_WITH_UNIT (LENGTH_MEASURE( 1.000000000000000082E-05 ), #8673, 'distance_accuracy_value', 'NONE');
#1418 = STYLED_ITEM ( 'NONE', ( #6765 ), #8602 ) ;
#1419 = ORIENTED_EDGE ( 'NONE', *, *, #1942, .F. ) ;
#1420 = COLOUR_RGB ( '',0.7764705882352941346, 0.7568627450980391913, 0.7372549019607843590 ) ;
#1421 =( GEOMETRIC_REPRESENTATION_CONTEXT ( 3 ) GLOBAL_UNCERTAINTY_ASSIGNED_CONTEXT ( ( #7779 ) ) GLOBAL_UNIT_ASSIGNED_CONTEXT ( ( #7712, #9520, #8743 ) ) REPRESENTATION_CONTEXT ( 'NONE', 'WORKASPACE' ) );
#1422 = DIRECTION ( 'NONE',  ( 0.000000000000000000, 1.000000000000000000, 6.231046968307495628E-17 ) ) ;
#1423 = FILL_AREA_STYLE_COLOUR ( '', #2045 ) ;
#1424 = PRESENTATION_STYLE_ASSIGNMENT (( #9500 ) ) ;
#1425 = DIRECTION ( 'NONE',  ( -0.7456662065614396706, 0.6663196743247736809, 0.000000000000000000 ) ) ;
#1426 = EDGE_CURVE ( 'NONE', #989, #5356, #7839, .T. ) ;
#1427 = STYLED_ITEM ( 'NONE', ( #9899 ), #3048 ) ;
#1428 = VERTEX_POINT ( 'NONE', #1998 ) ;
#1429 = ORIENTED_EDGE ( 'NONE', *, *, #9217, .T. ) ;
#1430 = AXIS2_PLACEMENT_3D ( 'NONE', #6416, #3984, #3123 ) ;
#1431 = DIRECTION ( 'NONE',  ( -1.000000000000000000, -0.000000000000000000, -0.000000000000000000 ) ) ;
#1432 =( LENGTH_UNIT ( ) NAMED_UNIT ( * ) SI_UNIT ( .MILLI., .METRE. ) );
#1433 = CARTESIAN_POINT ( 'NONE',  ( 1.949999999999999956, 0.2175000000000001377, 0.2174999999999999711 ) ) ;
#1434 = DIRECTION ( 'NONE',  ( 0.7431005017819711789, -0.6640269868487613802, 0.08288428673721989770 ) ) ;
#1435 = EDGE_CURVE ( 'NONE', #4044, #9517, #9182, .T. ) ;
#1436 = PLANE ( 'NONE',  #5658 ) ;
#1437 = SURFACE_STYLE_FILL_AREA ( #8600 ) ;
#1438 = VERTEX_POINT ( 'NONE', #1119 ) ;
#1439 = VECTOR ( 'NONE', #9539, 1000.000000000000000 ) ;
#1440 = CARTESIAN_POINT ( 'NONE',  ( 0.000000000000000000, 0.000000000000000000, -40.00000000000000711 ) ) ;
#1441 = SURFACE_STYLE_FILL_AREA ( #1333 ) ;
#1442 = FILL_AREA_STYLE ('',( #8605 ) ) ;
#1443 = DIRECTION ( 'NONE',  ( -0.7456662065614397816, 0.6663196743247735698, 0.000000000000000000 ) ) ;
#1444 = CARTESIAN_POINT ( 'NONE',  ( 1.347043950347263763, 0.000000000000000000, 0.000000000000000000 ) ) ;
#1445 = ORIENTED_EDGE ( 'NONE', *, *, #9609, .F. ) ;
#1446 = ORIENTED_EDGE ( 'NONE', *, *, #4284, .T. ) ;
#1447 = ADVANCED_FACE ( 'NONE', ( #7448 ), #3597, .T. ) ;
#1448 = ORIENTED_EDGE ( 'NONE', *, *, #582, .F. ) ;
#1449 = CARTESIAN_POINT ( 'NONE',  ( 4.309938594911940868, 1.891316923914901471, 2.356976916973721757E-16 ) ) ;
#1450 = DIRECTION ( 'NONE',  ( 0.000000000000000000, 0.000000000000000000, -1.000000000000000000 ) ) ;
#1451 = CIRCLE ( 'NONE', #2274, 5.437518987584765817 ) ;
#1452 = DIRECTION ( 'NONE',  ( -0.9938370308809507669, -0.1108510534444137052, 0.000000000000000000 ) ) ;
#1453 = CARTESIAN_POINT ( 'NONE',  ( 0.000000000000000000, -1.959999999999999964, 0.4349999999999996092 ) ) ;
#1454 = ORIENTED_EDGE ( 'NONE', *, *, #6179, .F. ) ;
#1455 = EDGE_CURVE ( 'NONE', #3790, #978, #3685, .T. ) ;
#1456 = ADVANCED_FACE ( 'NONE', ( #2790 ), #5992, .F. ) ;
#1457 = DIRECTION ( 'NONE',  ( -0.1108510534444137469, 2.096348086633972484E-17, 0.9938370308809506559 ) ) ;
#1458 = CARTESIAN_POINT ( 'NONE',  ( 1.949999999999999956, -0.2175000000000007205, 0.2174999999999993883 ) ) ;
#1459 = DIRECTION ( 'NONE',  ( -1.000000000000000000, -0.000000000000000000, -0.000000000000000000 ) ) ;
#1460 = FACE_OUTER_BOUND ( 'NONE', #2437, .T. ) ;
#1461 = SURFACE_SIDE_STYLE ('',( #3220 ) ) ;
#1462 = ORIENTED_EDGE ( 'NONE', *, *, #3136, .T. ) ;
#1463 = FILL_AREA_STYLE_COLOUR ( '', #3493 ) ;
#1464 = VERTEX_POINT ( 'NONE', #10217 ) ;
#1465 = EDGE_CURVE ( 'NONE', #2056, #8839, #5349, .T. ) ;
#1466 = DIRECTION ( 'NONE',  ( -0.9877866216249070463, -0.1101762001043161271, -0.1101762001043165851 ) ) ;
#1467 =( NAMED_UNIT ( * ) PLANE_ANGLE_UNIT ( ) SI_UNIT ( $, .RADIAN. ) );
#1468 = PRESENTATION_LAYER_ASSIGNMENT (  '', '', ( #9644 ) ) ;
#1469 = DIRECTION ( 'NONE',  ( 0.7456662065614397816, -2.326442708608981349E-15, 0.6663196743247735698 ) ) ;
#1470 = VECTOR ( 'NONE', #1434, 1000.000000000000000 ) ;
#1471 = EDGE_CURVE ( 'NONE', #906, #3860, #4849, .T. ) ;
#1472 = EDGE_LOOP ( 'NONE', ( #6841, #4826, #5636, #3885, #76 ) ) ;
#1473 =( GEOMETRIC_REPRESENTATION_CONTEXT ( 3 ) GLOBAL_UNCERTAINTY_ASSIGNED_CONTEXT ( ( #6200 ) ) GLOBAL_UNIT_ASSIGNED_CONTEXT ( ( #7466, #3277, #6696 ) ) REPRESENTATION_CONTEXT ( 'NONE', 'WORKASPACE' ) );
#1474 = CIRCLE ( 'NONE', #9489, 5.995482475482740270 ) ;
#1475 = DIRECTION ( 'NONE',  ( 0.000000000000000000, 0.000000000000000000, 1.000000000000000000 ) ) ;
#1476 = LINE ( 'NONE', #3299, #4002 ) ;
#1477 = FACE_OUTER_BOUND ( 'NONE', #1740, .T. ) ;
#1478 = DIRECTION ( 'NONE',  ( -1.000000000000000000, -0.000000000000000000, -0.000000000000000000 ) ) ;
#1479 =( NAMED_UNIT ( * ) PLANE_ANGLE_UNIT ( ) SI_UNIT ( $, .RADIAN. ) );
#1480 = CARTESIAN_POINT ( 'NONE',  ( 0.03111693966988560850, 0.4315292644214372975, -0.4315292644214357431 ) ) ;
#1481 = DIRECTION ( 'NONE',  ( 0.9938370308809506559, 0.000000000000000000, 0.1108510534444137469 ) ) ;
#1482 = STYLED_ITEM ( 'NONE', ( #966 ), #5519 ) ;
#1483 = EDGE_LOOP ( 'NONE', ( #7044, #6465, #3568, #5954, #4586 ) ) ;
#1484 = UNCERTAINTY_MEASURE_WITH_UNIT (LENGTH_MEASURE( 1.000000000000000082E-05 ), #9892, 'distance_accuracy_value', 'NONE');
#1485 = EDGE_LOOP ( 'NONE', ( #6601, #6682, #854 ) ) ;
#1486 = AXIS2_PLACEMENT_3D ( 'NONE', #3344, #106, #6532 ) ;
#1487 = DIRECTION ( 'NONE',  ( 0.6663196743247736809, -0.7456662065614397816, -9.292562311528023527E-17 ) ) ;
#1488 = PRESENTATION_LAYER_ASSIGNMENT (  '', '', ( #9667 ) ) ;
#1489 = AXIS2_PLACEMENT_3D ( 'NONE', #9756, #5738, #1020 ) ;
#1490 = PRESENTATION_STYLE_ASSIGNMENT (( #7771 ) ) ;
#1491 = CARTESIAN_POINT ( 'NONE',  ( 2.600000000000000089, 1.749999999999999778, 0.000000000000000000 ) ) ;
#1492 = DIRECTION ( 'NONE',  ( -0.000000000000000000, 0.000000000000000000, 1.000000000000000000 ) ) ;
#1493 = CARTESIAN_POINT ( 'NONE',  ( 5.974195292295553905, 0.2313525518329656860, 8.370432990360215258E-16 ) ) ;
#1494 = SURFACE_STYLE_FILL_AREA ( #7821 ) ;
#1495 = PRESENTATION_LAYER_ASSIGNMENT (  '', '', ( #3331 ) ) ;
#1496 = DIRECTION ( 'NONE',  ( -1.000000000000000000, -0.000000000000000000, -0.000000000000000000 ) ) ;
#1497 = STYLED_ITEM ( 'NONE', ( #6342 ), #5927 ) ;
#1498 = UNCERTAINTY_MEASURE_WITH_UNIT (LENGTH_MEASURE( 1.000000000000000082E-05 ), #5441, 'distance_accuracy_value', 'NONE');
#1499 = AXIS2_PLACEMENT_3D ( 'NONE', #5887, #3483, #6833 ) ;
#1500 = ORIENTED_EDGE ( 'NONE', *, *, #6067, .T. ) ;
#1501 = COLOUR_RGB ( '',0.7764705882352941346, 0.7568627450980391913, 0.7372549019607843590 ) ;
#1502 = AXIS2_PLACEMENT_3D ( 'NONE', #1161, #5979, #6659 ) ;
#1503 = CARTESIAN_POINT ( 'NONE',  ( 1.347043950347263763, 0.000000000000000000, 0.000000000000000000 ) ) ;
#1504 = DIRECTION ( 'NONE',  ( -0.1108510534444137469, -0.9938370308809506559, -3.448999966305766196E-15 ) ) ;
#1505 =( GEOMETRIC_REPRESENTATION_CONTEXT ( 3 ) GLOBAL_UNCERTAINTY_ASSIGNED_CONTEXT ( ( #7057 ) ) GLOBAL_UNIT_ASSIGNED_CONTEXT ( ( #1979, #5075, #5225 ) ) REPRESENTATION_CONTEXT ( 'NONE', 'WORKASPACE' ) );
#1506 = EDGE_CURVE ( 'NONE', #1293, #2236, #10160, .T. ) ;
#1507 = DIRECTION ( 'NONE',  ( -0.1108510534444136914, 1.257808851980383614E-16, -0.9938370308809506559 ) ) ;
#1508 = EDGE_CURVE ( 'NONE', #5865, #9410, #2215, .T. ) ;
#1509 = ORIENTED_EDGE ( 'NONE', *, *, #2518, .T. ) ;
#1510 = PLANE ( 'NONE',  #2142 ) ;
#1511 = AXIS2_PLACEMENT_3D ( 'NONE', #3955, #2899, #1329 ) ;
#1512 =( GEOMETRIC_REPRESENTATION_CONTEXT ( 3 ) GLOBAL_UNCERTAINTY_ASSIGNED_CONTEXT ( ( #1589 ) ) GLOBAL_UNIT_ASSIGNED_CONTEXT ( ( #8247, #4296, #8973 ) ) REPRESENTATION_CONTEXT ( 'NONE', 'WORKASPACE' ) );
#1513 = UNCERTAINTY_MEASURE_WITH_UNIT (LENGTH_MEASURE( 1.000000000000000082E-05 ), #5243, 'distance_accuracy_value', 'NONE');
#1514 = ORIENTED_EDGE ( 'NONE', *, *, #3934, .F. ) ;
#1515 = CARTESIAN_POINT ( 'NONE',  ( 1.949999999999999956, -0.2175000000000007205, 0.2174999999999993883 ) ) ;
#1516 = CARTESIAN_POINT ( 'NONE',  ( 0.000000000000000000, 1.959999999999999964, -0.4350000000000000533 ) ) ;
#1517 = MECHANICAL_DESIGN_GEOMETRIC_PRESENTATION_REPRESENTATION (  '', ( #726 ), #1678 ) ;
#1518 = AXIS2_PLACEMENT_3D ( 'NONE', #8303, #9875, #1151 ) ;
#1519 = MECHANICAL_DESIGN_GEOMETRIC_PRESENTATION_REPRESENTATION (  '', ( #5864 ), #8707 ) ;
#1520 = DIRECTION ( 'NONE',  ( 0.000000000000000000, -1.000000000000000000, -1.246209393661499126E-16 ) ) ;
#1521 = ADVANCED_FACE ( 'NONE', ( #8549 ), #1346, .T. ) ;
#1522 = DIRECTION ( 'NONE',  ( 0.000000000000000000, 0.000000000000000000, 1.000000000000000000 ) ) ;
#1523 = PRESENTATION_LAYER_ASSIGNMENT (  '', '', ( #4225 ) ) ;
#1524 = ORIENTED_EDGE ( 'NONE', *, *, #4856, .T. ) ;
#1525 = DIRECTION ( 'NONE',  ( -1.000000000000000000, -0.000000000000000000, -0.000000000000000000 ) ) ;
#1526 = DIRECTION ( 'NONE',  ( 0.000000000000000000, 0.000000000000000000, 1.000000000000000000 ) ) ;
#1527 =( LENGTH_UNIT ( ) NAMED_UNIT ( * ) SI_UNIT ( .MILLI., .METRE. ) );
#1528 = DIRECTION ( 'NONE',  ( 0.6663196743247735698, 0.7456662065614397816, 0.000000000000000000 ) ) ;
#1529 = CARTESIAN_POINT ( 'NONE',  ( 2.599999999999998312, 0.000000000000000000, 0.000000000000000000 ) ) ;
#1530 =( GEOMETRIC_REPRESENTATION_CONTEXT ( 3 ) GLOBAL_UNCERTAINTY_ASSIGNED_CONTEXT ( ( #8155 ) ) GLOBAL_UNIT_ASSIGNED_CONTEXT ( ( #2985, #2079, #7729 ) ) REPRESENTATION_CONTEXT ( 'NONE', 'WORKASPACE' ) );
#1531 = EDGE_CURVE ( 'NONE', #7662, #1108, #9436, .T. ) ;
#1532 = EDGE_LOOP ( 'NONE', ( #4492, #4500, #823 ) ) ;
#1533 = AXIS2_PLACEMENT_3D ( 'NONE', #2047, #2209, #8433 ) ;
#1534 =( LENGTH_UNIT ( ) NAMED_UNIT ( * ) SI_UNIT ( .MILLI., .METRE. ) );
#1535 = ORIENTED_EDGE ( 'NONE', *, *, #9301, .F. ) ;
#1536 = MECHANICAL_DESIGN_GEOMETRIC_PRESENTATION_REPRESENTATION (  '', ( #9229 ), #2701 ) ;
#1537 = AXIS2_PLACEMENT_3D ( 'NONE', #2617, #1110, #337 ) ;
#1538 = CARTESIAN_POINT ( 'NONE',  ( 2.599999999999998312, 0.000000000000000000, 3.500000000000000000 ) ) ;
#1539 = LINE ( 'NONE', #1405, #10056 ) ;
#1540 =( LENGTH_UNIT ( ) NAMED_UNIT ( * ) SI_UNIT ( .MILLI., .METRE. ) );
#1541 =( GEOMETRIC_REPRESENTATION_CONTEXT ( 3 ) GLOBAL_UNCERTAINTY_ASSIGNED_CONTEXT ( ( #3086 ) ) GLOBAL_UNIT_ASSIGNED_CONTEXT ( ( #9547, #1295, #7669 ) ) REPRESENTATION_CONTEXT ( 'NONE', 'WORKASPACE' ) );
#1542 = DIRECTION ( 'NONE',  ( 0.9938370308809507669, 0.000000000000000000, 0.1108510534444137746 ) ) ;
#1543 = DIRECTION ( 'NONE',  ( -0.1108510534444136914, 1.257808851980383614E-16, -0.9938370308809506559 ) ) ;
#1544 = LINE ( 'NONE', #3028, #3954 ) ;
#1545 = EDGE_CURVE ( 'NONE', #9337, #5086, #6698, .T. ) ;
#1546 =( LENGTH_UNIT ( ) NAMED_UNIT ( * ) SI_UNIT ( .MILLI., .METRE. ) );
#1547 =( NAMED_UNIT ( * ) SI_UNIT ( $, .STERADIAN. ) SOLID_ANGLE_UNIT ( ) );
#1548 = VERTEX_POINT ( 'NONE', #9985 ) ;
#1549 = SURFACE_STYLE_USAGE ( .BOTH. , #7109 ) ;
#1550 = COLOUR_RGB ( '',0.7764705882352941346, 0.7568627450980391913, 0.7372549019607843590 ) ;
#1551 =( NAMED_UNIT ( * ) SI_UNIT ( $, .STERADIAN. ) SOLID_ANGLE_UNIT ( ) );
#1552 = FACE_OUTER_BOUND ( 'NONE', #9847, .T. ) ;
#1553 = CARTESIAN_POINT ( 'NONE',  ( 6.000000000000000000, 2.326828918379972351E-16, 0.000000000000000000 ) ) ;
#1554 =( LENGTH_UNIT ( ) NAMED_UNIT ( * ) SI_UNIT ( .MILLI., .METRE. ) );
#1555 = FACE_OUTER_BOUND ( 'NONE', #551, .T. ) ;
#1556 = PRESENTATION_STYLE_ASSIGNMENT (( #4663 ) ) ;
#1557 = EDGE_LOOP ( 'NONE', ( #8774, #7473, #3474, #5436 ) ) ;
#1558 = AXIS2_PLACEMENT_3D ( 'NONE', #8898, #4165, #4068 ) ;
#1559 = CIRCLE ( 'NONE', #7409, 5.995482475482740270 ) ;
#1560 = ORIENTED_EDGE ( 'NONE', *, *, #10045, .F. ) ;
#1561 = COLOUR_RGB ( '',0.7764705882352941346, 0.7568627450980391913, 0.7372549019607843590 ) ;
#1562 = ORIENTED_EDGE ( 'NONE', *, *, #9379, .T. ) ;
#1563 = SURFACE_STYLE_FILL_AREA ( #9510 ) ;
#1564 =( NAMED_UNIT ( * ) PLANE_ANGLE_UNIT ( ) SI_UNIT ( $, .RADIAN. ) );
#1565 = FILL_AREA_STYLE_COLOUR ( '', #5070 ) ;
#1566 = ADVANCED_FACE ( 'NONE', ( #7542 ), #8306, .T. ) ;
#1567 = DIRECTION ( 'NONE',  ( 0.000000000000000000, -1.000000000000000000, 0.000000000000000000 ) ) ;
#1568 = PRESENTATION_LAYER_ASSIGNMENT (  '', '', ( #1427 ) ) ;
#1569 = AXIS2_PLACEMENT_3D ( 'NONE', #70, #6289, #856 ) ;
#1570 =( LENGTH_UNIT ( ) NAMED_UNIT ( * ) SI_UNIT ( .MILLI., .METRE. ) );
#1571 = SURFACE_STYLE_FILL_AREA ( #2095 ) ;
#1572 = SURFACE_STYLE_USAGE ( .BOTH. , #1733 ) ;
#1573 = VERTEX_POINT ( 'NONE', #6770 ) ;
#1574 = CIRCLE ( 'NONE', #2077, 3.500000000000000000 ) ;
#1575 = DIRECTION ( 'NONE',  ( 0.7456662065614396706, 0.6663196743247736809, 0.000000000000000000 ) ) ;
#1576 =( LENGTH_UNIT ( ) NAMED_UNIT ( * ) SI_UNIT ( .MILLI., .METRE. ) );
#1577 = CARTESIAN_POINT ( 'NONE',  ( 0.9968214519863044520, 0.000000000000000000, 0.000000000000000000 ) ) ;
#1578 = EDGE_CURVE ( 'NONE', #9949, #1909, #6509, .T. ) ;
#1579 = CARTESIAN_POINT ( 'NONE',  ( 0.9968214519863044520, -3.311827956989247035, -4.055819506853600563E-16 ) ) ;
#1580 = LINE ( 'NONE', #2357, #8494 ) ;
#1581 =( NAMED_UNIT ( * ) SI_UNIT ( $, .STERADIAN. ) SOLID_ANGLE_UNIT ( ) );
#1582 = CARTESIAN_POINT ( 'NONE',  ( 1.949999999999999956, 0.2174999999999999989, 0.2174999999999999156 ) ) ;
#1583 = AXIS2_PLACEMENT_3D ( 'NONE', #7494, #6166, #6657 ) ;
#1584 = CARTESIAN_POINT ( 'NONE',  ( 1.347043950347263763, 0.000000000000000000, 0.000000000000000000 ) ) ;
#1585 =( REPRESENTATION_RELATIONSHIP ('NONE','NONE', #1962, #10192 ) REPRESENTATION_RELATIONSHIP_WITH_TRANSFORMATION ( #6853 )SHAPE_REPRESENTATION_RELATIONSHIP( ) );
#1586 = FILL_AREA_STYLE ('',( #8063 ) ) ;
#1587 = CARTESIAN_POINT ( 'NONE',  ( 1.949999999999999956, -0.2175000000000000266, -0.2174999999999999711 ) ) ;
#1588 = VERTEX_POINT ( 'NONE', #3795 ) ;
#1589 = UNCERTAINTY_MEASURE_WITH_UNIT (LENGTH_MEASURE( 1.000000000000000082E-05 ), #8247, 'distance_accuracy_value', 'NONE');
#1590 = CARTESIAN_POINT ( 'NONE',  ( 5.974195292295553905, 2.375629221075779134E-16, 0.2313525518329657416 ) ) ;
#1591 = VERTEX_POINT ( 'NONE', #1515 ) ;
#1592 = COLOUR_RGB ( '',0.7764705882352941346, 0.7568627450980391913, 0.7372549019607843590 ) ;
#1593 = EDGE_CURVE ( 'NONE', #5226, #2529, #9371, .T. ) ;
#1594 = FACE_OUTER_BOUND ( 'NONE', #7486, .T. ) ;
#1595 =( NAMED_UNIT ( * ) SI_UNIT ( $, .STERADIAN. ) SOLID_ANGLE_UNIT ( ) );
#1596 = DIRECTION ( 'NONE',  ( 0.000000000000000000, 0.000000000000000000, 1.000000000000000000 ) ) ;
#1597 = SURFACE_STYLE_USAGE ( .BOTH. , #2373 ) ;
#1598 = FILL_AREA_STYLE ('',( #1700 ) ) ;
#1599 = AXIS2_PLACEMENT_3D ( 'NONE', #3117, #5457, #1413 ) ;
#1600 = UNCERTAINTY_MEASURE_WITH_UNIT (LENGTH_MEASURE( 1.000000000000000082E-05 ), #3452, 'distance_accuracy_value', 'NONE');
#1601 = PRODUCT_DEFINITION_SHAPE ( 'NONE', 'NONE',  #10344 ) ;
#1602 = UNCERTAINTY_MEASURE_WITH_UNIT (LENGTH_MEASURE( 1.000000000000000082E-05 ), #940, 'distance_accuracy_value', 'NONE');
#1603 = ORIENTED_EDGE ( 'NONE', *, *, #7538, .F. ) ;
#1604 = EDGE_CURVE ( 'NONE', #8476, #1152, #10022, .T. ) ;
#1605 = AXIS2_PLACEMENT_3D ( 'NONE', #2247, #5264, #6058 ) ;
#1606 = SURFACE_SIDE_STYLE ('',( #8767 ) ) ;
#1607 = CARTESIAN_POINT ( 'NONE',  ( 0.9968214519863044520, 0.000000000000000000, 0.000000000000000000 ) ) ;
#1608 = SURFACE_SIDE_STYLE ('',( #4094 ) ) ;
#1609 = FILL_AREA_STYLE ('',( #4039 ) ) ;
#1610 = DIRECTION ( 'NONE',  ( 0.6663196743247736809, -0.7456662065614397816, -9.292562311528023527E-17 ) ) ;
#1611 = PRESENTATION_STYLE_ASSIGNMENT (( #5433 ) ) ;
#1612 = ORIENTED_EDGE ( 'NONE', *, *, #4149, .T. ) ;
#1613 = DIRECTION ( 'NONE',  ( -0.7456662065614396706, 0.6663196743247736809, 0.000000000000000000 ) ) ;
#1614 =( GEOMETRIC_REPRESENTATION_CONTEXT ( 3 ) GLOBAL_UNCERTAINTY_ASSIGNED_CONTEXT ( ( #2004 ) ) GLOBAL_UNIT_ASSIGNED_CONTEXT ( ( #4780, #8064, #4069 ) ) REPRESENTATION_CONTEXT ( 'NONE', 'WORKASPACE' ) );
#1615 = UNCERTAINTY_MEASURE_WITH_UNIT (LENGTH_MEASURE( 1.000000000000000082E-05 ), #7852, 'distance_accuracy_value', 'NONE');
#1616 = EDGE_LOOP ( 'NONE', ( #4806, #4547, #8616, #2163, #6028, #2883, #3707, #7995, #2912, #7315, #5397 ) ) ;
#1617 = FACE_OUTER_BOUND ( 'NONE', #6159, .T. ) ;
#1618 = CARTESIAN_POINT ( 'NONE',  ( 2.193400286944045430, -4.336808689942017736E-16, -0.1903515064562410486 ) ) ;
#1619 = AXIS2_PLACEMENT_3D ( 'NONE', #3621, #9300, #6015 ) ;
#1620 = CARTESIAN_POINT ( 'NONE',  ( 0.2666411873824114376, 0.4052592521765713274, 1.721732169736487794 ) ) ;
#1621 = CIRCLE ( 'NONE', #9976, 5.437518987584765817 ) ;
#1622 = ORIENTED_EDGE ( 'NONE', *, *, #2167, .F. ) ;
#1623 = CARTESIAN_POINT ( 'NONE',  ( 4.309938594911940868, 6.836180637525074799E-15, -1.891316923914901693 ) ) ;
#1624 = FACE_OUTER_BOUND ( 'NONE', #9682, .T. ) ;
#1625 = ORIENTED_EDGE ( 'NONE', *, *, #5750, .T. ) ;
#1626 = VECTOR ( 'NONE', #9898, 1000.000000000000000 ) ;
#1627 = DIRECTION ( 'NONE',  ( 0.000000000000000000, -1.224646799147354193E-16, 1.000000000000000000 ) ) ;
#1628 = FILL_AREA_STYLE ('',( #4064 ) ) ;
#1629 = STYLED_ITEM ( 'NONE', ( #7842 ), #4410 ) ;
#1630 =( NAMED_UNIT ( * ) SI_UNIT ( $, .STERADIAN. ) SOLID_ANGLE_UNIT ( ) );
#1631 = FILL_AREA_STYLE ('',( #5592 ) ) ;
#1632 = EDGE_CURVE ( 'NONE', #5996, #3383, #4623, .T. ) ;
#1633 = ORIENTED_EDGE ( 'NONE', *, *, #6311, .F. ) ;
#1634 = EDGE_CURVE ( 'NONE', #7927, #8557, #2990, .T. ) ;
#1635 = AXIS2_PLACEMENT_3D ( 'NONE', #4967, #8934, #1868 ) ;
#1636 = AXIS2_PLACEMENT_3D ( 'NONE', #4713, #1610, #4760 ) ;
#1637 =( NAMED_UNIT ( * ) SI_UNIT ( $, .STERADIAN. ) SOLID_ANGLE_UNIT ( ) );
#1638 = COLOUR_RGB ( '',0.7764705882352941346, 0.7568627450980391913, 0.7372549019607843590 ) ;
#1639 = SURFACE_STYLE_FILL_AREA ( #2512 ) ;
#1640 = ORIENTED_EDGE ( 'NONE', *, *, #323, .T. ) ;
#1641 = AXIS2_PLACEMENT_3D ( 'NONE', #9367, #6865, #4619 ) ;
#1642 = DIRECTION ( 'NONE',  ( 0.7456662065614396706, 0.6663196743247736809, 0.000000000000000000 ) ) ;
#1643 = FILL_AREA_STYLE_COLOUR ( '', #3737 ) ;
#1644 = VECTOR ( 'NONE', #8666, 1000.000000000000000 ) ;
#1645 = AXIS2_PLACEMENT_3D ( 'NONE', #9738, #5946, #5883 ) ;
#1646 = SURFACE_STYLE_USAGE ( .BOTH. , #9591 ) ;
#1647 = EDGE_CURVE ( 'NONE', #1548, #8709, #748, .T. ) ;
#1648 = STYLED_ITEM ( 'NONE', ( #2735 ), #5640 ) ;
#1649 = ORIENTED_EDGE ( 'NONE', *, *, #7901, .T. ) ;
#1650 = COLOUR_RGB ( '',0.7921568627450980005, 0.8196078431372548767, 0.9333333333333333481 ) ;
#1651 = CARTESIAN_POINT ( 'NONE',  ( 0.03111693966988647586, 0.4315292644214342443, 0.4315292644214356321 ) ) ;
#1652 =( LENGTH_UNIT ( ) NAMED_UNIT ( * ) SI_UNIT ( .MILLI., .METRE. ) );
#1653 = VECTOR ( 'NONE', #3631, 1000.000000000000000 ) ;
#1654 = DIRECTION ( 'NONE',  ( -0.9938370308809507669, -0.1108510534444137052, 0.000000000000000000 ) ) ;
#1655 = CARTESIAN_POINT ( 'NONE',  ( 0.000000000000000000, -0.4349999999999927813, -1.960000000000001741 ) ) ;
#1656 =( NAMED_UNIT ( * ) PLANE_ANGLE_UNIT ( ) SI_UNIT ( $, .RADIAN. ) );
#1657 = EDGE_CURVE ( 'NONE', #2960, #3253, #7792, .T. ) ;
#1658 = ORIENTED_EDGE ( 'NONE', *, *, #3182, .T. ) ;
#1659 = MECHANICAL_DESIGN_GEOMETRIC_PRESENTATION_REPRESENTATION (  '', ( #4184 ), #9669 ) ;
#1660 =( NAMED_UNIT ( * ) SI_UNIT ( $, .STERADIAN. ) SOLID_ANGLE_UNIT ( ) );
#1661 = VERTEX_POINT ( 'NONE', #3134 ) ;
#1662 = AXIS2_PLACEMENT_3D ( 'NONE', #10184, #1457, #6055 ) ;
#1663 =( GEOMETRIC_REPRESENTATION_CONTEXT ( 3 ) GLOBAL_UNCERTAINTY_ASSIGNED_CONTEXT ( ( #9840 ) ) GLOBAL_UNIT_ASSIGNED_CONTEXT ( ( #9316, #8473, #2147 ) ) REPRESENTATION_CONTEXT ( 'NONE', 'WORKASPACE' ) );
#1664 = DIRECTION ( 'NONE',  ( -1.000000000000000000, -0.000000000000000000, -0.000000000000000000 ) ) ;
#1665 = SURFACE_STYLE_FILL_AREA ( #3229 ) ;
#1666 = MECHANICAL_DESIGN_GEOMETRIC_PRESENTATION_REPRESENTATION (  '', ( #9843 ), #6 ) ;
#1667 = FILL_AREA_STYLE ('',( #1818 ) ) ;
#1668 =( NAMED_UNIT ( * ) PLANE_ANGLE_UNIT ( ) SI_UNIT ( $, .RADIAN. ) );
#1669 = SURFACE_STYLE_USAGE ( .BOTH. , #9514 ) ;
#1670 = VECTOR ( 'NONE', #7317, 1000.000000000000000 ) ;
#1671 = PLANE ( 'NONE',  #299 ) ;
#1672 = EDGE_CURVE ( 'NONE', #1344, #3917, #3892, .T. ) ;
#1673 = CIRCLE ( 'NONE', #4205, 6.000000000000000000 ) ;
#1674 = PLANE ( 'NONE',  #1635 ) ;
#1675 = PLANE ( 'NONE',  #5227 ) ;
#1676 =( GEOMETRIC_REPRESENTATION_CONTEXT ( 3 ) GLOBAL_UNCERTAINTY_ASSIGNED_CONTEXT ( ( #2325 ) ) GLOBAL_UNIT_ASSIGNED_CONTEXT ( ( #1534, #2463, #28 ) ) REPRESENTATION_CONTEXT ( 'NONE', 'WORKASPACE' ) );
#1677 = VERTEX_POINT ( 'NONE', #1314 ) ;
#1678 =( GEOMETRIC_REPRESENTATION_CONTEXT ( 3 ) GLOBAL_UNCERTAINTY_ASSIGNED_CONTEXT ( ( #6610 ) ) GLOBAL_UNIT_ASSIGNED_CONTEXT ( ( #9859, #423, #8178 ) ) REPRESENTATION_CONTEXT ( 'NONE', 'WORKASPACE' ) );
#1679 = SURFACE_STYLE_FILL_AREA ( #9573 ) ;
#1680 = CIRCLE ( 'NONE', #2500, 5.437518987584765817 ) ;
#1681 = DIRECTION ( 'NONE',  ( 0.000000000000000000, 0.000000000000000000, 1.000000000000000000 ) ) ;
#1682 = ORIENTED_EDGE ( 'NONE', *, *, #4365, .T. ) ;
#1683 = CARTESIAN_POINT ( 'NONE',  ( 1.347043950347265318, 0.000000000000000000, 3.500000000000000444 ) ) ;
#1684 = PRESENTATION_STYLE_ASSIGNMENT (( #567 ) ) ;
#1685 = DIRECTION ( 'NONE',  ( -1.000000000000000000, -0.000000000000000000, -0.000000000000000000 ) ) ;
#1686 = CARTESIAN_POINT ( 'NONE',  ( 2.214116351126373505, -0.1880408685282114467, -0.1880408685282121684 ) ) ;
#1687 = DIRECTION ( 'NONE',  ( 0.7456662065614397816, 0.6663196743247735698, 0.000000000000000000 ) ) ;
#1688 = PRODUCT ( 'M3.5 x 25 Screw head', 'M3.5 x 25 Screw head', '', ( #1858 ) ) ;
#1689 = SURFACE_STYLE_USAGE ( .BOTH. , #6292 ) ;
#1690 = ORIENTED_EDGE ( 'NONE', *, *, #5941, .T. ) ;
#1691 = SURFACE_STYLE_FILL_AREA ( #8847 ) ;
#1692 = PRESENTATION_LAYER_ASSIGNMENT (  '', '', ( #6208 ) ) ;
#1693 = UNCERTAINTY_MEASURE_WITH_UNIT (LENGTH_MEASURE( 1.000000000000000082E-05 ), #4963, 'distance_accuracy_value', 'NONE');
#1694 = ORIENTED_EDGE ( 'NONE', *, *, #8629, .T. ) ;
#1695 =( GEOMETRIC_REPRESENTATION_CONTEXT ( 3 ) GLOBAL_UNCERTAINTY_ASSIGNED_CONTEXT ( ( #125 ) ) GLOBAL_UNIT_ASSIGNED_CONTEXT ( ( #1092, #4102, #597 ) ) REPRESENTATION_CONTEXT ( 'NONE', 'WORKASPACE' ) );
#1696 = CIRCLE ( 'NONE', #5695, 5.995482475482740270 ) ;
#1697 = EDGE_CURVE ( 'NONE', #688, #9504, #7846, .T. ) ;
#1698 = CARTESIAN_POINT ( 'NONE',  ( 2.214116351126373949, 0.1880408685282127790, -0.1880408685282121406 ) ) ;
#1699 = CARTESIAN_POINT ( 'NONE',  ( 2.193400286944045430, 0.1903515064562410486, 2.309278636184420884E-16 ) ) ;
#1700 = FILL_AREA_STYLE_COLOUR ( '', #8894 ) ;
#1701 = SHAPE_REPRESENTATION ( 'M3.5 x 25 Screw head', ( #5069 ), #3231 ) ;
#1702 = DIRECTION ( 'NONE',  ( -1.000000000000000000, -0.000000000000000000, -0.000000000000000000 ) ) ;
#1703 = VECTOR ( 'NONE', #6190, 1000.000000000000000 ) ;
#1704 = SURFACE_STYLE_FILL_AREA ( #7405 ) ;
#1705 = UNCERTAINTY_MEASURE_WITH_UNIT (LENGTH_MEASURE( 1.000000000000000082E-05 ), #4194, 'distance_accuracy_value', 'NONE');
#1706 = MECHANICAL_DESIGN_GEOMETRIC_PRESENTATION_REPRESENTATION (  '', ( #3878 ), #5676 ) ;
#1707 = ORIENTED_EDGE ( 'NONE', *, *, #4937, .T. ) ;
#1708 =( GEOMETRIC_REPRESENTATION_CONTEXT ( 3 ) GLOBAL_UNCERTAINTY_ASSIGNED_CONTEXT ( ( #5556 ) ) GLOBAL_UNIT_ASSIGNED_CONTEXT ( ( #9779, #8143, #2496 ) ) REPRESENTATION_CONTEXT ( 'NONE', 'WORKASPACE' ) );
#1709 = VERTEX_POINT ( 'NONE', #7077 ) ;
#1710 = SURFACE_STYLE_USAGE ( .BOTH. , #2532 ) ;
#1711 = DIRECTION ( 'NONE',  ( -0.000000000000000000, 0.000000000000000000, 1.000000000000000000 ) ) ;
#1712 = EDGE_CURVE ( 'NONE', #2457, #3016, #3840, .T. ) ;
#1713 =( LENGTH_UNIT ( ) NAMED_UNIT ( * ) SI_UNIT ( .MILLI., .METRE. ) );
#1714 = MECHANICAL_DESIGN_GEOMETRIC_PRESENTATION_REPRESENTATION (  '', ( #7894 ), #6069 ) ;
#1715 = DIRECTION ( 'NONE',  ( -0.000000000000000000, 0.000000000000000000, -1.000000000000000000 ) ) ;
#1716 = STYLED_ITEM ( 'NONE', ( #3090 ), #2521 ) ;
#1717 =( NAMED_UNIT ( * ) PLANE_ANGLE_UNIT ( ) SI_UNIT ( $, .RADIAN. ) );
#1718 = CYLINDRICAL_SURFACE ( 'NONE', #9862, 3.500000000000000444 ) ;
#1719 = SURFACE_STYLE_FILL_AREA ( #8123 ) ;
#1720 = DIRECTION ( 'NONE',  ( 0.6663196743247735698, 2.696405268330496621E-15, -0.7456662065614397816 ) ) ;
#1721 = SURFACE_STYLE_USAGE ( .BOTH. , #8241 ) ;
#1722 = ORIENTED_EDGE ( 'NONE', *, *, #5463, .F. ) ;
#1723 = CARTESIAN_POINT ( 'NONE',  ( -25.39999999999996305, 4.286263797015737088E-16, -3.500000000000000444 ) ) ;
#1724 = UNCERTAINTY_MEASURE_WITH_UNIT (LENGTH_MEASURE( 1.000000000000000082E-05 ), #1160, 'distance_accuracy_value', 'NONE');
#1725 = STYLED_ITEM ( 'NONE', ( #8370 ), #8172 ) ;
#1726 = ORIENTED_EDGE ( 'NONE', *, *, #10162, .F. ) ;
#1727 = AXIS2_PLACEMENT_3D ( 'NONE', #246, #2478, #9073 ) ;
#1728 = EDGE_CURVE ( 'NONE', #4012, #3953, #10250, .T. ) ;
#1729 = SURFACE_STYLE_FILL_AREA ( #1667 ) ;
#1730 = MECHANICAL_DESIGN_GEOMETRIC_PRESENTATION_REPRESENTATION (  '', ( #3067 ), #4421 ) ;
#1731 =( GEOMETRIC_REPRESENTATION_CONTEXT ( 3 ) GLOBAL_UNCERTAINTY_ASSIGNED_CONTEXT ( ( #6008 ) ) GLOBAL_UNIT_ASSIGNED_CONTEXT ( ( #4256, #6705, #3345 ) ) REPRESENTATION_CONTEXT ( 'NONE', 'WORKASPACE' ) );
#1732 = CIRCLE ( 'NONE', #9258, 3.311827956989247479 ) ;
#1733 = SURFACE_SIDE_STYLE ('',( #8694 ) ) ;
#1734 = DIRECTION ( 'NONE',  ( 0.6663196743247735698, 2.696405268330496621E-15, -0.7456662065614397816 ) ) ;
#1735 = ORIENTED_EDGE ( 'NONE', *, *, #2151, .T. ) ;
#1736 = FILL_AREA_STYLE_COLOUR ( '', #2528 ) ;
#1737 = AXIS2_PLACEMENT_3D ( 'NONE', #8745, #3907, #8542 ) ;
#1738 = EDGE_CURVE ( 'NONE', #6897, #5570, #4040, .T. ) ;
#1739 = LINE ( 'NONE', #5282, #2853 ) ;
#1740 = EDGE_LOOP ( 'NONE', ( #3019, #9864, #7118 ) ) ;
#1741 = CARTESIAN_POINT ( 'NONE',  ( 0.2666411873824114376, -0.4052592521765831513, 1.721732169736483131 ) ) ;
#1742 = SURFACE_SIDE_STYLE ('',( #5590 ) ) ;
#1743 = CARTESIAN_POINT ( 'NONE',  ( 0.000000000000000000, -1.959999999999999964, 0.4349999999999996092 ) ) ;
#1744 = FACE_OUTER_BOUND ( 'NONE', #5859, .T. ) ;
#1745 = STYLED_ITEM ( 'NONE', ( #1424 ), #1141 ) ;
#1746 = EDGE_LOOP ( 'NONE', ( #9596, #10287, #3368, #921 ) ) ;
#1747 = AXIS2_PLACEMENT_3D ( 'NONE', #8633, #6366, #7067 ) ;
#1748 = DIRECTION ( 'NONE',  ( -0.000000000000000000, 0.000000000000000000, -1.000000000000000000 ) ) ;
#1749 = FACE_OUTER_BOUND ( 'NONE', #2016, .T. ) ;
#1750 = DIRECTION ( 'NONE',  ( -1.000000000000000000, -0.000000000000000000, -0.000000000000000000 ) ) ;
#1751 = SURFACE_STYLE_FILL_AREA ( #8161 ) ;
#1752 = FILL_AREA_STYLE ('',( #135 ) ) ;
#1753 = SURFACE_STYLE_USAGE ( .BOTH. , #8862 ) ;
#1754 =( LENGTH_UNIT ( ) NAMED_UNIT ( * ) SI_UNIT ( .MILLI., .METRE. ) );
#1755 = EDGE_LOOP ( 'NONE', ( #9802, #8808, #3084 ) ) ;
#1756 = ORIENTED_EDGE ( 'NONE', *, *, #193, .T. ) ;
#1757 = DIRECTION ( 'NONE',  ( -1.000000000000000000, -0.000000000000000000, -0.000000000000000000 ) ) ;
#1758 = DIRECTION ( 'NONE',  ( 0.9938370308809507669, -0.1108510534444137746, 0.000000000000000000 ) ) ;
#1759 = CARTESIAN_POINT ( 'NONE',  ( -25.39999999999996305, 0.000000000000000000, 0.000000000000000000 ) ) ;
#1760 = AXIS2_PLACEMENT_3D ( 'NONE', #457, #6103, #5949 ) ;
#1761 = CARTESIAN_POINT ( 'NONE',  ( 10.60000000000000142, 0.000000000000000000, 1.749999999999999778 ) ) ;
#1762 =( LENGTH_UNIT ( ) NAMED_UNIT ( * ) SI_UNIT ( .MILLI., .METRE. ) );
#1763 = PLANE ( 'NONE',  #10156 ) ;
#1764 = ADVANCED_FACE ( 'NONE', ( #6424 ), #9516, .T. ) ;
#1765 = EDGE_CURVE ( 'NONE', #10225, #5148, #6870, .T. ) ;
#1766 = ORIENTED_EDGE ( 'NONE', *, *, #2594, .F. ) ;
#1767 = AXIS2_PLACEMENT_3D ( 'NONE', #349, #1235, #4443 ) ;
#1768 = CARTESIAN_POINT ( 'NONE',  ( -25.39999999999996305, 0.000000000000000000, 0.000000000000000000 ) ) ;
#1769 = DIRECTION ( 'NONE',  ( 0.000000000000000000, 0.000000000000000000, 1.000000000000000000 ) ) ;
#1770 = DIRECTION ( 'NONE',  ( -0.9938370308809506559, -0.1108510534444136914, -3.870343844922732447E-16 ) ) ;
#1771 = CARTESIAN_POINT ( 'NONE',  ( 0.000000000000000000, -0.4350000000000069367, 1.959999999999998188 ) ) ;
#1772 = CIRCLE ( 'NONE', #109, 5.995482475482740270 ) ;
#1773 =( NAMED_UNIT ( * ) PLANE_ANGLE_UNIT ( ) SI_UNIT ( $, .RADIAN. ) );
#1774 = VERTEX_POINT ( 'NONE', #4920 ) ;
#1775 = STYLED_ITEM ( 'NONE', ( #6278 ), #15 ) ;
#1776 = FACE_OUTER_BOUND ( 'NONE', #1746, .T. ) ;
#1777 = EDGE_LOOP ( 'NONE', ( #4254, #1682, #2413, #356 ) ) ;
#1778 = FILL_AREA_STYLE_COLOUR ( '', #6939 ) ;
#1779 = FILL_AREA_STYLE_COLOUR ( '', #3043 ) ;
#1780 = FILL_AREA_STYLE ('',( #5870 ) ) ;
#1781 = CIRCLE ( 'NONE', #2613, 3.311827956989247479 ) ;
#1782 = ORIENTED_EDGE ( 'NONE', *, *, #5583, .T. ) ;
#1783 = ADVANCED_FACE ( 'NONE', ( #1617 ), #5022, .T. ) ;
#1784 = UNCERTAINTY_MEASURE_WITH_UNIT (LENGTH_MEASURE( 1.000000000000000082E-05 ), #8896, 'distance_accuracy_value', 'NONE');
#1785 = SURFACE_SIDE_STYLE ('',( #6611 ) ) ;
#1786 = ORIENTED_EDGE ( 'NONE', *, *, #10324, .F. ) ;
#1787 = STYLED_ITEM ( 'NONE', ( #1002 ), #6928 ) ;
#1788 =( GEOMETRIC_REPRESENTATION_CONTEXT ( 3 ) GLOBAL_UNCERTAINTY_ASSIGNED_CONTEXT ( ( #3071 ) ) GLOBAL_UNIT_ASSIGNED_CONTEXT ( ( #9561, #7162, #5751 ) ) REPRESENTATION_CONTEXT ( 'NONE', 'WORKASPACE' ) );
#1789 = DIRECTION ( 'NONE',  ( 0.000000000000000000, 1.000000000000000000, 6.231046968307495628E-17 ) ) ;
#1790 = CARTESIAN_POINT ( 'NONE',  ( 5.974195292295553905, 2.375629221075779134E-16, 0.2313525518329657416 ) ) ;
#1791 = SURFACE_STYLE_USAGE ( .BOTH. , #282 ) ;
#1792 = PLANE ( 'NONE',  #3930 ) ;
#1793 = CARTESIAN_POINT ( 'NONE',  ( 1.347043950347265318, 0.000000000000000000, 0.000000000000000000 ) ) ;
#1794 =( GEOMETRIC_REPRESENTATION_CONTEXT ( 3 ) GLOBAL_UNCERTAINTY_ASSIGNED_CONTEXT ( ( #6839 ) ) GLOBAL_UNIT_ASSIGNED_CONTEXT ( ( #1263, #2986, #3731 ) ) REPRESENTATION_CONTEXT ( 'NONE', 'WORKASPACE' ) );
#1795 = DIRECTION ( 'NONE',  ( 0.000000000000000000, 0.000000000000000000, 1.000000000000000000 ) ) ;
#1796 = EDGE_CURVE ( 'NONE', #2086, #9256, #3692, .T. ) ;
#1797 = MECHANICAL_DESIGN_GEOMETRIC_PRESENTATION_REPRESENTATION (  '', ( #2629 ), #6312 ) ;
#1798 = UNCERTAINTY_MEASURE_WITH_UNIT (LENGTH_MEASURE( 1.000000000000000082E-05 ), #1713, 'distance_accuracy_value', 'NONE');
#1799 = ORIENTED_EDGE ( 'NONE', *, *, #5991, .F. ) ;
#1800 = ORIENTED_EDGE ( 'NONE', *, *, #5489, .T. ) ;
#1801 = MECHANICAL_DESIGN_GEOMETRIC_PRESENTATION_REPRESENTATION (  '', ( #7817 ), #8501 ) ;
#1802 = SURFACE_SIDE_STYLE ('',( #1080 ) ) ;
#1803 = PLANE ( 'NONE',  #576 ) ;
#1804 = AXIS2_PLACEMENT_3D ( 'NONE', #7225, #3098, #8001 ) ;
#1805 = SURFACE_STYLE_FILL_AREA ( #8236 ) ;
#1806 = FILL_AREA_STYLE_COLOUR ( '', #5800 ) ;
#1807 = DIRECTION ( 'NONE',  ( 0.9938370308809507669, 0.000000000000000000, 0.1108510534444137746 ) ) ;
#1808 = DIRECTION ( 'NONE',  ( -0.9938370308809507669, 0.000000000000000000, 0.1108510534444137052 ) ) ;
#1809 = PRESENTATION_STYLE_ASSIGNMENT (( #5784 ) ) ;
#1810 = CARTESIAN_POINT ( 'NONE',  ( 2.193400286944045430, -0.1903515064562409931, -2.309278636184418912E-16 ) ) ;
#1811 = CARTESIAN_POINT ( 'NONE',  ( -25.39999999999996305, 0.000000000000000000, 0.000000000000000000 ) ) ;
#1812 = CIRCLE ( 'NONE', #5486, 5.995482475482741158 ) ;
#1813 = DIRECTION ( 'NONE',  ( -0.7456662065614397816, -2.326442708608981349E-15, 0.6663196743247735698 ) ) ;
#1814 = AXIS2_PLACEMENT_3D ( 'NONE', #6624, #6453, #9745 ) ;
#1815 = UNCERTAINTY_MEASURE_WITH_UNIT (LENGTH_MEASURE( 1.000000000000000082E-05 ), #8004, 'distance_accuracy_value', 'NONE');
#1816 = EDGE_LOOP ( 'NONE', ( #1524, #4959, #7568 ) ) ;
#1817 = ORIENTED_EDGE ( 'NONE', *, *, #5, .T. ) ;
#1818 = FILL_AREA_STYLE_COLOUR ( '', #5606 ) ;
#1819 = STYLED_ITEM ( 'NONE', ( #3422 ), #5116 ) ;
#1820 = EDGE_CURVE ( 'NONE', #890, #6926, #848, .T. ) ;
#1821 = PRESENTATION_STYLE_ASSIGNMENT (( #8978 ) ) ;
#1822 = ADVANCED_FACE ( 'NONE', ( #6490 ), #3107, .F. ) ;
#1823 = PLANE ( 'NONE',  #5303 ) ;
#1824 = DIRECTION ( 'NONE',  ( -1.000000000000000000, -0.000000000000000000, -0.000000000000000000 ) ) ;
#1825 = AXIS2_PLACEMENT_3D ( 'NONE', #1584, #7951, #7174 ) ;
#1826 = PRESENTATION_LAYER_ASSIGNMENT (  '', '', ( #9843 ) ) ;
#1827 = PRESENTATION_STYLE_ASSIGNMENT (( #5976 ) ) ;
#1828 = EDGE_LOOP ( 'NONE', ( #1658, #6802, #6767, #414, #10121, #4971, #9356, #8376, #2314, #7059, #805 ) ) ;
#1829 = CIRCLE ( 'NONE', #5654, 3.311827956989247479 ) ;
#1830 =( LENGTH_UNIT ( ) NAMED_UNIT ( * ) SI_UNIT ( .MILLI., .METRE. ) );
#1831 = ADVANCED_FACE ( 'NONE', ( #4888 ), #9482, .T. ) ;
#1832 = PRESENTATION_LAYER_ASSIGNMENT (  '', '', ( #8517 ) ) ;
#1833 = FACE_OUTER_BOUND ( 'NONE', #6145, .T. ) ;
#1834 = SURFACE_STYLE_FILL_AREA ( #9831 ) ;
#1835 = SURFACE_SIDE_STYLE ('',( #5378 ) ) ;
#1836 =( NAMED_UNIT ( * ) PLANE_ANGLE_UNIT ( ) SI_UNIT ( $, .RADIAN. ) );
#1837 = CARTESIAN_POINT ( 'NONE',  ( 0.9968214519863044520, 4.171041651934668579E-16, -3.311827956989247479 ) ) ;
#1838 = VECTOR ( 'NONE', #980, 1000.000000000000000 ) ;
#1839 = DIRECTION ( 'NONE',  ( 0.000000000000000000, -1.000000000000000000, -1.246209393661499126E-16 ) ) ;
#1840 = ORIENTED_EDGE ( 'NONE', *, *, #6697, .T. ) ;
#1841 = ORIENTED_EDGE ( 'NONE', *, *, #3964, .T. ) ;
#1842 =( LENGTH_UNIT ( ) NAMED_UNIT ( * ) SI_UNIT ( .MILLI., .METRE. ) );
#1843 = CYLINDRICAL_SURFACE ( 'NONE', #1511, 1.749999999999999778 ) ;
#1844 = EDGE_CURVE ( 'NONE', #2510, #8056, #9711, .T. ) ;
#1845 = SURFACE_STYLE_USAGE ( .BOTH. , #7397 ) ;
#1846 = CARTESIAN_POINT ( 'NONE',  ( 0.03111693966988560850, 0.4315292644214372975, -0.4315292644214357431 ) ) ;
#1847 =( NAMED_UNIT ( * ) SI_UNIT ( $, .STERADIAN. ) SOLID_ANGLE_UNIT ( ) );
#1848 =( NAMED_UNIT ( * ) SI_UNIT ( $, .STERADIAN. ) SOLID_ANGLE_UNIT ( ) );
#1849 = EDGE_LOOP ( 'NONE', ( #2884, #8940 ) ) ;
#1850 = VERTEX_POINT ( 'NONE', #8108 ) ;
#1851 = CIRCLE ( 'NONE', #7051, 3.500000000000000000 ) ;
#1852 = CARTESIAN_POINT ( 'NONE',  ( 0.000000000000000000, 1.959999999999999964, -0.4350000000000000533 ) ) ;
#1853 = EDGE_CURVE ( 'NONE', #9151, #1300, #8321, .T. ) ;
#1854 = FILL_AREA_STYLE_COLOUR ( '', #2875 ) ;
#1855 =( NAMED_UNIT ( * ) PLANE_ANGLE_UNIT ( ) SI_UNIT ( $, .RADIAN. ) );
#1856 = AXIS2_PLACEMENT_3D ( 'NONE', #5115, #1262, #8301 ) ;
#1857 = CIRCLE ( 'NONE', #727, 5.437518987584765817 ) ;
#1858 = PRODUCT_CONTEXT ( 'NONE', #9467, 'mechanical' ) ;
#1859 = CARTESIAN_POINT ( 'NONE',  ( 18.60000000000000142, 0.000000000000000000, 1.749999999999999778 ) ) ;
#1860 = AXIS2_PLACEMENT_3D ( 'NONE', #4228, #1112, #3370 ) ;
#1861 = ORIENTED_EDGE ( 'NONE', *, *, #8311, .T. ) ;
#1862 = CARTESIAN_POINT ( 'NONE',  ( 0.2666411873824114376, 1.721732169736486240, -0.4052592521765773226 ) ) ;
#1863 = FILL_AREA_STYLE ('',( #371 ) ) ;
#1864 = SURFACE_STYLE_USAGE ( .BOTH. , #2651 ) ;
#1865 = TOROIDAL_SURFACE ( 'NONE', #5052, 3.080000000000000515, 0.4200000000000000400 ) ;
#1866 = MECHANICAL_DESIGN_GEOMETRIC_PRESENTATION_REPRESENTATION (  '', ( #5712 ), #9559 ) ;
#1867 = SURFACE_STYLE_FILL_AREA ( #5067 ) ;
#1868 = DIRECTION ( 'NONE',  ( -0.7456662065614397816, 0.6663196743247735698, 0.000000000000000000 ) ) ;
#1869 = AXIS2_PLACEMENT_3D ( 'NONE', #4241, #6513, #4907 ) ;
#1870 = CARTESIAN_POINT ( 'NONE',  ( 0.2666411873824114376, 1.721732169736485352, 0.4052592521765772671 ) ) ;
#1871 = ORIENTED_EDGE ( 'NONE', *, *, #6783, .F. ) ;
#1872 = EDGE_CURVE ( 'NONE', #9227, #2543, #1214, .T. ) ;
#1873 = SURFACE_STYLE_FILL_AREA ( #9824 ) ;
#1874 = VERTEX_POINT ( 'NONE', #6728 ) ;
#1875 = PRESENTATION_LAYER_ASSIGNMENT (  '', '', ( #5222 ) ) ;
#1876 = PRESENTATION_LAYER_ASSIGNMENT (  '', '', ( #6394 ) ) ;
#1877 = CIRCLE ( 'NONE', #7734, 1.749999999999999778 ) ;
#1878 = PRESENTATION_STYLE_ASSIGNMENT (( #9830 ) ) ;
#1879 = CARTESIAN_POINT ( 'NONE',  ( 1.949999999999999956, 0.2175000000000007483, -0.2174999999999992772 ) ) ;
#1880 = FILL_AREA_STYLE ('',( #7436 ) ) ;
#1881 = DIRECTION ( 'NONE',  ( 0.6663196743247735698, -2.603479645215216163E-15, 0.7456662065614397816 ) ) ;
#1882 = SURFACE_STYLE_USAGE ( .BOTH. , #5085 ) ;
#1883 = ORIENTED_EDGE ( 'NONE', *, *, #7782, .T. ) ;
#1884 =( GEOMETRIC_REPRESENTATION_CONTEXT ( 3 ) GLOBAL_UNCERTAINTY_ASSIGNED_CONTEXT ( ( #7156 ) ) GLOBAL_UNIT_ASSIGNED_CONTEXT ( ( #2954, #623, #7651 ) ) REPRESENTATION_CONTEXT ( 'NONE', 'WORKASPACE' ) );
#1885 = UNCERTAINTY_MEASURE_WITH_UNIT (LENGTH_MEASURE( 1.000000000000000082E-05 ), #7640, 'distance_accuracy_value', 'NONE');
#1886 = STYLED_ITEM ( 'NONE', ( #923 ), #8189 ) ;
#1887 = EDGE_CURVE ( 'NONE', #4354, #4645, #10222, .T. ) ;
#1888 = AXIS2_PLACEMENT_3D ( 'NONE', #6433, #9621, #4876 ) ;
#1889 = ADVANCED_FACE ( 'NONE', ( #2204 ), #4236, .T. ) ;
#1890 = EDGE_LOOP ( 'NONE', ( #7944, #2750, #6198 ) ) ;
#1891 = SURFACE_STYLE_USAGE ( .BOTH. , #4278 ) ;
#1892 = CARTESIAN_POINT ( 'NONE',  ( 6.000000000000000000, 2.326828918379972351E-16, 0.000000000000000000 ) ) ;
#1893 =( NAMED_UNIT ( * ) SI_UNIT ( $, .STERADIAN. ) SOLID_ANGLE_UNIT ( ) );
#1894 = DIRECTION ( 'NONE',  ( 0.000000000000000000, 0.000000000000000000, 1.000000000000000000 ) ) ;
#1895 = CARTESIAN_POINT ( 'NONE',  ( 6.000000000000000000, 2.326828918379972351E-16, 0.000000000000000000 ) ) ;
#1896 = COLOUR_RGB ( '',0.7764705882352941346, 0.7568627450980391913, 0.7372549019607843590 ) ;
#1897 = COLOUR_RGB ( '',0.7921568627450980005, 0.8196078431372548767, 0.9333333333333333481 ) ;
#1898 = FACE_OUTER_BOUND ( 'NONE', #9278, .T. ) ;
#1899 = MECHANICAL_DESIGN_GEOMETRIC_PRESENTATION_REPRESENTATION (  '', ( #6254 ), #8417 ) ;
#1900 = DIRECTION ( 'NONE',  ( -1.000000000000000000, -0.000000000000000000, -0.000000000000000000 ) ) ;
#1901 = ORIENTED_EDGE ( 'NONE', *, *, #1578, .T. ) ;
#1902 =( LENGTH_UNIT ( ) NAMED_UNIT ( * ) SI_UNIT ( .MILLI., .METRE. ) );
#1903 = UNCERTAINTY_MEASURE_WITH_UNIT (LENGTH_MEASURE( 1.000000000000000082E-05 ), #3787, 'distance_accuracy_value', 'NONE');
#1904 = ORIENTED_EDGE ( 'NONE', *, *, #7143, .T. ) ;
#1905 = EDGE_CURVE ( 'NONE', #9721, #2666, #10058, .T. ) ;
#1906 = VERTEX_POINT ( 'NONE', #5289 ) ;
#1907 =( GEOMETRIC_REPRESENTATION_CONTEXT ( 3 ) GLOBAL_UNCERTAINTY_ASSIGNED_CONTEXT ( ( #2959 ) ) GLOBAL_UNIT_ASSIGNED_CONTEXT ( ( #4662, #1656, #886 ) ) REPRESENTATION_CONTEXT ( 'NONE', 'WORKASPACE' ) );
#1908 =( LENGTH_UNIT ( ) NAMED_UNIT ( * ) SI_UNIT ( .MILLI., .METRE. ) );
#1909 = VERTEX_POINT ( 'NONE', #4585 ) ;
#1910 = DIRECTION ( 'NONE',  ( -1.000000000000000000, -0.000000000000000000, -0.000000000000000000 ) ) ;
#1911 =( NAMED_UNIT ( * ) PLANE_ANGLE_UNIT ( ) SI_UNIT ( $, .RADIAN. ) );
#1912 = FILL_AREA_STYLE_COLOUR ( '', #4525 ) ;
#1913 = AXIS2_PLACEMENT_3D ( 'NONE', #8288, #8876, #7413 ) ;
#1914 = APPLICATION_PROTOCOL_DEFINITION ( 'draft international standard', 'automotive_design', 1998, #8922 ) ;
#1915 = FILL_AREA_STYLE_COLOUR ( '', #5068 ) ;
#1916 = EDGE_CURVE ( 'NONE', #5290, #50, #7064, .T. ) ;
#1917 = ORIENTED_EDGE ( 'NONE', *, *, #4856, .F. ) ;
#1918 = PLANE ( 'NONE',  #10201 ) ;
#1919 = DIRECTION ( 'NONE',  ( -1.000000000000000000, -0.000000000000000000, -0.000000000000000000 ) ) ;
#1920 = PLANE ( 'NONE',  #1856 ) ;
#1921 =( LENGTH_UNIT ( ) NAMED_UNIT ( * ) SI_UNIT ( .MILLI., .METRE. ) );
#1922 =( LENGTH_UNIT ( ) NAMED_UNIT ( * ) SI_UNIT ( .MILLI., .METRE. ) );
#1923 = SURFACE_SIDE_STYLE ('',( #492 ) ) ;
#1924 = EDGE_LOOP ( 'NONE', ( #6895, #9623, #5820, #3966, #747 ) ) ;
#1925 = PRESENTATION_STYLE_ASSIGNMENT (( #3414 ) ) ;
#1926 = VERTEX_POINT ( 'NONE', #2043 ) ;
#1927 = DIRECTION ( 'NONE',  ( 0.9877866216249069353, 0.1101762001043169042, -0.1101762001043164879 ) ) ;
#1928 = MECHANICAL_DESIGN_GEOMETRIC_PRESENTATION_REPRESENTATION (  '', ( #1286 ), #1614 ) ;
#1929 = DIRECTION ( 'NONE',  ( 0.7456662065614397816, -2.326442708608981349E-15, 0.6663196743247735698 ) ) ;
#1930 = DIRECTION ( 'NONE',  ( -1.000000000000000000, -0.000000000000000000, -0.000000000000000000 ) ) ;
#1931 =( NAMED_UNIT ( * ) SI_UNIT ( $, .STERADIAN. ) SOLID_ANGLE_UNIT ( ) );
#1932 = FACE_OUTER_BOUND ( 'NONE', #6699, .T. ) ;
#1933 = ORIENTED_EDGE ( 'NONE', *, *, #6326, .T. ) ;
#1934 = CLOSED_SHELL ( 'NONE', ( #6218, #8016, #7704, #2366, #8300, #4410, #2823, #8414, #5062, #5657, #7791, #1982, #10101, #6371, #5421, #4667, #4458, #5608, #8245, #6126, #8172, #4902, #5277 ) ) ;
#1935 = DIRECTION ( 'NONE',  ( 0.000000000000000000, 0.000000000000000000, -1.000000000000000000 ) ) ;
#1936 = EDGE_LOOP ( 'NONE', ( #1126, #7222, #1904, #4613 ) ) ;
#1937 = SURFACE_STYLE_FILL_AREA ( #2737 ) ;
#1938 = CARTESIAN_POINT ( 'NONE',  ( 1.347043950347263763, 0.000000000000000000, 0.000000000000000000 ) ) ;
#1939 = PRESENTATION_STYLE_ASSIGNMENT (( #1845 ) ) ;
#1940 = CARTESIAN_POINT ( 'NONE',  ( 2.599999999999998312, 0.000000000000000000, 3.500000000000000000 ) ) ;
#1941 = CYLINDRICAL_SURFACE ( 'NONE', #2315, 1.749999999999999778 ) ;
#1942 = EDGE_CURVE ( 'NONE', #5306, #2464, #4728, .T. ) ;
#1943 = DIRECTION ( 'NONE',  ( 0.7431005017819711789, 0.6640269868487613802, 0.08288428673721986994 ) ) ;
#1944 = EDGE_CURVE ( 'NONE', #630, #1212, #5703, .T. ) ;
#1945 = ORIENTED_EDGE ( 'NONE', *, *, #1224, .F. ) ;
#1946 = CIRCLE ( 'NONE', #8963, 1.749999999999999778 ) ;
#1947 = SURFACE_STYLE_FILL_AREA ( #2057 ) ;
#1948 = STYLED_ITEM ( 'NONE', ( #4922 ), #181 ) ;
#1949 = EDGE_LOOP ( 'NONE', ( #8188, #9065, #6743, #1786 ) ) ;
#1950 = COLOUR_RGB ( '',0.7764705882352941346, 0.7568627450980391913, 0.7372549019607843590 ) ;
#1951 = DIRECTION ( 'NONE',  ( 0.000000000000000000, -1.000000000000000000, 0.000000000000000000 ) ) ;
#1952 = SURFACE_STYLE_FILL_AREA ( #524 ) ;
#1953 = ORIENTED_EDGE ( 'NONE', *, *, #8105, .T. ) ;
#1954 =( NAMED_UNIT ( * ) PLANE_ANGLE_UNIT ( ) SI_UNIT ( $, .RADIAN. ) );
#1955 =( NAMED_UNIT ( * ) SI_UNIT ( $, .STERADIAN. ) SOLID_ANGLE_UNIT ( ) );
#1956 = CIRCLE ( 'NONE', #3475, 5.995482475482740270 ) ;
#1957 =( NAMED_UNIT ( * ) SI_UNIT ( $, .STERADIAN. ) SOLID_ANGLE_UNIT ( ) );
#1958 = DIRECTION ( 'NONE',  ( -0.9938370308809506559, -0.1108510534444136914, -3.870343844922732447E-16 ) ) ;
#1959 = ADVANCED_FACE ( 'NONE', ( #1277 ), #7645, .T. ) ;
#1960 = AXIS2_PLACEMENT_3D ( 'NONE', #6559, #6786, #5040 ) ;
#1961 = FILL_AREA_STYLE ('',( #590 ) ) ;
#1962 = SHAPE_REPRESENTATION ( 'Screws M3.5 Phillips Pan Head Machine Screws', ( #78, #5077, #1737, #6411, #3075, #2556, #8413, #3931, #9742, #3415, #1077 ), #7923 ) ;
#1963 = COLOUR_RGB ( '',0.7764705882352941346, 0.7568627450980391913, 0.7372549019607843590 ) ;
#1964 = VERTEX_POINT ( 'NONE', #9618 ) ;
#1965 = CIRCLE ( 'NONE', #1636, 5.437518987584764929 ) ;
#1966 = FACE_OUTER_BOUND ( 'NONE', #5891, .T. ) ;
#1967 = VERTEX_POINT ( 'NONE', #8781 ) ;
#1968 = FILL_AREA_STYLE ('',( #1423 ) ) ;
#1969 = DIRECTION ( 'NONE',  ( -0.7456662065614396706, 0.000000000000000000, -0.6663196743247736809 ) ) ;
#1970 = EDGE_CURVE ( 'NONE', #9015, #7060, #1857, .T. ) ;
#1971 = SHAPE_REPRESENTATION_RELATIONSHIP ( 'NONE' , 'NONE' ,  #3049, #2088 ) ;
#1972 = PRESENTATION_LAYER_ASSIGNMENT (  '', '', ( #6663 ) ) ;
#1973 =( LENGTH_UNIT ( ) NAMED_UNIT ( * ) SI_UNIT ( .MILLI., .METRE. ) );
#1974 = ORIENTED_EDGE ( 'NONE', *, *, #8134, .T. ) ;
#1975 = CARTESIAN_POINT ( 'NONE',  ( 5.974195292295553905, -0.2313525518329657138, -8.028830871489587498E-16 ) ) ;
#1976 = ORIENTED_EDGE ( 'NONE', *, *, #8031, .T. ) ;
#1977 = VECTOR ( 'NONE', #735, 1000.000000000000000 ) ;
#1978 =( GEOMETRIC_REPRESENTATION_CONTEXT ( 3 ) GLOBAL_UNCERTAINTY_ASSIGNED_CONTEXT ( ( #4740 ) ) GLOBAL_UNIT_ASSIGNED_CONTEXT ( ( #559, #8052, #6332 ) ) REPRESENTATION_CONTEXT ( 'NONE', 'WORKASPACE' ) );
#1979 =( LENGTH_UNIT ( ) NAMED_UNIT ( * ) SI_UNIT ( .MILLI., .METRE. ) );
#1980 = COLOUR_RGB ( '',0.7764705882352941346, 0.7568627450980391913, 0.7372549019607843590 ) ;
#1981 = ORIENTED_EDGE ( 'NONE', *, *, #8149, .T. ) ;
#1982 = ADVANCED_FACE ( 'NONE', ( #5631 ), #4927, .T. ) ;
#1983 = DIRECTION ( 'NONE',  ( -1.000000000000000000, -0.000000000000000000, -0.000000000000000000 ) ) ;
#1984 = CARTESIAN_POINT ( 'NONE',  ( -25.39999999999996305, 0.000000000000000000, 3.500000000000000444 ) ) ;
#1985 = CARTESIAN_POINT ( 'NONE',  ( 0.9968214519863044520, 0.000000000000000000, 0.000000000000000000 ) ) ;
#1986 = MECHANICAL_DESIGN_GEOMETRIC_PRESENTATION_REPRESENTATION (  '', ( #1162 ), #9834 ) ;
#1987 = CARTESIAN_POINT ( 'NONE',  ( 0.2553644383338094515, 1.731808957027352269, 0.000000000000000000 ) ) ;
#1988 =( LENGTH_UNIT ( ) NAMED_UNIT ( * ) SI_UNIT ( .MILLI., .METRE. ) );
#1989 =( NAMED_UNIT ( * ) PLANE_ANGLE_UNIT ( ) SI_UNIT ( $, .RADIAN. ) );
#1990 = ORIENTED_EDGE ( 'NONE', *, *, #879, .T. ) ;
#1991 = STYLED_ITEM ( 'NONE', ( #8276 ), #1447 ) ;
#1992 = UNCERTAINTY_MEASURE_WITH_UNIT (LENGTH_MEASURE( 1.000000000000000082E-05 ), #3337, 'distance_accuracy_value', 'NONE');
#1993 = ORIENTED_EDGE ( 'NONE', *, *, #3782, .T. ) ;
#1994 = CARTESIAN_POINT ( 'NONE',  ( 0.000000000000000000, 0.000000000000000000, 0.000000000000000000 ) ) ;
#1995 = DIRECTION ( 'NONE',  ( -1.000000000000000000, -0.000000000000000000, -0.000000000000000000 ) ) ;
#1996 =( GEOMETRIC_REPRESENTATION_CONTEXT ( 3 ) GLOBAL_UNCERTAINTY_ASSIGNED_CONTEXT ( ( #6308 ) ) GLOBAL_UNIT_ASSIGNED_CONTEXT ( ( #3990, #8045, #8519 ) ) REPRESENTATION_CONTEXT ( 'NONE', 'WORKASPACE' ) );
#1997 = LINE ( 'NONE', #9283, #9580 ) ;
#1998 = CARTESIAN_POINT ( 'NONE',  ( 0.9968214519863044520, 0.000000000000000000, 3.311827956989247479 ) ) ;
#1999 = LINE ( 'NONE', #5095, #5104 ) ;
#2000 = COLOUR_RGB ( '',0.7764705882352941346, 0.7568627450980391913, 0.7372549019607843590 ) ;
#2001 = ORIENTED_EDGE ( 'NONE', *, *, #7342, .F. ) ;
#2002 =( LENGTH_UNIT ( ) NAMED_UNIT ( * ) SI_UNIT ( .MILLI., .METRE. ) );
#2003 = AXIS2_PLACEMENT_3D ( 'NONE', #9597, #7306, #2427 ) ;
#2004 = UNCERTAINTY_MEASURE_WITH_UNIT (LENGTH_MEASURE( 1.000000000000000082E-05 ), #4780, 'distance_accuracy_value', 'NONE');
#2005 = ORIENTED_EDGE ( 'NONE', *, *, #9552, .T. ) ;
#2006 = ORIENTED_EDGE ( 'NONE', *, *, #7208, .T. ) ;
#2007 = EDGE_CURVE ( 'NONE', #9800, #8154, #4067, .T. ) ;
#2008 = AXIS2_PLACEMENT_3D ( 'NONE', #685, #7716, #3030 ) ;
#2009 = AXIS2_PLACEMENT_3D ( 'NONE', #7377, #3412, #9777 ) ;
#2010 = STYLED_ITEM ( 'NONE', ( #7726 ), #6508 ) ;
#2011 = SURFACE_STYLE_FILL_AREA ( #6961 ) ;
#2012 = FACE_OUTER_BOUND ( 'NONE', #6986, .T. ) ;
#2013 =( GEOMETRIC_REPRESENTATION_CONTEXT ( 3 ) GLOBAL_UNCERTAINTY_ASSIGNED_CONTEXT ( ( #5234 ) ) GLOBAL_UNIT_ASSIGNED_CONTEXT ( ( #910, #2364, #4113 ) ) REPRESENTATION_CONTEXT ( 'NONE', 'WORKASPACE' ) );
#2014 =( GEOMETRIC_REPRESENTATION_CONTEXT ( 3 ) GLOBAL_UNCERTAINTY_ASSIGNED_CONTEXT ( ( #5477 ) ) GLOBAL_UNIT_ASSIGNED_CONTEXT ( ( #5547, #9689, #4788 ) ) REPRESENTATION_CONTEXT ( 'NONE', 'WORKASPACE' ) );
#2015 = AXIS2_PLACEMENT_3D ( 'NONE', #7961, #1492, #3924 ) ;
#2016 = EDGE_LOOP ( 'NONE', ( #1690, #5698, #1454 ) ) ;
#2017 = ADVANCED_FACE ( 'NONE', ( #7380 ), #5017, .F. ) ;
#2018 = ORIENTED_EDGE ( 'NONE', *, *, #1796, .F. ) ;
#2019 = SURFACE_STYLE_FILL_AREA ( #1968 ) ;
#2020 =( LENGTH_UNIT ( ) NAMED_UNIT ( * ) SI_UNIT ( .MILLI., .METRE. ) );
#2021 = AXIS2_PLACEMENT_3D ( 'NONE', #3512, #9764, #9710 ) ;
#2022 = MECHANICAL_DESIGN_GEOMETRIC_PRESENTATION_REPRESENTATION (  '', ( #5523 ), #5038 ) ;
#2023 = PLANE ( 'NONE',  #5512 ) ;
#2024 =( NAMED_UNIT ( * ) SI_UNIT ( $, .STERADIAN. ) SOLID_ANGLE_UNIT ( ) );
#2025 = VERTEX_POINT ( 'NONE', #3735 ) ;
#2026 = FILL_AREA_STYLE_COLOUR ( '', #7968 ) ;
#2027 = CYLINDRICAL_SURFACE ( 'NONE', #8183, 1.749999999999999778 ) ;
#2028 = ORIENTED_EDGE ( 'NONE', *, *, #612, .F. ) ;
#2029 = CIRCLE ( 'NONE', #8356, 5.995482475482741158 ) ;
#2030 = ADVANCED_FACE ( 'NONE', ( #2190 ), #6082, .T. ) ;
#2031 = SURFACE_SIDE_STYLE ('',( #9879 ) ) ;
#2032 = VECTOR ( 'NONE', #6787, 1000.000000000000000 ) ;
#2033 = ORIENTED_EDGE ( 'NONE', *, *, #3451, .T. ) ;
#2034 = FACE_OUTER_BOUND ( 'NONE', #9828, .T. ) ;
#2035 = DIRECTION ( 'NONE',  ( -0.1108510534444136914, 0.9938370308809506559, 3.595744332370143968E-15 ) ) ;
#2036 = CIRCLE ( 'NONE', #1869, 1.749999999999999778 ) ;
#2037 = PLANE ( 'NONE',  #3862 ) ;
#2038 = COLOUR_RGB ( '',0.7764705882352941346, 0.7568627450980391913, 0.7372549019607843590 ) ;
#2039 =( NAMED_UNIT ( * ) SI_UNIT ( $, .STERADIAN. ) SOLID_ANGLE_UNIT ( ) );
#2040 =( LENGTH_UNIT ( ) NAMED_UNIT ( * ) SI_UNIT ( .MILLI., .METRE. ) );
#2041 = DIRECTION ( 'NONE',  ( 0.7456662065614397816, -2.326442708608981349E-15, 0.6663196743247735698 ) ) ;
#2042 = ADVANCED_FACE ( 'NONE', ( #7938 ), #8640, .T. ) ;
#2043 = CARTESIAN_POINT ( 'NONE',  ( 0.2666411873824114376, -1.721732169736485796, 0.4052592521765768785 ) ) ;
#2044 = ORIENTED_EDGE ( 'NONE', *, *, #2897, .T. ) ;
#2045 = COLOUR_RGB ( '',0.7764705882352941346, 0.7568627450980391913, 0.7372549019607843590 ) ;
#2046 = DIRECTION ( 'NONE',  ( 1.000000000000000000, 0.000000000000000000, 0.000000000000000000 ) ) ;
#2047 = CARTESIAN_POINT ( 'NONE',  ( 6.000000000000000000, 2.326828918379972351E-16, 0.000000000000000000 ) ) ;
#2048 = CARTESIAN_POINT ( 'NONE',  ( 2.214116351126373949, 0.1880408685282127790, -0.1880408685282121406 ) ) ;
#2049 = DIRECTION ( 'NONE',  ( -0.1108510534444136914, 0.9938370308809506559, 3.595744332370143179E-15 ) ) ;
#2050 = CARTESIAN_POINT ( 'NONE',  ( 1.949999999999999956, 0.2174999999999999989, 0.2174999999999999711 ) ) ;
#2051 = DIRECTION ( 'NONE',  ( 0.6663196743247736809, -2.603479645215216163E-15, 0.7456662065614397816 ) ) ;
#2052 = FILL_AREA_STYLE_COLOUR ( '', #6343 ) ;
#2053 = FILL_AREA_STYLE ('',( #9236 ) ) ;
#2054 = COLOUR_RGB ( '',0.7764705882352941346, 0.7568627450980391913, 0.7372549019607843590 ) ;
#2055 =( GEOMETRIC_REPRESENTATION_CONTEXT ( 3 ) GLOBAL_UNCERTAINTY_ASSIGNED_CONTEXT ( ( #6115 ) ) GLOBAL_UNIT_ASSIGNED_CONTEXT ( ( #6073, #5322, #1367 ) ) REPRESENTATION_CONTEXT ( 'NONE', 'WORKASPACE' ) );
#2056 = VERTEX_POINT ( 'NONE', #4045 ) ;
#2057 = FILL_AREA_STYLE ('',( #9241 ) ) ;
#2058 = ORIENTED_EDGE ( 'NONE', *, *, #9913, .F. ) ;
#2059 = ORIENTED_EDGE ( 'NONE', *, *, #6283, .T. ) ;
#2060 =( LENGTH_UNIT ( ) NAMED_UNIT ( * ) SI_UNIT ( .MILLI., .METRE. ) );
#2061 = MECHANICAL_DESIGN_GEOMETRIC_PRESENTATION_REPRESENTATION (  '', ( #7240 ), #6763 ) ;
#2062 = VERTEX_POINT ( 'NONE', #7209 ) ;
#2063 = PRESENTATION_LAYER_ASSIGNMENT (  '', '', ( #8751 ) ) ;
#2064 = COLOUR_RGB ( '',0.7764705882352941346, 0.7568627450980391913, 0.7372549019607843590 ) ;
#2065 = CARTESIAN_POINT ( 'NONE',  ( 4.309938594911940868, -1.891316923914901471, 0.000000000000000000 ) ) ;
#2066 = CARTESIAN_POINT ( 'NONE',  ( 32.60000000000000142, 2.143131898507868051E-16, -1.749999999999999778 ) ) ;
#2067 = PLANE ( 'NONE',  #1003 ) ;
#2068 = SURFACE_STYLE_USAGE ( .BOTH. , #7521 ) ;
#2069 = FILL_AREA_STYLE ('',( #1412 ) ) ;
#2070 = DIRECTION ( 'NONE',  ( 0.9938370308809506559, 0.000000000000000000, 0.1108510534444137469 ) ) ;
#2071 = DIRECTION ( 'NONE',  ( 0.9938370308809507669, -0.1108510534444137746, 0.000000000000000000 ) ) ;
#2072 = MECHANICAL_DESIGN_GEOMETRIC_PRESENTATION_REPRESENTATION (  '', ( #8913 ), #2568 ) ;
#2073 = CIRCLE ( 'NONE', #6102, 3.311827956989247479 ) ;
#2074 = ORIENTED_EDGE ( 'NONE', *, *, #663, .F. ) ;
#2075 = SURFACE_STYLE_FILL_AREA ( #7722 ) ;
#2076 = SURFACE_STYLE_FILL_AREA ( #3723 ) ;
#2077 = AXIS2_PLACEMENT_3D ( 'NONE', #5083, #6718, #9106 ) ;
#2078 = CYLINDRICAL_SURFACE ( 'NONE', #2825, 1.749999999999999778 ) ;
#2079 =( NAMED_UNIT ( * ) PLANE_ANGLE_UNIT ( ) SI_UNIT ( $, .RADIAN. ) );
#2080 = EDGE_CURVE ( 'NONE', #7770, #4298, #4718, .T. ) ;
#2081 = CARTESIAN_POINT ( 'NONE',  ( 5.974195292295553905, -0.2313525518329657138, -8.028830871489587498E-16 ) ) ;
#2082 = ADVANCED_FACE ( 'NONE', ( #7898 ), #3132, .T. ) ;
#2083 = ORIENTED_EDGE ( 'NONE', *, *, #2897, .F. ) ;
#2084 = LINE ( 'NONE', #2186, #7004 ) ;
#2085 = DIRECTION ( 'NONE',  ( -0.1108510534444137469, -0.9938370308809506559, -3.448999966305766196E-15 ) ) ;
#2086 = VERTEX_POINT ( 'NONE', #1862 ) ;
#2087 = COLOUR_RGB ( '',0.7764705882352941346, 0.7568627450980391913, 0.7372549019607843590 ) ;
#2088 = ADVANCED_BREP_SHAPE_REPRESENTATION ( '', ( #5196, #5069 ), #7910 ) ;
#2089 = DIRECTION ( 'NONE',  ( -1.000000000000000000, -0.000000000000000000, -0.000000000000000000 ) ) ;
#2090 = CARTESIAN_POINT ( 'NONE',  ( 4.309938594911940868, 6.836180637525074799E-15, -1.891316923914901693 ) ) ;
#2091 = ORIENTED_EDGE ( 'NONE', *, *, #9288, .T. ) ;
#2092 = SURFACE_STYLE_FILL_AREA ( #9272 ) ;
#2093 = CARTESIAN_POINT ( 'NONE',  ( 0.9968214519863044520, 0.000000000000000000, 3.311827956989247479 ) ) ;
#2094 = ADVANCED_FACE ( 'NONE', ( #6583 ), #2546, .T. ) ;
#2095 = FILL_AREA_STYLE ('',( #503 ) ) ;
#2096 =( NAMED_UNIT ( * ) PLANE_ANGLE_UNIT ( ) SI_UNIT ( $, .RADIAN. ) );
#2097 = ORIENTED_EDGE ( 'NONE', *, *, #2507, .T. ) ;
#2098 = CARTESIAN_POINT ( 'NONE',  ( 2.599999999999998312, 4.286263797015736595E-16, -3.500000000000000000 ) ) ;
#2099 = FACE_OUTER_BOUND ( 'NONE', #5108, .T. ) ;
#2100 = DIRECTION ( 'NONE',  ( -1.000000000000000000, -0.000000000000000000, -0.000000000000000000 ) ) ;
#2101 =( LENGTH_UNIT ( ) NAMED_UNIT ( * ) SI_UNIT ( .MILLI., .METRE. ) );
#2102 = DIRECTION ( 'NONE',  ( -1.000000000000000000, -0.000000000000000000, -0.000000000000000000 ) ) ;
#2103 = CARTESIAN_POINT ( 'NONE',  ( 0.000000000000000000, 1.959999999999999964, 0.4350000000000001088 ) ) ;
#2104 = EDGE_CURVE ( 'NONE', #396, #933, #5726, .T. ) ;
#2105 = DIRECTION ( 'NONE',  ( 0.000000000000000000, 0.000000000000000000, 1.000000000000000000 ) ) ;
#2106 = CIRCLE ( 'NONE', #787, 1.749999999999999778 ) ;
#2107 = ORIENTED_EDGE ( 'NONE', *, *, #9185, .T. ) ;
#2108 = UNCERTAINTY_MEASURE_WITH_UNIT (LENGTH_MEASURE( 1.000000000000000082E-05 ), #4942, 'distance_accuracy_value', 'NONE');
#2109 = VERTEX_POINT ( 'NONE', #2122 ) ;
#2110 = ORIENTED_EDGE ( 'NONE', *, *, #3047, .T. ) ;
#2111 = APPLICATION_CONTEXT ( 'automotive_design' ) ;
#2112 = DIRECTION ( 'NONE',  ( 0.000000000000000000, 0.000000000000000000, -1.000000000000000000 ) ) ;
#2113 = CLOSED_SHELL ( 'NONE', ( #1889, #3048, #7275, #5640, #3249, #3428, #8768, #3832, #5643, #716, #366, #3310, #6356, #6508, #9087, #6459, #8374, #10140, #15, #942, #6428, #1141, #5585 ) ) ;
#2114 = ORIENTED_EDGE ( 'NONE', *, *, #4785, .F. ) ;
#2115 = SURFACE_STYLE_FILL_AREA ( #7667 ) ;
#2116 =( NAMED_UNIT ( * ) SI_UNIT ( $, .STERADIAN. ) SOLID_ANGLE_UNIT ( ) );
#2117 = DIRECTION ( 'NONE',  ( 0.000000000000000000, 0.000000000000000000, 1.000000000000000000 ) ) ;
#2118 = PRESENTATION_STYLE_ASSIGNMENT (( #2919 ) ) ;
#2119 = EDGE_CURVE ( 'NONE', #5807, #10076, #5213, .T. ) ;
#2120 = AXIS2_PLACEMENT_3D ( 'NONE', #4974, #2724, #268 ) ;
#2121 = ORIENTED_EDGE ( 'NONE', *, *, #1604, .F. ) ;
#2122 = CARTESIAN_POINT ( 'NONE',  ( 0.2666411873824114376, 0.4052592521765831513, -1.721732169736484019 ) ) ;
#2123 = DIRECTION ( 'NONE',  ( -1.000000000000000000, -0.000000000000000000, -0.000000000000000000 ) ) ;
#2124 = PRESENTATION_LAYER_ASSIGNMENT (  '', '', ( #5981 ) ) ;
#2125 = FACE_OUTER_BOUND ( 'NONE', #4495, .T. ) ;
#2126 = PRESENTATION_LAYER_ASSIGNMENT (  '', '', ( #1629 ) ) ;
#2127 = DIRECTION ( 'NONE',  ( 0.000000000000000000, 0.000000000000000000, 1.000000000000000000 ) ) ;
#2128 = SURFACE_STYLE_USAGE ( .BOTH. , #8632 ) ;
#2129 = FILL_AREA_STYLE ('',( #602 ) ) ;
#2130 = FILL_AREA_STYLE_COLOUR ( '', #866 ) ;
#2131 =( NAMED_UNIT ( * ) PLANE_ANGLE_UNIT ( ) SI_UNIT ( $, .RADIAN. ) );
#2132 = ORIENTED_EDGE ( 'NONE', *, *, #438, .F. ) ;
#2133 = CIRCLE ( 'NONE', #9352, 1.749999999999999778 ) ;
#2134 = SURFACE_SIDE_STYLE ('',( #1265 ) ) ;
#2135 =( GEOMETRIC_REPRESENTATION_CONTEXT ( 3 ) GLOBAL_UNCERTAINTY_ASSIGNED_CONTEXT ( ( #2221 ) ) GLOBAL_UNIT_ASSIGNED_CONTEXT ( ( #5843, #2540, #9760 ) ) REPRESENTATION_CONTEXT ( 'NONE', 'WORKASPACE' ) );
#2136 = CARTESIAN_POINT ( 'NONE',  ( 6.000000000000000000, 2.326828918379972351E-16, 0.000000000000000000 ) ) ;
#2137 = AXIS2_PLACEMENT_3D ( 'NONE', #2695, #3024, #5416 ) ;
#2138 = ORIENTED_EDGE ( 'NONE', *, *, #9112, .T. ) ;
#2139 = CARTESIAN_POINT ( 'NONE',  ( 1.347043950347265318, 0.000000000000000000, 0.000000000000000000 ) ) ;
#2140 = EDGE_CURVE ( 'NONE', #2025, #9337, #9896, .T. ) ;
#2141 = EDGE_CURVE ( 'NONE', #7706, #2278, #1137, .T. ) ;
#2142 = AXIS2_PLACEMENT_3D ( 'NONE', #2592, #2484, #1813 ) ;
#2143 =( NAMED_UNIT ( * ) SI_UNIT ( $, .STERADIAN. ) SOLID_ANGLE_UNIT ( ) );
#2144 = MECHANICAL_DESIGN_GEOMETRIC_PRESENTATION_REPRESENTATION (  '', ( #1322 ), #8828 ) ;
#2145 = AXIS2_PLACEMENT_3D ( 'NONE', #3194, #4879, #1526 ) ;
#2146 =( NAMED_UNIT ( * ) SI_UNIT ( $, .STERADIAN. ) SOLID_ANGLE_UNIT ( ) );
#2147 =( NAMED_UNIT ( * ) SI_UNIT ( $, .STERADIAN. ) SOLID_ANGLE_UNIT ( ) );
#2148 = DIRECTION ( 'NONE',  ( -0.9877866216249070463, 0.1101762001043161965, 0.1101762001043165434 ) ) ;
#2149 = COLOUR_RGB ( '',0.7764705882352941346, 0.7568627450980391913, 0.7372549019607843590 ) ;
#2150 = VERTEX_POINT ( 'NONE', #9259 ) ;
#2151 = EDGE_CURVE ( 'NONE', #3269, #8571, #7906, .T. ) ;
#2152 = SURFACE_STYLE_USAGE ( .BOTH. , #2786 ) ;
#2153 = AXIS2_PLACEMENT_3D ( 'NONE', #6607, #5813, #8213 ) ;
#2154 = CIRCLE ( 'NONE', #8687, 6.000000000000000000 ) ;
#2155 = DIRECTION ( 'NONE',  ( 0.9877866216249069353, -0.1101762001043169320, 0.1101762001043165712 ) ) ;
#2156 = PRESENTATION_STYLE_ASSIGNMENT (( #9432 ) ) ;
#2157 = FACE_OUTER_BOUND ( 'NONE', #2908, .T. ) ;
#2158 = AXIS2_PLACEMENT_3D ( 'NONE', #662, #1275, #1469 ) ;
#2159 = CARTESIAN_POINT ( 'NONE',  ( 0.2666411873824114376, -0.4052592521765708278, -1.721732169736487128 ) ) ;
#2160 = DIRECTION ( 'NONE',  ( 0.000000000000000000, 0.000000000000000000, 1.000000000000000000 ) ) ;
#2161 = DIRECTION ( 'NONE',  ( 0.7431005017819711789, 0.08288428673721742745, 0.6640269868487616023 ) ) ;
#2162 = ORIENTED_EDGE ( 'NONE', *, *, #6250, .F. ) ;
#2163 = ORIENTED_EDGE ( 'NONE', *, *, #779, .T. ) ;
#2164 = AXIS2_PLACEMENT_3D ( 'NONE', #9827, #6398, #2560 ) ;
#2165 = CIRCLE ( 'NONE', #1502, 0.4199999999999998179 ) ;
#2166 = ORIENTED_EDGE ( 'NONE', *, *, #6773, .T. ) ;
#2167 = EDGE_CURVE ( 'NONE', #8553, #9994, #7882, .T. ) ;
#2168 =( NAMED_UNIT ( * ) PLANE_ANGLE_UNIT ( ) SI_UNIT ( $, .RADIAN. ) );
#2169 = ORIENTED_EDGE ( 'NONE', *, *, #7488, .T. ) ;
#2170 = FILL_AREA_STYLE ('',( #8563 ) ) ;
#2171 = CARTESIAN_POINT ( 'NONE',  ( 5.974195292295553905, 2.375629221075779134E-16, 0.2313525518329657416 ) ) ;
#2172 = DIRECTION ( 'NONE',  ( -0.000000000000000000, 0.000000000000000000, 1.000000000000000000 ) ) ;
#2173 =( NAMED_UNIT ( * ) SI_UNIT ( $, .STERADIAN. ) SOLID_ANGLE_UNIT ( ) );
#2174 = DIRECTION ( 'NONE',  ( -0.7456662065614397816, -2.326442708608981349E-15, 0.6663196743247735698 ) ) ;
#2175 = FACE_OUTER_BOUND ( 'NONE', #3581, .T. ) ;
#2176 = LINE ( 'NONE', #1453, #7499 ) ;
#2177 = PRESENTATION_LAYER_ASSIGNMENT (  '', '', ( #4372 ) ) ;
#2178 = ORIENTED_EDGE ( 'NONE', *, *, #9649, .T. ) ;
#2179 = AXIS2_PLACEMENT_3D ( 'NONE', #5175, #321, #7484 ) ;
#2180 = EDGE_CURVE ( 'NONE', #4328, #9142, #2279, .T. ) ;
#2181 = DIRECTION ( 'NONE',  ( 0.7431005017819711789, 0.08288428673721742745, 0.6640269868487616023 ) ) ;
#2182 = AXIS2_PLACEMENT_3D ( 'NONE', #9361, #1459, #6072 ) ;
#2183 = FACE_OUTER_BOUND ( 'NONE', #7790, .T. ) ;
#2184 = AXIS2_PLACEMENT_3D ( 'NONE', #5599, #8712, #8015 ) ;
#2185 = ORIENTED_EDGE ( 'NONE', *, *, #2795, .T. ) ;
#2186 = CARTESIAN_POINT ( 'NONE',  ( 1.949999999999999956, 0.2174999999999999989, 0.2174999999999999711 ) ) ;
#2187 = SURFACE_SIDE_STYLE ('',( #9368 ) ) ;
#2188 = PLANE ( 'NONE',  #3152 ) ;
#2189 = ORIENTED_EDGE ( 'NONE', *, *, #4149, .F. ) ;
#2190 = FACE_OUTER_BOUND ( 'NONE', #7646, .T. ) ;
#2191 =( GEOMETRIC_REPRESENTATION_CONTEXT ( 3 ) GLOBAL_UNCERTAINTY_ASSIGNED_CONTEXT ( ( #2511 ) ) GLOBAL_UNIT_ASSIGNED_CONTEXT ( ( #9972, #5270, #5965 ) ) REPRESENTATION_CONTEXT ( 'NONE', 'WORKASPACE' ) );
#2192 = CARTESIAN_POINT ( 'NONE',  ( 2.214116351126373505, -0.1880408685282114467, -0.1880408685282121684 ) ) ;
#2193 = CIRCLE ( 'NONE', #2515, 1.749999999999999778 ) ;
#2194 = DIRECTION ( 'NONE',  ( -1.000000000000000000, -0.000000000000000000, -0.000000000000000000 ) ) ;
#2195 = AXIS2_PLACEMENT_3D ( 'NONE', #400, #231, #6614 ) ;
#2196 = FILL_AREA_STYLE_COLOUR ( '', #8117 ) ;
#2197 = DIRECTION ( 'NONE',  ( 0.000000000000000000, 0.000000000000000000, -1.000000000000000000 ) ) ;
#2198 = SURFACE_STYLE_USAGE ( .BOTH. , #1272 ) ;
#2199 = AXIS2_PLACEMENT_3D ( 'NONE', #279, #9117, #3536 ) ;
#2200 = CARTESIAN_POINT ( 'NONE',  ( 27.60000000000000142, 0.000000000000000000, 1.749999999999999778 ) ) ;
#2201 = PRESENTATION_STYLE_ASSIGNMENT (( #2893 ) ) ;
#2202 = SURFACE_STYLE_USAGE ( .BOTH. , #7748 ) ;
#2203 = EDGE_CURVE ( 'NONE', #7230, #4429, #63, .T. ) ;
#2204 = FACE_OUTER_BOUND ( 'NONE', #5474, .T. ) ;
#2205 = ORIENTED_EDGE ( 'NONE', *, *, #291, .T. ) ;
#2206 = MECHANICAL_DESIGN_GEOMETRIC_PRESENTATION_REPRESENTATION (  '', ( #389 ), #45 ) ;
#2207 = PRESENTATION_LAYER_ASSIGNMENT (  '', '', ( #1716 ) ) ;
#2208 = DIRECTION ( 'NONE',  ( 1.000000000000000000, 0.000000000000000000, 0.000000000000000000 ) ) ;
#2209 = DIRECTION ( 'NONE',  ( -0.000000000000000000, 0.000000000000000000, -1.000000000000000000 ) ) ;
#2210 = PLANE ( 'NONE',  #1804 ) ;
#2211 = PLANE ( 'NONE',  #605 ) ;
#2212 = CARTESIAN_POINT ( 'NONE',  ( 6.000000000000000000, 2.326828918379972351E-16, 0.000000000000000000 ) ) ;
#2213 = FACE_OUTER_BOUND ( 'NONE', #3863, .T. ) ;
#2214 = PLANE ( 'NONE',  #1558 ) ;
#2215 = LINE ( 'NONE', #5405, #9512 ) ;
#2216 = FACE_BOUND ( 'NONE', #863, .T. ) ;
#2217 = ADVANCED_FACE ( 'NONE', ( #4614 ), #3077, .F. ) ;
#2218 = VERTEX_POINT ( 'NONE', #1651 ) ;
#2219 = EDGE_CURVE ( 'NONE', #1464, #2607, #8169, .T. ) ;
#2220 = AXIS2_PLACEMENT_3D ( 'NONE', #587, #10128, #4607 ) ;
#2221 = UNCERTAINTY_MEASURE_WITH_UNIT (LENGTH_MEASURE( 1.000000000000000082E-05 ), #5843, 'distance_accuracy_value', 'NONE');
#2222 = COLOUR_RGB ( '',0.7764705882352941346, 0.7568627450980391913, 0.7372549019607843590 ) ;
#2223 = UNCERTAINTY_MEASURE_WITH_UNIT (LENGTH_MEASURE( 1.000000000000000082E-05 ), #60, 'distance_accuracy_value', 'NONE');
#2224 = EDGE_LOOP ( 'NONE', ( #1901, #2205 ) ) ;
#2225 = ORIENTED_EDGE ( 'NONE', *, *, #2007, .T. ) ;
#2226 =( NAMED_UNIT ( * ) SI_UNIT ( $, .STERADIAN. ) SOLID_ANGLE_UNIT ( ) );
#2227 = FILL_AREA_STYLE_COLOUR ( '', #7147 ) ;
#2228 = STYLED_ITEM ( 'NONE', ( #4032 ), #5328 ) ;
#2229 = FACE_OUTER_BOUND ( 'NONE', #10243, .T. ) ;
#2230 = SURFACE_SIDE_STYLE ('',( #7925 ) ) ;
#2231 = DIRECTION ( 'NONE',  ( 0.000000000000000000, -1.000000000000000000, 0.000000000000000000 ) ) ;
#2232 = DIRECTION ( 'NONE',  ( -0.1108510534444137469, -0.9938370308809506559, -3.448999966305766196E-15 ) ) ;
#2233 = ADVANCED_FACE ( 'NONE', ( #2633 ), #8809, .T. ) ;
#2234 = UNCERTAINTY_MEASURE_WITH_UNIT (LENGTH_MEASURE( 1.000000000000000082E-05 ), #7185, 'distance_accuracy_value', 'NONE');
#2235 = UNCERTAINTY_MEASURE_WITH_UNIT (LENGTH_MEASURE( 1.000000000000000082E-05 ), #7929, 'distance_accuracy_value', 'NONE');
#2236 = VERTEX_POINT ( 'NONE', #4852 ) ;
#2237 = CIRCLE ( 'NONE', #4914, 3.311827956989247479 ) ;
#2238 = VECTOR ( 'NONE', #7793, 1000.000000000000000 ) ;
#2239 = ORIENTED_EDGE ( 'NONE', *, *, #4956, .F. ) ;
#2240 = CARTESIAN_POINT ( 'NONE',  ( 1.347043950347265318, 4.286263797015737088E-16, -3.500000000000000444 ) ) ;
#2241 =( NAMED_UNIT ( * ) PLANE_ANGLE_UNIT ( ) SI_UNIT ( $, .RADIAN. ) );
#2242 = AXIS2_PLACEMENT_3D ( 'NONE', #4381, #3481, #7649 ) ;
#2243 = PRESENTATION_STYLE_ASSIGNMENT (( #3940 ) ) ;
#2244 =( GEOMETRIC_REPRESENTATION_CONTEXT ( 3 ) GLOBAL_UNCERTAINTY_ASSIGNED_CONTEXT ( ( #7983 ) ) GLOBAL_UNIT_ASSIGNED_CONTEXT ( ( #8785, #5495, #8701 ) ) REPRESENTATION_CONTEXT ( 'NONE', 'WORKASPACE' ) );
#2245 = ADVANCED_FACE ( 'NONE', ( #243 ), #466, .T. ) ;
#2246 = VERTEX_POINT ( 'NONE', #7356 ) ;
#2247 = CARTESIAN_POINT ( 'NONE',  ( 15.60000000000000142, 1.749999999999999778, 0.000000000000000000 ) ) ;
#2248 = DIRECTION ( 'NONE',  ( 0.9938370308809507669, 0.000000000000000000, 0.1108510534444137746 ) ) ;
#2249 = UNCERTAINTY_MEASURE_WITH_UNIT (LENGTH_MEASURE( 1.000000000000000082E-05 ), #8051, 'distance_accuracy_value', 'NONE');
#2250 = ORIENTED_EDGE ( 'NONE', *, *, #692, .T. ) ;
#2251 = CARTESIAN_POINT ( 'NONE',  ( 1.949999999999999956, 0.2174999999999999989, -0.2174999999999999711 ) ) ;
#2252 = CARTESIAN_POINT ( 'NONE',  ( 2.214116351126373505, 0.1880408685282115300, 0.1880408685282121406 ) ) ;
#2253 = DIRECTION ( 'NONE',  ( 0.000000000000000000, 1.224646799147353207E-16, -1.000000000000000000 ) ) ;
#2254 = DIRECTION ( 'NONE',  ( 0.6663196743247735698, 2.696405268330496621E-15, -0.7456662065614397816 ) ) ;
#2255 = FILL_AREA_STYLE_COLOUR ( '', #5834 ) ;
#2256 = MECHANICAL_DESIGN_GEOMETRIC_PRESENTATION_REPRESENTATION (  '', ( #2758 ), #7122 ) ;
#2257 = EDGE_LOOP ( 'NONE', ( #5304, #6724, #8949 ) ) ;
#2258 =( GEOMETRIC_REPRESENTATION_CONTEXT ( 3 ) GLOBAL_UNCERTAINTY_ASSIGNED_CONTEXT ( ( #2108 ) ) GLOBAL_UNIT_ASSIGNED_CONTEXT ( ( #4942, #4178, #3376 ) ) REPRESENTATION_CONTEXT ( 'NONE', 'WORKASPACE' ) );
#2259 = DIRECTION ( 'NONE',  ( 0.000000000000000000, 0.000000000000000000, 1.000000000000000000 ) ) ;
#2260 = DIRECTION ( 'NONE',  ( 0.000000000000000000, 0.000000000000000000, 1.000000000000000000 ) ) ;
#2261 = DIRECTION ( 'NONE',  ( -1.000000000000000000, -0.000000000000000000, -0.000000000000000000 ) ) ;
#2262 = LINE ( 'NONE', #1743, #7514 ) ;
#2263 = PRESENTATION_STYLE_ASSIGNMENT (( #7652 ) ) ;
#2264 = PRODUCT ( 'M3.5 x 10 Screw head', 'M3.5 x 10 Screw head', '', ( #7575 ) ) ;
#2265 = ORIENTED_EDGE ( 'NONE', *, *, #393, .T. ) ;
#2266 = DIRECTION ( 'NONE',  ( 0.7456662065614396706, 0.6663196743247736809, 0.000000000000000000 ) ) ;
#2267 = ORIENTED_EDGE ( 'NONE', *, *, #9167, .T. ) ;
#2268 = CARTESIAN_POINT ( 'NONE',  ( 1.949999999999999956, 0.2175000000000007205, -0.2174999999999992772 ) ) ;
#2269 = EDGE_CURVE ( 'NONE', #978, #933, #4258, .T. ) ;
#2270 = EDGE_CURVE ( 'NONE', #10076, #4973, #4424, .T. ) ;
#2271 =( NAMED_UNIT ( * ) PLANE_ANGLE_UNIT ( ) SI_UNIT ( $, .RADIAN. ) );
#2272 = PRESENTATION_STYLE_ASSIGNMENT (( #1597 ) ) ;
#2273 = SURFACE_STYLE_USAGE ( .BOTH. , #2967 ) ;
#2274 = AXIS2_PLACEMENT_3D ( 'NONE', #7858, #3959, #7952 ) ;
#2275 = DIRECTION ( 'NONE',  ( -0.9938370308809506559, -0.1108510534444136914, -3.870343844922732447E-16 ) ) ;
#2276 = CARTESIAN_POINT ( 'NONE',  ( 0.9968214519863044520, 0.000000000000000000, 0.000000000000000000 ) ) ;
#2277 = CONTEXT_DEPENDENT_SHAPE_REPRESENTATION ( #2642, #1601 ) ;
#2278 = VERTEX_POINT ( 'NONE', #5201 ) ;
#2279 = LINE ( 'NONE', #3826, #6925 ) ;
#2280 = CARTESIAN_POINT ( 'NONE',  ( -25.39999999999996305, 0.000000000000000000, 0.000000000000000000 ) ) ;
#2281 = ADVANCED_FACE ( 'NONE', ( #417 ), #6745, .T. ) ;
#2282 = PLANE ( 'NONE',  #77 ) ;
#2283 = CIRCLE ( 'NONE', #5294, 0.4199999999999998179 ) ;
#2284 = SHAPE_REPRESENTATION ( 'M3.5 x 30 Screw head', ( #5069 ), #7586 ) ;
#2285 = LINE ( 'NONE', #5473, #4982 ) ;
#2286 = ORIENTED_EDGE ( 'NONE', *, *, #7715, .F. ) ;
#2287 = ORIENTED_EDGE ( 'NONE', *, *, #619, .F. ) ;
#2288 = VERTEX_POINT ( 'NONE', #6797 ) ;
#2289 = CARTESIAN_POINT ( 'NONE',  ( 2.599999999999998312, 0.000000000000000000, 0.000000000000000000 ) ) ;
#2290 = CARTESIAN_POINT ( 'NONE',  ( 2.599999999999998312, 0.000000000000000000, 3.500000000000000000 ) ) ;
#2291 = ADVANCED_FACE ( 'NONE', ( #9964 ), #8838, .T. ) ;
#2292 = FACE_OUTER_BOUND ( 'NONE', #8740, .T. ) ;
#2293 = FACE_OUTER_BOUND ( 'NONE', #5982, .T. ) ;
#2294 = SURFACE_STYLE_FILL_AREA ( #3897 ) ;
#2295 = DIRECTION ( 'NONE',  ( 0.9938370308809506559, 0.000000000000000000, 0.1108510534444137469 ) ) ;
#2296 = CIRCLE ( 'NONE', #10319, 3.311827956989247479 ) ;
#2297 = SURFACE_STYLE_FILL_AREA ( #6284 ) ;
#2298 = STYLED_ITEM ( 'NONE', ( #5756 ), #5223 ) ;
#2299 = EDGE_LOOP ( 'NONE', ( #6968, #3636, #6768, #5269 ) ) ;
#2300 = COLOUR_RGB ( '',0.7764705882352941346, 0.7568627450980391913, 0.7372549019607843590 ) ;
#2301 =( NAMED_UNIT ( * ) PLANE_ANGLE_UNIT ( ) SI_UNIT ( $, .RADIAN. ) );
#2302 = EDGE_CURVE ( 'NONE', #1709, #8956, #1732, .T. ) ;
#2303 =( GEOMETRIC_REPRESENTATION_CONTEXT ( 3 ) GLOBAL_UNCERTAINTY_ASSIGNED_CONTEXT ( ( #873 ) ) GLOBAL_UNIT_ASSIGNED_CONTEXT ( ( #5138, #8221, #232 ) ) REPRESENTATION_CONTEXT ( 'NONE', 'WORKASPACE' ) );
#2304 =( LENGTH_UNIT ( ) NAMED_UNIT ( * ) SI_UNIT ( .MILLI., .METRE. ) );
#2305 =( NAMED_UNIT ( * ) PLANE_ANGLE_UNIT ( ) SI_UNIT ( $, .RADIAN. ) );
#2306 =( NAMED_UNIT ( * ) SI_UNIT ( $, .STERADIAN. ) SOLID_ANGLE_UNIT ( ) );
#2307 = DIRECTION ( 'NONE',  ( 0.000000000000000000, -1.246209393661499619E-16, 1.000000000000000000 ) ) ;
#2308 = SURFACE_SIDE_STYLE ('',( #3149 ) ) ;
#2309 = SURFACE_STYLE_FILL_AREA ( #8007 ) ;
#2310 = CIRCLE ( 'NONE', #2821, 3.500000000000000000 ) ;
#2311 = EDGE_LOOP ( 'NONE', ( #2250, #9709, #6992, #9439 ) ) ;
#2312 = COLOUR_RGB ( '',0.7764705882352941346, 0.7568627450980391913, 0.7372549019607843590 ) ;
#2313 = UNCERTAINTY_MEASURE_WITH_UNIT (LENGTH_MEASURE( 1.000000000000000082E-05 ), #5145, 'distance_accuracy_value', 'NONE');
#2314 = ORIENTED_EDGE ( 'NONE', *, *, #5020, .F. ) ;
#2315 = AXIS2_PLACEMENT_3D ( 'NONE', #5668, #3332, #926 ) ;
#2316 = STYLED_ITEM ( 'NONE', ( #5430 ), #1127 ) ;
#2317 = PRESENTATION_STYLE_ASSIGNMENT (( #8854 ) ) ;
#2318 = PLANE ( 'NONE',  #4549 ) ;
#2319 = PRESENTATION_STYLE_ASSIGNMENT (( #731 ) ) ;
#2320 = PRESENTATION_STYLE_ASSIGNMENT (( #7300 ) ) ;
#2321 = CARTESIAN_POINT ( 'NONE',  ( 1.347043950347265318, 0.000000000000000000, 0.000000000000000000 ) ) ;
#2322 = PRESENTATION_LAYER_ASSIGNMENT (  '', '', ( #8994 ) ) ;
#2323 = PRESENTATION_STYLE_ASSIGNMENT (( #7107 ) ) ;
#2324 = PRESENTATION_LAYER_ASSIGNMENT (  '', '', ( #6859 ) ) ;
#2325 = UNCERTAINTY_MEASURE_WITH_UNIT (LENGTH_MEASURE( 1.000000000000000082E-05 ), #1534, 'distance_accuracy_value', 'NONE');
#2326 = EDGE_CURVE ( 'NONE', #3616, #3064, #6088, .T. ) ;
#2327 = VECTOR ( 'NONE', #6991, 1000.000000000000000 ) ;
#2328 = EDGE_LOOP ( 'NONE', ( #1766, #497, #7013, #9984 ) ) ;
#2329 = TOROIDAL_SURFACE ( 'NONE', #9515, 3.080000000000000515, 0.4200000000000000400 ) ;
#2330 = FILL_AREA_STYLE_COLOUR ( '', #8050 ) ;
#2331 = CARTESIAN_POINT ( 'NONE',  ( 5.974195292295553905, 2.375629221075779134E-16, 0.2313525518329657416 ) ) ;
#2332 =( NAMED_UNIT ( * ) PLANE_ANGLE_UNIT ( ) SI_UNIT ( $, .RADIAN. ) );
#2333 = PRESENTATION_LAYER_ASSIGNMENT (  '', '', ( #5344 ) ) ;
#2334 =( LENGTH_UNIT ( ) NAMED_UNIT ( * ) SI_UNIT ( .MILLI., .METRE. ) );
#2335 = DIRECTION ( 'NONE',  ( 0.6663196743247735698, -2.603479645215216163E-15, 0.7456662065614397816 ) ) ;
#2336 = ORIENTED_EDGE ( 'NONE', *, *, #8468, .F. ) ;
#2337 = SURFACE_STYLE_USAGE ( .BOTH. , #3943 ) ;
#2338 = PRESENTATION_LAYER_ASSIGNMENT (  '', '', ( #1177 ) ) ;
#2339 = EDGE_CURVE ( 'NONE', #5865, #2472, #8902, .T. ) ;
#2340 = PRESENTATION_LAYER_ASSIGNMENT (  '', '', ( #8173 ) ) ;
#2341 = UNCERTAINTY_MEASURE_WITH_UNIT (LENGTH_MEASURE( 1.000000000000000082E-05 ), #5472, 'distance_accuracy_value', 'NONE');
#2342 = ORIENTED_EDGE ( 'NONE', *, *, #9946, .F. ) ;
#2343 =( NAMED_UNIT ( * ) SI_UNIT ( $, .STERADIAN. ) SOLID_ANGLE_UNIT ( ) );
#2344 = PRESENTATION_STYLE_ASSIGNMENT (( #102 ) ) ;
#2345 = PRODUCT ( 'M3.5 x 8 Screw head', 'M3.5 x 8 Screw head', '', ( #4400 ) ) ;
#2346 = CIRCLE ( 'NONE', #2526, 5.437518987584765817 ) ;
#2347 = AXIS2_PLACEMENT_3D ( 'NONE', #214, #3290, #7278 ) ;
#2348 = CARTESIAN_POINT ( 'NONE',  ( 0.2666411873824114376, -1.721732169736485796, -0.4052592521765772116 ) ) ;
#2349 = FILL_AREA_STYLE_COLOUR ( '', #1950 ) ;
#2350 = SURFACE_SIDE_STYLE ('',( #10 ) ) ;
#2351 = VERTEX_POINT ( 'NONE', #3240 ) ;
#2352 = EDGE_CURVE ( 'NONE', #1588, #6666, #14, .T. ) ;
#2353 = ORIENTED_EDGE ( 'NONE', *, *, #1905, .T. ) ;
#2354 = COLOUR_RGB ( '',0.7764705882352941346, 0.7568627450980391913, 0.7372549019607843590 ) ;
#2355 = STYLED_ITEM ( 'NONE', ( #5906 ), #6640 ) ;
#2356 =( NAMED_UNIT ( * ) PLANE_ANGLE_UNIT ( ) SI_UNIT ( $, .RADIAN. ) );
#2357 = CARTESIAN_POINT ( 'NONE',  ( 0.000000000000000000, 1.959999999999999964, -0.4350000000000000533 ) ) ;
#2358 = PRESENTATION_STYLE_ASSIGNMENT (( #7283 ) ) ;
#2359 = FACE_OUTER_BOUND ( 'NONE', #6272, .T. ) ;
#2360 = FACE_OUTER_BOUND ( 'NONE', #6569, .T. ) ;
#2361 = COLOUR_RGB ( '',0.7764705882352941346, 0.7568627450980391913, 0.7372549019607843590 ) ;
#2362 = AXIS2_PLACEMENT_3D ( 'NONE', #4433, #3804, #5338 ) ;
#2363 = CARTESIAN_POINT ( 'NONE',  ( 2.193400286944045430, -0.1903515064562409931, -2.309278636184418912E-16 ) ) ;
#2364 =( NAMED_UNIT ( * ) PLANE_ANGLE_UNIT ( ) SI_UNIT ( $, .RADIAN. ) );
#2365 = ORIENTED_EDGE ( 'NONE', *, *, #2958, .F. ) ;
#2366 = ADVANCED_FACE ( 'NONE', ( #5492 ), #4824, .T. ) ;
#2367 = AXIS2_PLACEMENT_3D ( 'NONE', #3193, #7913, #9575 ) ;
#2368 = CARTESIAN_POINT ( 'NONE',  ( 4.309938594911940868, 1.891316923914901471, 2.356976916973721757E-16 ) ) ;
#2369 = ORIENTED_EDGE ( 'NONE', *, *, #3740, .T. ) ;
#2370 = CARTESIAN_POINT ( 'NONE',  ( -3.469446951953614189E-15, 0.000000000000000000, -56.00000000000000000 ) ) ;
#2371 = SURFACE_SIDE_STYLE ('',( #6301 ) ) ;
#2372 = DIRECTION ( 'NONE',  ( -1.000000000000000000, 0.000000000000000000, 0.000000000000000000 ) ) ;
#2373 = SURFACE_SIDE_STYLE ('',( #9536 ) ) ;
#2374 = CARTESIAN_POINT ( 'NONE',  ( 1.347043950347263763, 0.000000000000000000, 3.080000000000000515 ) ) ;
#2375 = CARTESIAN_POINT ( 'NONE',  ( 1.347043950347265318, 0.000000000000000000, 0.000000000000000000 ) ) ;
#2376 = CARTESIAN_POINT ( 'NONE',  ( 0.000000000000000000, 0.4349999999999932254, 1.960000000000001741 ) ) ;
#2377 = CARTESIAN_POINT ( 'NONE',  ( 1.949999999999999956, 0.2174999999999999989, -0.2174999999999999711 ) ) ;
#2378 = ORIENTED_EDGE ( 'NONE', *, *, #3658, .F. ) ;
#2379 = COLOUR_RGB ( '',0.7764705882352941346, 0.7568627450980391913, 0.7372549019607843590 ) ;
#2380 =( NAMED_UNIT ( * ) SI_UNIT ( $, .STERADIAN. ) SOLID_ANGLE_UNIT ( ) );
#2381 = LINE ( 'NONE', #3168, #2891 ) ;
#2382 = SURFACE_STYLE_FILL_AREA ( #7197 ) ;
#2383 = CARTESIAN_POINT ( 'NONE',  ( 12.59999999999999964, 1.749999999999999778, 0.000000000000000000 ) ) ;
#2384 = DIRECTION ( 'NONE',  ( 0.000000000000000000, 1.224646799147353207E-16, -1.000000000000000000 ) ) ;
#2385 = PLANE ( 'NONE',  #6472 ) ;
#2386 = ORIENTED_EDGE ( 'NONE', *, *, #3124, .F. ) ;
#2387 = DIRECTION ( 'NONE',  ( -0.1108510534444136914, 1.257808851980383614E-16, -0.9938370308809506559 ) ) ;
#2388 = MECHANICAL_DESIGN_GEOMETRIC_PRESENTATION_REPRESENTATION (  '', ( #3923 ), #9733 ) ;
#2389 = EDGE_LOOP ( 'NONE', ( #9244, #8646, #3549, #6914 ) ) ;
#2390 = FACE_OUTER_BOUND ( 'NONE', #10181, .T. ) ;
#2391 = AXIS2_PLACEMENT_3D ( 'NONE', #1067, #283, #10061 ) ;
#2392 = PRODUCT_DEFINITION ( 'UNKNOWN', '', #5566, #3814 ) ;
#2393 = PRESENTATION_LAYER_ASSIGNMENT (  '', '', ( #5415 ) ) ;
#2394 = ADVANCED_FACE ( 'NONE', ( #1624 ), #115, .F. ) ;
#2395 = FACE_OUTER_BOUND ( 'NONE', #4730, .T. ) ;
#2396 = ORIENTED_EDGE ( 'NONE', *, *, #3696, .F. ) ;
#2397 = PRODUCT_DEFINITION_FORMATION_WITH_SPECIFIED_SOURCE ( 'ANY', '', #2345, .NOT_KNOWN. ) ;
#2398 =( GEOMETRIC_REPRESENTATION_CONTEXT ( 3 ) GLOBAL_UNCERTAINTY_ASSIGNED_CONTEXT ( ( #5790 ) ) GLOBAL_UNIT_ASSIGNED_CONTEXT ( ( #5229, #7743, #2146 ) ) REPRESENTATION_CONTEXT ( 'NONE', 'WORKASPACE' ) );
#2399 = SURFACE_SIDE_STYLE ('',( #1679 ) ) ;
#2400 = EDGE_LOOP ( 'NONE', ( #9213, #8945, #3266, #6252 ) ) ;
#2401 = SURFACE_STYLE_USAGE ( .BOTH. , #566 ) ;
#2402 = EDGE_CURVE ( 'NONE', #1588, #2482, #2558, .T. ) ;
#2403 = PRESENTATION_STYLE_ASSIGNMENT (( #9576 ) ) ;
#2404 = FILL_AREA_STYLE ('',( #3418 ) ) ;
#2405 = FILL_AREA_STYLE ('',( #9577 ) ) ;
#2406 = AXIS2_PLACEMENT_3D ( 'NONE', #2321, #7776, #7189 ) ;
#2407 = DIRECTION ( 'NONE',  ( -1.000000000000000000, -0.000000000000000000, -0.000000000000000000 ) ) ;
#2408 = PRESENTATION_STYLE_ASSIGNMENT (( #1689 ) ) ;
#2409 = VERTEX_POINT ( 'NONE', #4306 ) ;
#2410 = CARTESIAN_POINT ( 'NONE',  ( 0.000000000000000000, 0.4349999999999932254, 1.960000000000001741 ) ) ;
#2411 = UNCERTAINTY_MEASURE_WITH_UNIT (LENGTH_MEASURE( 1.000000000000000082E-05 ), #2470, 'distance_accuracy_value', 'NONE');
#2412 = DIRECTION ( 'NONE',  ( 0.6663196743247736809, -0.7456662065614397816, -9.292562311528023527E-17 ) ) ;
#2413 = ORIENTED_EDGE ( 'NONE', *, *, #5034, .F. ) ;
#2414 = VECTOR ( 'NONE', #3756, 1000.000000000000000 ) ;
#2415 = ADVANCED_FACE ( 'NONE', ( #6600 ), #2721, .T. ) ;
#2416 = LINE ( 'NONE', #7445, #1395 ) ;
#2417 = CYLINDRICAL_SURFACE ( 'NONE', #5109, 3.500000000000000444 ) ;
#2418 = CARTESIAN_POINT ( 'NONE',  ( 0.000000000000000000, -0.4350000000000069367, 1.959999999999998188 ) ) ;
#2419 =( NAMED_UNIT ( * ) SI_UNIT ( $, .STERADIAN. ) SOLID_ANGLE_UNIT ( ) );
#2420 = CARTESIAN_POINT ( 'NONE',  ( -25.39999999999996305, 4.286263797015737088E-16, -3.500000000000000444 ) ) ;
#2421 = VECTOR ( 'NONE', #3544, 1000.000000000000000 ) ;
#2422 = PRESENTATION_STYLE_ASSIGNMENT (( #2523 ) ) ;
#2423 =( NAMED_UNIT ( * ) PLANE_ANGLE_UNIT ( ) SI_UNIT ( $, .RADIAN. ) );
#2424 = SURFACE_SIDE_STYLE ('',( #3072 ) ) ;
#2425 = ORIENTED_EDGE ( 'NONE', *, *, #8466, .T. ) ;
#2426 = SURFACE_STYLE_FILL_AREA ( #5609 ) ;
#2427 = DIRECTION ( 'NONE',  ( 0.000000000000000000, 0.000000000000000000, 1.000000000000000000 ) ) ;
#2428 = EDGE_CURVE ( 'NONE', #9015, #9366, #267, .T. ) ;
#2429 = DIRECTION ( 'NONE',  ( -0.9938370308809507669, 0.000000000000000000, 0.1108510534444137052 ) ) ;
#2430 = PRESENTATION_STYLE_ASSIGNMENT (( #9702 ) ) ;
#2431 = SPHERICAL_SURFACE ( 'NONE', #6956, 6.000000000000000000 ) ;
#2432 = EDGE_LOOP ( 'NONE', ( #7984, #2895 ) ) ;
#2433 = CIRCLE ( 'NONE', #9619, 6.000000000000000000 ) ;
#2434 = FILL_AREA_STYLE ('',( #10299 ) ) ;
#2435 =( GEOMETRIC_REPRESENTATION_CONTEXT ( 3 ) GLOBAL_UNCERTAINTY_ASSIGNED_CONTEXT ( ( #1179 ) ) GLOBAL_UNIT_ASSIGNED_CONTEXT ( ( #916, #4321, #8223 ) ) REPRESENTATION_CONTEXT ( 'NONE', 'WORKASPACE' ) );
#2436 = UNCERTAINTY_MEASURE_WITH_UNIT (LENGTH_MEASURE( 1.000000000000000082E-05 ), #1546, 'distance_accuracy_value', 'NONE');
#2437 = EDGE_LOOP ( 'NONE', ( #3825, #9823, #698, #6940 ) ) ;
#2438 =( LENGTH_UNIT ( ) NAMED_UNIT ( * ) SI_UNIT ( .MILLI., .METRE. ) );
#2439 = FILL_AREA_STYLE ('',( #2547 ) ) ;
#2440 = STYLED_ITEM ( 'NONE', ( #3343 ), #169 ) ;
#2441 = SURFACE_STYLE_USAGE ( .BOTH. , #5683 ) ;
#2442 = SURFACE_STYLE_USAGE ( .BOTH. , #3994 ) ;
#2443 =( NAMED_UNIT ( * ) PLANE_ANGLE_UNIT ( ) SI_UNIT ( $, .RADIAN. ) );
#2444 = MECHANICAL_DESIGN_GEOMETRIC_PRESENTATION_REPRESENTATION (  '', ( #3468 ), #3822 ) ;
#2445 =( LENGTH_UNIT ( ) NAMED_UNIT ( * ) SI_UNIT ( .MILLI., .METRE. ) );
#2446 = EDGE_LOOP ( 'NONE', ( #2486, #3156 ) ) ;
#2447 = DIRECTION ( 'NONE',  ( 0.7456662065614395596, 0.000000000000000000, -0.6663196743247737919 ) ) ;
#2448 = DIRECTION ( 'NONE',  ( -0.000000000000000000, 0.000000000000000000, -1.000000000000000000 ) ) ;
#2449 = ORIENTED_EDGE ( 'NONE', *, *, #5309, .F. ) ;
#2450 = STYLED_ITEM ( 'NONE', ( #9095 ), #4444 ) ;
#2451 = PLANE ( 'NONE',  #1149 ) ;
#2452 = SURFACE_STYLE_FILL_AREA ( #10314 ) ;
#2453 = COLOUR_RGB ( '',0.7764705882352941346, 0.7568627450980391913, 0.7372549019607843590 ) ;
#2454 = LINE ( 'NONE', #1686, #6014 ) ;
#2455 = SURFACE_SIDE_STYLE ('',( #909 ) ) ;
#2456 = LINE ( 'NONE', #3303, #7289 ) ;
#2457 = VERTEX_POINT ( 'NONE', #3628 ) ;
#2458 = CARTESIAN_POINT ( 'NONE',  ( 4.309938594911940868, 1.891316923914901471, 2.356976916973721757E-16 ) ) ;
#2459 = PRESENTATION_LAYER_ASSIGNMENT (  '', '', ( #6835 ) ) ;
#2460 = MECHANICAL_DESIGN_GEOMETRIC_PRESENTATION_REPRESENTATION (  '', ( #667 ), #2135 ) ;
#2461 = EDGE_CURVE ( 'NONE', #3278, #7770, #421, .T. ) ;
#2462 =( GEOMETRIC_REPRESENTATION_CONTEXT ( 3 ) GLOBAL_UNCERTAINTY_ASSIGNED_CONTEXT ( ( #3927 ) ) GLOBAL_UNIT_ASSIGNED_CONTEXT ( ( #2503, #6437, #7093 ) ) REPRESENTATION_CONTEXT ( 'NONE', 'WORKASPACE' ) );
#2463 =( NAMED_UNIT ( * ) PLANE_ANGLE_UNIT ( ) SI_UNIT ( $, .RADIAN. ) );
#2464 = VERTEX_POINT ( 'NONE', #6872 ) ;
#2465 = STYLED_ITEM ( 'NONE', ( #3836 ), #5575 ) ;
#2466 = DIRECTION ( 'NONE',  ( 0.9877866216249069353, -0.1101762001043169320, 0.1101762001043165712 ) ) ;
#2467 = SURFACE_STYLE_USAGE ( .BOTH. , #3256 ) ;
#2468 = CARTESIAN_POINT ( 'NONE',  ( 5.974195292295553905, 2.375629221075779134E-16, 0.2313525518329657416 ) ) ;
#2469 = CIRCLE ( 'NONE', #7981, 1.749999999999999778 ) ;
#2470 =( LENGTH_UNIT ( ) NAMED_UNIT ( * ) SI_UNIT ( .MILLI., .METRE. ) );
#2471 = LINE ( 'NONE', #9643, #2860 ) ;
#2472 = VERTEX_POINT ( 'NONE', #9986 ) ;
#2473 = PLANE ( 'NONE',  #8500 ) ;
#2474 = ADVANCED_FACE ( 'NONE', ( #5178 ), #5409, .T. ) ;
#2475 = ORIENTED_EDGE ( 'NONE', *, *, #5179, .T. ) ;
#2476 = MECHANICAL_DESIGN_GEOMETRIC_PRESENTATION_REPRESENTATION (  '', ( #6683 ), #2653 ) ;
#2477 = SURFACE_STYLE_USAGE ( .BOTH. , #9653 ) ;
#2478 = DIRECTION ( 'NONE',  ( -1.000000000000000000, -0.000000000000000000, -0.000000000000000000 ) ) ;
#2479 = LINE ( 'NONE', #5839, #7870 ) ;
#2480 = DIRECTION ( 'NONE',  ( 0.000000000000000000, 1.000000000000000000, 0.000000000000000000 ) ) ;
#2481 = PRESENTATION_STYLE_ASSIGNMENT (( #7363 ) ) ;
#2482 = VERTEX_POINT ( 'NONE', #6178 ) ;
#2483 = VECTOR ( 'NONE', #2775, 1000.000000000000000 ) ;
#2484 = DIRECTION ( 'NONE',  ( 0.6663196743247735698, -2.603479645215216163E-15, 0.7456662065614397816 ) ) ;
#2485 = EDGE_CURVE ( 'NONE', #1270, #978, #5387, .T. ) ;
#2486 = ORIENTED_EDGE ( 'NONE', *, *, #8927, .T. ) ;
#2487 = CIRCLE ( 'NONE', #340, 5.437518987584765817 ) ;
#2488 =( LENGTH_UNIT ( ) NAMED_UNIT ( * ) SI_UNIT ( .MILLI., .METRE. ) );
#2489 =( GEOMETRIC_REPRESENTATION_CONTEXT ( 3 ) GLOBAL_UNCERTAINTY_ASSIGNED_CONTEXT ( ( #9746 ) ) GLOBAL_UNIT_ASSIGNED_CONTEXT ( ( #2438, #7369, #207 ) ) REPRESENTATION_CONTEXT ( 'NONE', 'WORKASPACE' ) );
#2490 = SURFACE_SIDE_STYLE ('',( #9666 ) ) ;
#2491 = DIRECTION ( 'NONE',  ( 0.7431005017819711789, 0.08288428673722224305, -0.6640269868487610472 ) ) ;
#2492 = STYLED_ITEM ( 'NONE', ( #4197 ), #8916 ) ;
#2493 = DIRECTION ( 'NONE',  ( 1.000000000000000000, 0.000000000000000000, 0.000000000000000000 ) ) ;
#2494 = PRESENTATION_STYLE_ASSIGNMENT (( #7276 ) ) ;
#2495 = VERTEX_POINT ( 'NONE', #1433 ) ;
#2496 =( NAMED_UNIT ( * ) SI_UNIT ( $, .STERADIAN. ) SOLID_ANGLE_UNIT ( ) );
#2497 = COLOUR_RGB ( '',0.7764705882352941346, 0.7568627450980391913, 0.7372549019607843590 ) ;
#2498 = AXIS2_PLACEMENT_3D ( 'NONE', #8254, #6710, #3518 ) ;
#2499 = PRESENTATION_STYLE_ASSIGNMENT (( #3295 ) ) ;
#2500 = AXIS2_PLACEMENT_3D ( 'NONE', #5113, #208, #1036 ) ;
#2501 = SPHERICAL_SURFACE ( 'NONE', #6877, 6.000000000000000000 ) ;
#2502 = ORIENTED_EDGE ( 'NONE', *, *, #9897, .T. ) ;
#2503 =( LENGTH_UNIT ( ) NAMED_UNIT ( * ) SI_UNIT ( .MILLI., .METRE. ) );
#2504 = DIRECTION ( 'NONE',  ( -0.1108510534444136914, 1.257808851980383614E-16, -0.9938370308809506559 ) ) ;
#2505 = DIRECTION ( 'NONE',  ( 0.6663196743247735698, -2.603479645215216163E-15, 0.7456662065614397816 ) ) ;
#2506 = PRESENTATION_STYLE_ASSIGNMENT (( #5591 ) ) ;
#2507 = EDGE_CURVE ( 'NONE', #3413, #2150, #8072, .T. ) ;
#2508 =( NAMED_UNIT ( * ) SI_UNIT ( $, .STERADIAN. ) SOLID_ANGLE_UNIT ( ) );
#2509 =( GEOMETRIC_REPRESENTATION_CONTEXT ( 3 ) GLOBAL_UNCERTAINTY_ASSIGNED_CONTEXT ( ( #7893 ) ) GLOBAL_UNIT_ASSIGNED_CONTEXT ( ( #4187, #1911, #1082 ) ) REPRESENTATION_CONTEXT ( 'NONE', 'WORKASPACE' ) );
#2510 = VERTEX_POINT ( 'NONE', #2831 ) ;
#2511 = UNCERTAINTY_MEASURE_WITH_UNIT (LENGTH_MEASURE( 1.000000000000000082E-05 ), #9972, 'distance_accuracy_value', 'NONE');
#2512 = FILL_AREA_STYLE ('',( #9529 ) ) ;
#2513 = ORIENTED_EDGE ( 'NONE', *, *, #9253, .T. ) ;
#2514 = FACE_OUTER_BOUND ( 'NONE', #8089, .T. ) ;
#2515 = AXIS2_PLACEMENT_3D ( 'NONE', #2943, #1220, #6934 ) ;
#2516 = CARTESIAN_POINT ( 'NONE',  ( 0.2666411873824114376, -0.4052592521765708278, -1.721732169736487128 ) ) ;
#2517 = DIRECTION ( 'NONE',  ( -1.000000000000000000, -0.000000000000000000, -0.000000000000000000 ) ) ;
#2518 = EDGE_CURVE ( 'NONE', #8684, #8109, #4419, .T. ) ;
#2519 = SURFACE_SIDE_STYLE ('',( #3970 ) ) ;
#2520 = SURFACE_STYLE_USAGE ( .BOTH. , #8073 ) ;
#2521 = ADVANCED_FACE ( 'NONE', ( #439 ), #4046, .T. ) ;
#2522 = CIRCLE ( 'NONE', #2199, 5.437518987584765817 ) ;
#2523 = SURFACE_STYLE_USAGE ( .BOTH. , #4899 ) ;
#2524 = DIRECTION ( 'NONE',  ( -0.9938370308809506559, 0.000000000000000000, 0.1108510534444136914 ) ) ;
#2525 = UNCERTAINTY_MEASURE_WITH_UNIT (LENGTH_MEASURE( 1.000000000000000082E-05 ), #7663, 'distance_accuracy_value', 'NONE');
#2526 = AXIS2_PLACEMENT_3D ( 'NONE', #9704, #4911, #151 ) ;
#2527 = ORIENTED_EDGE ( 'NONE', *, *, #9041, .F. ) ;
#2528 = COLOUR_RGB ( '',0.7764705882352941346, 0.7568627450980391913, 0.7372549019607843590 ) ;
#2529 = VERTEX_POINT ( 'NONE', #2290 ) ;
#2530 = CIRCLE ( 'NONE', #2887, 3.500000000000000000 ) ;
#2531 = FILL_AREA_STYLE_COLOUR ( '', #6756 ) ;
#2532 = SURFACE_SIDE_STYLE ('',( #5837 ) ) ;
#2533 = CARTESIAN_POINT ( 'NONE',  ( 0.9968214519863044520, 4.171041651934668579E-16, -3.311827956989247479 ) ) ;
#2534 = SURFACE_STYLE_FILL_AREA ( #2587 ) ;
#2535 = PRESENTATION_LAYER_ASSIGNMENT (  '', '', ( #3932 ) ) ;
#2536 =( LENGTH_UNIT ( ) NAMED_UNIT ( * ) SI_UNIT ( .MILLI., .METRE. ) );
#2537 = DIRECTION ( 'NONE',  ( -0.9877866216249070463, -0.1101762001043161271, -0.1101762001043165851 ) ) ;
#2538 = FILL_AREA_STYLE_COLOUR ( '', #4277 ) ;
#2539 = ADVANCED_FACE ( 'NONE', ( #8688 ), #58, .T. ) ;
#2540 =( NAMED_UNIT ( * ) PLANE_ANGLE_UNIT ( ) SI_UNIT ( $, .RADIAN. ) );
#2541 = LINE ( 'NONE', #5742, #7498 ) ;
#2542 = UNCERTAINTY_MEASURE_WITH_UNIT (LENGTH_MEASURE( 1.000000000000000082E-05 ), #558, 'distance_accuracy_value', 'NONE');
#2543 = VERTEX_POINT ( 'NONE', #5917 ) ;
#2544 = PRESENTATION_LAYER_ASSIGNMENT (  '', '', ( #6557 ) ) ;
#2545 = STYLED_ITEM ( 'NONE', ( #8824 ), #2094 ) ;
#2546 = PLANE ( 'NONE',  #2717 ) ;
#2547 = FILL_AREA_STYLE_COLOUR ( '', #7528 ) ;
#2548 = EDGE_CURVE ( 'NONE', #689, #6976, #3567, .T. ) ;
#2549 = SURFACE_STYLE_USAGE ( .BOTH. , #6471 ) ;
#2550 = AXIS2_PLACEMENT_3D ( 'NONE', #4727, #8778, #10307 ) ;
#2551 = MECHANICAL_DESIGN_GEOMETRIC_PRESENTATION_REPRESENTATION (  '', ( #1886 ), #2726 ) ;
#2552 = CARTESIAN_POINT ( 'NONE',  ( 0.000000000000000000, -1.959999999999999964, -0.4349999999999999978 ) ) ;
#2553 = DIRECTION ( 'NONE',  ( 0.6663196743247735698, 0.7456662065614397816, 0.000000000000000000 ) ) ;
#2554 = ORIENTED_EDGE ( 'NONE', *, *, #5088, .F. ) ;
#2555 = COLOUR_RGB ( '',0.7764705882352941346, 0.7568627450980391913, 0.7372549019607843590 ) ;
#2556 = AXIS2_PLACEMENT_3D ( 'NONE', #9430, #3097, #2208 ) ;
#2557 = AXIS2_PLACEMENT_3D ( 'NONE', #8642, #6276, #9468 ) ;
#2558 = LINE ( 'NONE', #5806, #7587 ) ;
#2559 =( GEOMETRIC_REPRESENTATION_CONTEXT ( 3 ) GLOBAL_UNCERTAINTY_ASSIGNED_CONTEXT ( ( #9662 ) ) GLOBAL_UNIT_ASSIGNED_CONTEXT ( ( #3300, #120, #1581 ) ) REPRESENTATION_CONTEXT ( 'NONE', 'WORKASPACE' ) );
#2560 = DIRECTION ( 'NONE',  ( 0.000000000000000000, 0.000000000000000000, 1.000000000000000000 ) ) ;
#2561 = ORIENTED_EDGE ( 'NONE', *, *, #8859, .F. ) ;
#2562 =( NAMED_UNIT ( * ) SI_UNIT ( $, .STERADIAN. ) SOLID_ANGLE_UNIT ( ) );
#2563 =( NAMED_UNIT ( * ) SI_UNIT ( $, .STERADIAN. ) SOLID_ANGLE_UNIT ( ) );
#2564 = DIRECTION ( 'NONE',  ( 1.000000000000000000, 0.000000000000000000, 0.000000000000000000 ) ) ;
#2565 = DIRECTION ( 'NONE',  ( -1.000000000000000000, -0.000000000000000000, -0.000000000000000000 ) ) ;
#2566 = FACE_OUTER_BOUND ( 'NONE', #6836, .T. ) ;
#2567 = SURFACE_STYLE_FILL_AREA ( #4933 ) ;
#2568 =( GEOMETRIC_REPRESENTATION_CONTEXT ( 3 ) GLOBAL_UNCERTAINTY_ASSIGNED_CONTEXT ( ( #4330 ) ) GLOBAL_UNIT_ASSIGNED_CONTEXT ( ( #9475, #2305, #3809 ) ) REPRESENTATION_CONTEXT ( 'NONE', 'WORKASPACE' ) );
#2569 = VERTEX_POINT ( 'NONE', #316 ) ;
#2570 = EDGE_LOOP ( 'NONE', ( #6679, #4847, #3838, #1377 ) ) ;
#2571 = AXIS2_PLACEMENT_3D ( 'NONE', #8829, #4105, #5484 ) ;
#2572 = FILL_AREA_STYLE_COLOUR ( '', #9168 ) ;
#2573 = SURFACE_STYLE_USAGE ( .BOTH. , #7392 ) ;
#2574 = ORIENTED_EDGE ( 'NONE', *, *, #878, .F. ) ;
#2575 = FILL_AREA_STYLE_COLOUR ( '', #500 ) ;
#2576 =( NAMED_UNIT ( * ) SI_UNIT ( $, .STERADIAN. ) SOLID_ANGLE_UNIT ( ) );
#2577 = FACE_OUTER_BOUND ( 'NONE', #6649, .T. ) ;
#2578 = PLANE ( 'NONE',  #4382 ) ;
#2579 = PRESENTATION_STYLE_ASSIGNMENT (( #137 ) ) ;
#2580 = CARTESIAN_POINT ( 'NONE',  ( 2.193400286944045430, 4.336808689942017736E-16, 0.1903515064562409931 ) ) ;
#2581 =( GEOMETRIC_REPRESENTATION_CONTEXT ( 3 ) GLOBAL_UNCERTAINTY_ASSIGNED_CONTEXT ( ( #1289 ) ) GLOBAL_UNIT_ASSIGNED_CONTEXT ( ( #1762, #5785, #150 ) ) REPRESENTATION_CONTEXT ( 'NONE', 'WORKASPACE' ) );
#2582 = ORIENTED_EDGE ( 'NONE', *, *, #8734, .T. ) ;
#2583 = ORIENTED_EDGE ( 'NONE', *, *, #1294, .T. ) ;
#2584 = ADVANCED_FACE ( 'NONE', ( #8297 ), #4198, .T. ) ;
#2585 = EDGE_CURVE ( 'NONE', #4159, #860, #4731, .T. ) ;
#2586 = CIRCLE ( 'NONE', #9600, 3.500000000000000444 ) ;
#2588 = CARTESIAN_POINT ( 'NONE',  ( -25.39999999999996305, 0.000000000000000000, 0.000000000000000000 ) ) ;
#2587 = FILL_AREA_STYLE ('',( #9075 ) ) ;
#2589 = DIRECTION ( 'NONE',  ( -0.1108510534444136914, 1.257808851980383614E-16, -0.9938370308809506559 ) ) ;
#2590 = SURFACE_SIDE_STYLE ('',( #7309 ) ) ;
#2591 = FACE_OUTER_BOUND ( 'NONE', #7967, .T. ) ;
#2592 = CARTESIAN_POINT ( 'NONE',  ( 1.949999999999999956, -0.2175000000000006928, 0.2174999999999992495 ) ) ;
#2593 = ORIENTED_EDGE ( 'NONE', *, *, #6630, .T. ) ;
#2594 = EDGE_CURVE ( 'NONE', #5173, #4973, #1302, .T. ) ;
#2595 = SURFACE_STYLE_USAGE ( .BOTH. , #895 ) ;
#2596 = FACE_OUTER_BOUND ( 'NONE', #7709, .T. ) ;
#2597 = ORIENTED_EDGE ( 'NONE', *, *, #10092, .T. ) ;
#2598 =( NAMED_UNIT ( * ) SI_UNIT ( $, .STERADIAN. ) SOLID_ANGLE_UNIT ( ) );
#2599 = CARTESIAN_POINT ( 'NONE',  ( 0.03111693966988647586, 0.4315292644214342443, 0.4315292644214356321 ) ) ;
#2600 = DIRECTION ( 'NONE',  ( -0.1108510534444136914, 1.257808851980383614E-16, -0.9938370308809506559 ) ) ;
#2601 = SURFACE_STYLE_USAGE ( .BOTH. , #5485 ) ;
#2602 = DIRECTION ( 'NONE',  ( 0.000000000000000000, 1.000000000000000000, 6.231046968307495628E-17 ) ) ;
#2603 = VERTEX_POINT ( 'NONE', #5166 ) ;
#2604 = EDGE_CURVE ( 'NONE', #9729, #9517, #6749, .T. ) ;
#2605 = CIRCLE ( 'NONE', #6293, 5.995482475482740270 ) ;
#2606 =( NAMED_UNIT ( * ) SI_UNIT ( $, .STERADIAN. ) SOLID_ANGLE_UNIT ( ) );
#2607 = VERTEX_POINT ( 'NONE', #6071 ) ;
#2608 = FILL_AREA_STYLE_COLOUR ( '', #8320 ) ;
#2609 = DIRECTION ( 'NONE',  ( 0.7456662065614396706, 0.6663196743247736809, 0.000000000000000000 ) ) ;
#2610 = COLOUR_RGB ( '',0.7764705882352941346, 0.7568627450980391913, 0.7372549019607843590 ) ;
#2611 = SURFACE_STYLE_FILL_AREA ( #1780 ) ;
#2612 = CARTESIAN_POINT ( 'NONE',  ( 0.000000000000000000, 1.959999999999999964, -0.4350000000000000533 ) ) ;
#2613 = AXIS2_PLACEMENT_3D ( 'NONE', #8930, #896, #7988 ) ;
#2614 = VERTEX_POINT ( 'NONE', #9359 ) ;
#2615 = UNCERTAINTY_MEASURE_WITH_UNIT (LENGTH_MEASURE( 1.000000000000000082E-05 ), #2488, 'distance_accuracy_value', 'NONE');
#2616 = EDGE_CURVE ( 'NONE', #3734, #9142, #6118, .T. ) ;
#2617 = CARTESIAN_POINT ( 'NONE',  ( 2.599999999999998312, 0.000000000000000000, 0.000000000000000000 ) ) ;
#2618 = EDGE_LOOP ( 'NONE', ( #8396, #1990, #9027, #8076 ) ) ;
#2619 = MECHANICAL_DESIGN_GEOMETRIC_PRESENTATION_REPRESENTATION (  '', ( #5305 ), #2799 ) ;
#2620 = CARTESIAN_POINT ( 'NONE',  ( 0.9968214519863044520, 0.000000000000000000, 3.311827956989247479 ) ) ;
#2621 = DIRECTION ( 'NONE',  ( 0.6663196743247736809, 0.7456662065614397816, 0.000000000000000000 ) ) ;
#2622 =( LENGTH_UNIT ( ) NAMED_UNIT ( * ) SI_UNIT ( .MILLI., .METRE. ) );
#2623 = SURFACE_STYLE_USAGE ( .BOTH. , #917 ) ;
#2624 = CARTESIAN_POINT ( 'NONE',  ( 6.000000000000000000, 2.326828918379972351E-16, 0.000000000000000000 ) ) ;
#2625 = PRESENTATION_STYLE_ASSIGNMENT (( #9797 ) ) ;
#2626 =( LENGTH_UNIT ( ) NAMED_UNIT ( * ) SI_UNIT ( .MILLI., .METRE. ) );
#2627 = CARTESIAN_POINT ( 'NONE',  ( 2.599999999999998312, 0.000000000000000000, 0.000000000000000000 ) ) ;
#2628 = SURFACE_STYLE_USAGE ( .BOTH. , #8909 ) ;
#2629 = STYLED_ITEM ( 'NONE', ( #9292 ), #409 ) ;
#2630 = UNCERTAINTY_MEASURE_WITH_UNIT (LENGTH_MEASURE( 1.000000000000000082E-05 ), #4161, 'distance_accuracy_value', 'NONE');
#2631 = EDGE_LOOP ( 'NONE', ( #2097, #8626, #3490 ) ) ;
#2632 = ORIENTED_EDGE ( 'NONE', *, *, #7781, .F. ) ;
#2633 = FACE_OUTER_BOUND ( 'NONE', #7246, .T. ) ;
#2634 = PRESENTATION_LAYER_ASSIGNMENT (  '', '', ( #2991 ) ) ;
#2635 = CARTESIAN_POINT ( 'NONE',  ( 2.600000000000000089, 1.749999999999999778, 0.000000000000000000 ) ) ;
#2636 = FACE_BOUND ( 'NONE', #8657, .T. ) ;
#2637 = DIRECTION ( 'NONE',  ( -0.1108510534444136914, 0.9938370308809506559, 3.595744332370143968E-15 ) ) ;
#2639 = CARTESIAN_POINT ( 'NONE',  ( 2.599999999999998312, 2.143131898507868051E-16, -1.749999999999999778 ) ) ;
#2638 = LINE ( 'NONE', #4951, #368 ) ;
#2640 = CARTESIAN_POINT ( 'NONE',  ( 1.949999999999999956, 0.2175000000000001377, 0.2174999999999999711 ) ) ;
#2641 = PLANE ( 'NONE',  #1913 ) ;
#2642 =( REPRESENTATION_RELATIONSHIP ('NONE','NONE', #1962, #3360 ) REPRESENTATION_RELATIONSHIP_WITH_TRANSFORMATION ( #8025 )SHAPE_REPRESENTATION_RELATIONSHIP( ) );
#2643 = SURFACE_STYLE_FILL_AREA ( #8126 ) ;
#2644 = ADVANCED_FACE ( 'NONE', ( #8516 ), #4511, .F. ) ;
#2645 = MECHANICAL_DESIGN_GEOMETRIC_PRESENTATION_REPRESENTATION (  '', ( #1648 ), #4679 ) ;
#2646 = CIRCLE ( 'NONE', #6329, 5.995482475482740270 ) ;
#2647 = UNCERTAINTY_MEASURE_WITH_UNIT (LENGTH_MEASURE( 1.000000000000000082E-05 ), #9428, 'distance_accuracy_value', 'NONE');
#2648 = ORIENTED_EDGE ( 'NONE', *, *, #10235, .T. ) ;
#2649 =( NAMED_UNIT ( * ) PLANE_ANGLE_UNIT ( ) SI_UNIT ( $, .RADIAN. ) );
#2650 = CARTESIAN_POINT ( 'NONE',  ( 1.347043950347263763, 0.000000000000000000, 0.000000000000000000 ) ) ;
#2651 = SURFACE_SIDE_STYLE ('',( #5849 ) ) ;
#2652 = MECHANICAL_DESIGN_GEOMETRIC_PRESENTATION_REPRESENTATION (  '', ( #8834 ), #4014 ) ;
#2653 =( GEOMETRIC_REPRESENTATION_CONTEXT ( 3 ) GLOBAL_UNCERTAINTY_ASSIGNED_CONTEXT ( ( #3914 ) ) GLOBAL_UNIT_ASSIGNED_CONTEXT ( ( #8599, #5232, #8474 ) ) REPRESENTATION_CONTEXT ( 'NONE', 'WORKASPACE' ) );
#2654 = CIRCLE ( 'NONE', #3676, 5.995482475482741158 ) ;
#2655 = PLANE ( 'NONE',  #5622 ) ;
#2656 = ADVANCED_FACE ( 'NONE', ( #43 ), #781, .F. ) ;
#2657 = FILL_AREA_STYLE ('',( #7482 ) ) ;
#2658 = DIRECTION ( 'NONE',  ( 0.000000000000000000, 0.000000000000000000, 1.000000000000000000 ) ) ;
#2659 = CIRCLE ( 'NONE', #1341, 5.995482475482741158 ) ;
#2660 = DIRECTION ( 'NONE',  ( 0.000000000000000000, -1.246209393661499619E-16, 1.000000000000000000 ) ) ;
#2661 = VERTEX_POINT ( 'NONE', #9414 ) ;
#2662 = AXIS2_PLACEMENT_3D ( 'NONE', #4793, #7347, #8021 ) ;
#2663 = CARTESIAN_POINT ( 'NONE',  ( 1.347043950347263763, 0.000000000000000000, 0.000000000000000000 ) ) ;
#2664 = PLANE ( 'NONE',  #6187 ) ;
#2665 = FILL_AREA_STYLE ('',( #1046 ) ) ;
#2666 = VERTEX_POINT ( 'NONE', #3036 ) ;
#2667 = PRESENTATION_LAYER_ASSIGNMENT (  '', '', ( #2492 ) ) ;
#2668 = PRESENTATION_STYLE_ASSIGNMENT (( #2984 ) ) ;
#2669 = PLANE ( 'NONE',  #6347 ) ;
#2670 = EDGE_CURVE ( 'NONE', #2529, #8476, #9598, .T. ) ;
#2671 = MECHANICAL_DESIGN_GEOMETRIC_PRESENTATION_REPRESENTATION (  '', ( #4372 ), #1505 ) ;
#2672 = FILL_AREA_STYLE ('',( #394 ) ) ;
#2673 = EDGE_LOOP ( 'NONE', ( #3811, #3877 ) ) ;
#2674 = VECTOR ( 'NONE', #8961, 999.9999999999998863 ) ;
#2675 = ORIENTED_EDGE ( 'NONE', *, *, #3284, .F. ) ;
#2676 = FACE_OUTER_BOUND ( 'NONE', #8318, .T. ) ;
#2677 = CARTESIAN_POINT ( 'NONE',  ( 10.60000000000000142, 0.000000000000000000, 0.000000000000000000 ) ) ;
#2678 = FILL_AREA_STYLE ('',( #9793 ) ) ;
#2679 = CARTESIAN_POINT ( 'NONE',  ( -25.39999999999996305, 0.000000000000000000, 0.000000000000000000 ) ) ;
#2680 = CARTESIAN_POINT ( 'NONE',  ( 5.974195292295553905, 0.2313525518329656860, 8.370432990360215258E-16 ) ) ;
#2681 = DIRECTION ( 'NONE',  ( 0.000000000000000000, 0.000000000000000000, 1.000000000000000000 ) ) ;
#2682 = FACE_OUTER_BOUND ( 'NONE', #6053, .T. ) ;
#2683 = EDGE_CURVE ( 'NONE', #5746, #674, #2381, .T. ) ;
#2684 = CARTESIAN_POINT ( 'NONE',  ( 0.9968214519863044520, 3.311827956989247479, 0.000000000000000000 ) ) ;
#2685 = ORIENTED_EDGE ( 'NONE', *, *, #4334, .T. ) ;
#2686 =( NAMED_UNIT ( * ) SI_UNIT ( $, .STERADIAN. ) SOLID_ANGLE_UNIT ( ) );
#2687 = PRESENTATION_STYLE_ASSIGNMENT (( #1122 ) ) ;
#2688 = ORIENTED_EDGE ( 'NONE', *, *, #261, .T. ) ;
#2689 = EDGE_LOOP ( 'NONE', ( #2800, #3222, #5180, #6251, #2001 ) ) ;
#2690 = STYLED_ITEM ( 'NONE', ( #2118 ), #6706 ) ;
#2691 = SURFACE_SIDE_STYLE ('',( #1952 ) ) ;
#2692 = VERTEX_POINT ( 'NONE', #5428 ) ;
#2693 =( NAMED_UNIT ( * ) PLANE_ANGLE_UNIT ( ) SI_UNIT ( $, .RADIAN. ) );
#2694 = PLANE ( 'NONE',  #9732 ) ;
#2695 = CARTESIAN_POINT ( 'NONE',  ( 2.600000000000000089, 1.749999999999999778, 0.000000000000000000 ) ) ;
#2697 = CARTESIAN_POINT ( 'NONE',  ( 4.309938594911940868, 1.891316923914901471, 2.356976916973721757E-16 ) ) ;
#2696 = CARTESIAN_POINT ( 'NONE',  ( 0.03111693966988560850, -0.4315292644214371864, 0.4315292644214354101 ) ) ;
#2698 = FILL_AREA_STYLE_COLOUR ( '', #6861 ) ;
#2699 = PRESENTATION_STYLE_ASSIGNMENT (( #9078 ) ) ;
#2700 = CARTESIAN_POINT ( 'NONE',  ( 1.949999999999999956, 0.2175000000000007483, -0.2174999999999992772 ) ) ;
#2701 =( GEOMETRIC_REPRESENTATION_CONTEXT ( 3 ) GLOBAL_UNCERTAINTY_ASSIGNED_CONTEXT ( ( #4248 ) ) GLOBAL_UNIT_ASSIGNED_CONTEXT ( ( #10277, #7812, #3063 ) ) REPRESENTATION_CONTEXT ( 'NONE', 'WORKASPACE' ) );
#2702 = SURFACE_STYLE_USAGE ( .BOTH. , #6964 ) ;
#2703 = PRODUCT_CONTEXT ( 'NONE', #8922, 'mechanical' ) ;
#2704 = SHAPE_REPRESENTATION ( 'M3.5 x 20 Screw head', ( #5069 ), #5929 ) ;
#2705 = STYLED_ITEM ( 'NONE', ( #2787 ), #9933 ) ;
#2706 = ORIENTED_EDGE ( 'NONE', *, *, #7329, .T. ) ;
#2707 = FILL_AREA_STYLE_COLOUR ( '', #3577 ) ;
#2708 = CARTESIAN_POINT ( 'NONE',  ( 0.000000000000000000, 0.4349999999999932254, 1.960000000000001741 ) ) ;
#2709 = CARTESIAN_POINT ( 'NONE',  ( -25.39999999999996305, 0.000000000000000000, 0.000000000000000000 ) ) ;
#2710 = CIRCLE ( 'NONE', #1041, 5.437518987584764929 ) ;
#2711 = EDGE_LOOP ( 'NONE', ( #9178, #1201, #3603 ) ) ;
#2712 =( NAMED_UNIT ( * ) SI_UNIT ( $, .STERADIAN. ) SOLID_ANGLE_UNIT ( ) );
#2713 = FILL_AREA_STYLE ('',( #211 ) ) ;
#2714 =( NAMED_UNIT ( * ) SI_UNIT ( $, .STERADIAN. ) SOLID_ANGLE_UNIT ( ) );
#2715 = PRESENTATION_LAYER_ASSIGNMENT (  '', '', ( #8227 ) ) ;
#2716 = DIRECTION ( 'NONE',  ( -1.000000000000000000, -0.000000000000000000, -0.000000000000000000 ) ) ;
#2717 = AXIS2_PLACEMENT_3D ( 'NONE', #2928, #9198, #10135 ) ;
#2718 = ORIENTED_EDGE ( 'NONE', *, *, #9982, .F. ) ;
#2719 = SURFACE_STYLE_USAGE ( .BOTH. , #9039 ) ;
#2720 = ADVANCED_FACE ( 'NONE', ( #5562 ), #5610, .T. ) ;
#2721 = PLANE ( 'NONE',  #9912 ) ;
#2722 = ADVANCED_FACE ( 'NONE', ( #8960, #4131 ), #1803, .F. ) ;
#2723 = ORIENTED_EDGE ( 'NONE', *, *, #4148, .F. ) ;
#2724 = DIRECTION ( 'NONE',  ( -1.000000000000000000, -0.000000000000000000, -0.000000000000000000 ) ) ;
#2725 = COLOUR_RGB ( '',0.7764705882352941346, 0.7568627450980391913, 0.7372549019607843590 ) ;
#2726 =( GEOMETRIC_REPRESENTATION_CONTEXT ( 3 ) GLOBAL_UNCERTAINTY_ASSIGNED_CONTEXT ( ( #2235 ) ) GLOBAL_UNIT_ASSIGNED_CONTEXT ( ( #7929, #8030, #3270 ) ) REPRESENTATION_CONTEXT ( 'NONE', 'WORKASPACE' ) );
#2727 =( GEOMETRIC_REPRESENTATION_CONTEXT ( 3 ) GLOBAL_UNCERTAINTY_ASSIGNED_CONTEXT ( ( #6506 ) ) GLOBAL_UNIT_ASSIGNED_CONTEXT ( ( #1908, #6110, #8499 ) ) REPRESENTATION_CONTEXT ( 'NONE', 'WORKASPACE' ) );
#2728 =( NAMED_UNIT ( * ) SI_UNIT ( $, .STERADIAN. ) SOLID_ANGLE_UNIT ( ) );
#2729 =( LENGTH_UNIT ( ) NAMED_UNIT ( * ) SI_UNIT ( .MILLI., .METRE. ) );
#2730 = DIRECTION ( 'NONE',  ( -1.000000000000000000, -0.000000000000000000, -0.000000000000000000 ) ) ;
#2731 = DIRECTION ( 'NONE',  ( 0.9938370308809506559, 0.000000000000000000, 0.1108510534444137469 ) ) ;
#2732 = MECHANICAL_DESIGN_GEOMETRIC_PRESENTATION_REPRESENTATION (  '', ( #1418 ), #6762 ) ;
#2733 = UNCERTAINTY_MEASURE_WITH_UNIT (LENGTH_MEASURE( 1.000000000000000082E-05 ), #260, 'distance_accuracy_value', 'NONE');
#2734 = AXIS2_PLACEMENT_3D ( 'NONE', #9880, #385, #7543 ) ;
#2735 = PRESENTATION_STYLE_ASSIGNMENT (( #9893 ) ) ;
#2736 = ORIENTED_EDGE ( 'NONE', *, *, #3221, .T. ) ;
#2737 = FILL_AREA_STYLE ('',( #3592 ) ) ;
#2738 = CARTESIAN_POINT ( 'NONE',  ( 2.214116351126373505, -0.1880408685282114467, -0.1880408685282121684 ) ) ;
#2739 = CARTESIAN_POINT ( 'NONE',  ( 1.347043950347265318, 4.286263797015737088E-16, -3.500000000000000444 ) ) ;
#2740 = CIRCLE ( 'NONE', #2391, 5.995482475482741158 ) ;
#2741 = CARTESIAN_POINT ( 'NONE',  ( 0.03111693966988647586, -0.4315292644214340778, -0.4315292644214357987 ) ) ;
#2742 = DIRECTION ( 'NONE',  ( -1.000000000000000000, -0.000000000000000000, -0.000000000000000000 ) ) ;
#2743 = CIRCLE ( 'NONE', #9743, 3.500000000000000000 ) ;
#2744 = SURFACE_STYLE_FILL_AREA ( #350 ) ;
#2745 = ORIENTED_EDGE ( 'NONE', *, *, #7728, .F. ) ;
#2746 = PRESENTATION_STYLE_ASSIGNMENT (( #4407 ) ) ;
#2747 = SURFACE_STYLE_FILL_AREA ( #460 ) ;
#2748 = UNCERTAINTY_MEASURE_WITH_UNIT (LENGTH_MEASURE( 1.000000000000000082E-05 ), #8353, 'distance_accuracy_value', 'NONE');
#2749 = DIRECTION ( 'NONE',  ( 0.7431005017819711789, 0.6640269868487613802, -0.08288428673721975892 ) ) ;
#2750 = ORIENTED_EDGE ( 'NONE', *, *, #4019, .T. ) ;
#2751 = ORIENTED_EDGE ( 'NONE', *, *, #4631, .F. ) ;
#2752 = COLOUR_RGB ( '',0.7764705882352941346, 0.7568627450980391913, 0.7372549019607843590 ) ;
#2753 = EDGE_CURVE ( 'NONE', #8890, #3643, #9853, .T. ) ;
#2754 = PRESENTATION_STYLE_ASSIGNMENT (( #9131 ) ) ;
#2755 = PRESENTATION_STYLE_ASSIGNMENT (( #2068 ) ) ;
#2756 =( NAMED_UNIT ( * ) SI_UNIT ( $, .STERADIAN. ) SOLID_ANGLE_UNIT ( ) );
#2757 = DIRECTION ( 'NONE',  ( 0.6663196743247735698, -2.603479645215216163E-15, 0.7456662065614397816 ) ) ;
#2758 = STYLED_ITEM ( 'NONE', ( #4648 ), #3673 ) ;
#2759 = CARTESIAN_POINT ( 'NONE',  ( 1.949999999999999956, 0.2174999999999999989, 0.2174999999999999711 ) ) ;
#2760 = ORIENTED_EDGE ( 'NONE', *, *, #6851, .T. ) ;
#2761 = FILL_AREA_STYLE_COLOUR ( '', #699 ) ;
#2762 = LINE ( 'NONE', #3662, #3891 ) ;
#2763 = SURFACE_STYLE_USAGE ( .BOTH. , #5273 ) ;
#2764 =( NAMED_UNIT ( * ) PLANE_ANGLE_UNIT ( ) SI_UNIT ( $, .RADIAN. ) );
#2765 =( LENGTH_UNIT ( ) NAMED_UNIT ( * ) SI_UNIT ( .MILLI., .METRE. ) );
#2766 = DIRECTION ( 'NONE',  ( 0.000000000000000000, 0.000000000000000000, 1.000000000000000000 ) ) ;
#2767 = CARTESIAN_POINT ( 'NONE',  ( 0.2666411873824114376, -1.721732169736485796, 0.4052592521765768785 ) ) ;
#2768 = ORIENTED_EDGE ( 'NONE', *, *, #2428, .F. ) ;
#2769 = SURFACE_STYLE_FILL_AREA ( #2657 ) ;
#2770 = AXIS2_PLACEMENT_3D ( 'NONE', #9235, #1900, #5993 ) ;
#2771 = LINE ( 'NONE', #6647, #6571 ) ;
#2772 = CARTESIAN_POINT ( 'NONE',  ( 1.347043950347265318, 4.286263797015737088E-16, -3.500000000000000444 ) ) ;
#2773 = FACE_OUTER_BOUND ( 'NONE', #6431, .T. ) ;
#2774 = ORIENTED_EDGE ( 'NONE', *, *, #4283, .F. ) ;
#2775 = DIRECTION ( 'NONE',  ( 0.000000000000000000, -1.000000000000000000, -1.246209393661499126E-16 ) ) ;
#2776 = DIRECTION ( 'NONE',  ( 0.7431005017819711789, 0.6640269868487613802, 0.08288428673721986994 ) ) ;
#2777 = ORIENTED_EDGE ( 'NONE', *, *, #4543, .F. ) ;
#2778 =( GEOMETRIC_REPRESENTATION_CONTEXT ( 3 ) GLOBAL_UNCERTAINTY_ASSIGNED_CONTEXT ( ( #4545 ) ) GLOBAL_UNIT_ASSIGNED_CONTEXT ( ( #2892, #3681, #9317 ) ) REPRESENTATION_CONTEXT ( 'NONE', 'WORKASPACE' ) );
#2779 = DIRECTION ( 'NONE',  ( 0.000000000000000000, 0.000000000000000000, -1.000000000000000000 ) ) ;
#2780 = FILL_AREA_STYLE ('',( #9221 ) ) ;
#2781 =( NAMED_UNIT ( * ) PLANE_ANGLE_UNIT ( ) SI_UNIT ( $, .RADIAN. ) );
#2782 = PRODUCT_RELATED_PRODUCT_CATEGORY ( 'part', '', ( #8865 ) ) ;
#2783 = ORIENTED_EDGE ( 'NONE', *, *, #3764, .F. ) ;
#2784 = EDGE_CURVE ( 'NONE', #8387, #7151, #213, .T. ) ;
#2785 = ORIENTED_EDGE ( 'NONE', *, *, #675, .F. ) ;
#2786 = SURFACE_SIDE_STYLE ('',( #7608 ) ) ;
#2787 = PRESENTATION_STYLE_ASSIGNMENT (( #3480 ) ) ;
#2788 = CYLINDRICAL_SURFACE ( 'NONE', #5752, 3.500000000000000444 ) ;
#2789 = FILL_AREA_STYLE_COLOUR ( '', #1550 ) ;
#2790 = FACE_OUTER_BOUND ( 'NONE', #10221, .T. ) ;
#2791 = LINE ( 'NONE', #2103, #2421 ) ;
#2792 = LINE ( 'NONE', #4445, #859 ) ;
#2793 = EDGE_LOOP ( 'NONE', ( #5594, #1316, #8258 ) ) ;
#2794 = DIRECTION ( 'NONE',  ( -1.000000000000000000, -0.000000000000000000, -0.000000000000000000 ) ) ;
#2795 = EDGE_CURVE ( 'NONE', #7016, #5661, #2036, .T. ) ;
#2796 = CIRCLE ( 'NONE', #7958, 5.995482475482740270 ) ;
#2797 = LINE ( 'NONE', #9906, #4968 ) ;
#2798 = ORIENTED_EDGE ( 'NONE', *, *, #1157, .T. ) ;
#2799 =( GEOMETRIC_REPRESENTATION_CONTEXT ( 3 ) GLOBAL_UNCERTAINTY_ASSIGNED_CONTEXT ( ( #8910 ) ) GLOBAL_UNIT_ASSIGNED_CONTEXT ( ( #4340, #422, #8174 ) ) REPRESENTATION_CONTEXT ( 'NONE', 'WORKASPACE' ) );
#2800 = ORIENTED_EDGE ( 'NONE', *, *, #2616, .T. ) ;
#2801 = PRESENTATION_LAYER_ASSIGNMENT (  '', '', ( #8653 ) ) ;
#2802 = CARTESIAN_POINT ( 'NONE',  ( 1.347043950347263763, 0.000000000000000000, 3.080000000000000515 ) ) ;
#2803 = CARTESIAN_POINT ( 'NONE',  ( 5.974195292295553905, -0.2313525518329657138, -8.028830871489587498E-16 ) ) ;
#2804 = FILL_AREA_STYLE ('',( #9071 ) ) ;
#2805 = FACE_OUTER_BOUND ( 'NONE', #8835, .T. ) ;
#2806 = DIRECTION ( 'NONE',  ( -1.000000000000000000, 0.000000000000000000, 0.000000000000000000 ) ) ;
#2807 = AXIS2_PLACEMENT_3D ( 'NONE', #10227, #7871, #2867 ) ;
#2808 = CARTESIAN_POINT ( 'NONE',  ( -25.39999999999996305, 2.143131898507868051E-16, -1.749999999999999778 ) ) ;
#2809 = EDGE_CURVE ( 'NONE', #5453, #8839, #6237, .T. ) ;
#2810 = ORIENTED_EDGE ( 'NONE', *, *, #5383, .F. ) ;
#2811 = VECTOR ( 'NONE', #252, 1000.000000000000000 ) ;
#2812 = STYLED_ITEM ( 'NONE', ( #1684 ), #942 ) ;
#2813 = LINE ( 'NONE', #6969, #8036 ) ;
#2814 = ORIENTED_EDGE ( 'NONE', *, *, #7769, .F. ) ;
#2815 = SURFACE_STYLE_FILL_AREA ( #6703 ) ;
#2816 = SURFACE_SIDE_STYLE ('',( #3620 ) ) ;
#2817 = DIRECTION ( 'NONE',  ( 1.000000000000000000, 0.000000000000000000, 0.000000000000000000 ) ) ;
#2818 = FACE_OUTER_BOUND ( 'NONE', #10209, .T. ) ;
#2819 = AXIS2_PLACEMENT_3D ( 'NONE', #3987, #2387, #3279 ) ;
#2820 = SURFACE_SIDE_STYLE ('',( #7681 ) ) ;
#2821 = AXIS2_PLACEMENT_3D ( 'NONE', #2627, #3263, #9798 ) ;
#2822 = CARTESIAN_POINT ( 'NONE',  ( 1.347043950347263763, 3.771912141373848894E-16, -3.080000000000000515 ) ) ;
#2823 = ADVANCED_FACE ( 'NONE', ( #6633 ), #2694, .T. ) ;
#2824 = ORIENTED_EDGE ( 'NONE', *, *, #7715, .T. ) ;
#2825 = AXIS2_PLACEMENT_3D ( 'NONE', #4708, #7065, #2127 ) ;
#2826 = PRESENTATION_STYLE_ASSIGNMENT (( #6023 ) ) ;
#2827 = ORIENTED_EDGE ( 'NONE', *, *, #9706, .T. ) ;
#2828 = AXIS2_PLACEMENT_3D ( 'NONE', #4660, #5429, #4909 ) ;
#2829 = CARTESIAN_POINT ( 'NONE',  ( 1.949999999999999956, 0.2174999999999999989, 0.2174999999999999711 ) ) ;
#2830 = FILL_AREA_STYLE_COLOUR ( '', #3861 ) ;
#2831 = CARTESIAN_POINT ( 'NONE',  ( 2.599999999999998312, 0.000000000000000000, 1.749999999999999778 ) ) ;
#2832 = EDGE_LOOP ( 'NONE', ( #3815, #6485, #4295, #1217 ) ) ;
#2833 = FILL_AREA_STYLE ('',( #9273 ) ) ;
#2834 = DIRECTION ( 'NONE',  ( -1.000000000000000000, -0.000000000000000000, -0.000000000000000000 ) ) ;
#2835 = SURFACE_STYLE_FILL_AREA ( #3679 ) ;
#2836 = AXIS2_PLACEMENT_3D ( 'NONE', #5394, #6034, #10152 ) ;
#2837 = COLOUR_RGB ( '',0.7764705882352941346, 0.7568627450980391913, 0.7372549019607843590 ) ;
#2838 = DIRECTION ( 'NONE',  ( 0.7456662065614395596, 0.000000000000000000, -0.6663196743247737919 ) ) ;
#2839 = AXIS2_PLACEMENT_3D ( 'NONE', #3317, #8162, #5140 ) ;
#2840 = UNCERTAINTY_MEASURE_WITH_UNIT (LENGTH_MEASURE( 1.000000000000000082E-05 ), #6950, 'distance_accuracy_value', 'NONE');
#2841 = CARTESIAN_POINT ( 'NONE',  ( 5.974195292295553905, 0.2313525518329656860, 8.370432990360215258E-16 ) ) ;
#2842 = VERTEX_POINT ( 'NONE', #2516 ) ;
#2843 = AXIS2_PLACEMENT_3D ( 'NONE', #7691, #10046, #1320 ) ;
#2844 = FILL_AREA_STYLE_COLOUR ( '', #5506 ) ;
#2845 = VECTOR ( 'NONE', #10103, 1000.000000000000000 ) ;
#2846 =( NAMED_UNIT ( * ) PLANE_ANGLE_UNIT ( ) SI_UNIT ( $, .RADIAN. ) );
#2847 = CARTESIAN_POINT ( 'NONE',  ( 0.9968214519863044520, 4.171041651934668579E-16, -3.311827956989247479 ) ) ;
#2848 = PRESENTATION_STYLE_ASSIGNMENT (( #9234 ) ) ;
#2849 = CARTESIAN_POINT ( 'NONE',  ( 1.347043950347263763, 0.000000000000000000, 3.080000000000000515 ) ) ;
#2850 = FACE_OUTER_BOUND ( 'NONE', #100, .T. ) ;
#2851 = ORIENTED_EDGE ( 'NONE', *, *, #7844, .F. ) ;
#2852 = SURFACE_SIDE_STYLE ('',( #3761 ) ) ;
#2853 = VECTOR ( 'NONE', #2776, 1000.000000000000000 ) ;
#2854 = UNCERTAINTY_MEASURE_WITH_UNIT (LENGTH_MEASURE( 1.000000000000000082E-05 ), #833, 'distance_accuracy_value', 'NONE');
#2855 = FACE_OUTER_BOUND ( 'NONE', #8461, .T. ) ;
#2856 = ORIENTED_EDGE ( 'NONE', *, *, #2784, .F. ) ;
#2857 = EDGE_LOOP ( 'NONE', ( #6539, #3434 ) ) ;
#2858 = APPLICATION_CONTEXT ( 'automotive_design' ) ;
#2859 = DIRECTION ( 'NONE',  ( 0.000000000000000000, 0.000000000000000000, 1.000000000000000000 ) ) ;
#2860 = VECTOR ( 'NONE', #4493, 1000.000000000000000 ) ;
#2861 = ORIENTED_EDGE ( 'NONE', *, *, #234, .T. ) ;
#2862 = SURFACE_SIDE_STYLE ('',( #2115 ) ) ;
#2864 = EDGE_CURVE ( 'NONE', #1677, #328, #7233, .T. ) ;
#2863 = CIRCLE ( 'NONE', #6525, 5.995482475482741158 ) ;
#2865 = EDGE_CURVE ( 'NONE', #6116, #10071, #5542, .T. ) ;
#2866 = STYLED_ITEM ( 'NONE', ( #9613 ), #6380 ) ;
#2867 = DIRECTION ( 'NONE',  ( -0.7456662065614397816, 0.6663196743247735698, 0.000000000000000000 ) ) ;
#2868 = CARTESIAN_POINT ( 'NONE',  ( 1.347043950347263763, 0.000000000000000000, 0.000000000000000000 ) ) ;
#2869 = FACE_OUTER_BOUND ( 'NONE', #23, .T. ) ;
#2870 = DIRECTION ( 'NONE',  ( 0.6663196743247736809, -0.7456662065614397816, -9.292562311528023527E-17 ) ) ;
#2871 =( NAMED_UNIT ( * ) SI_UNIT ( $, .STERADIAN. ) SOLID_ANGLE_UNIT ( ) );
#2872 = LINE ( 'NONE', #2808, #8819 ) ;
#2873 = PRODUCT_CONTEXT ( 'NONE', #541, 'mechanical' ) ;
#2874 = CIRCLE ( 'NONE', #8711, 5.995482475482741158 ) ;
#2875 = COLOUR_RGB ( '',0.7764705882352941346, 0.7568627450980391913, 0.7372549019607843590 ) ;
#2876 = PRESENTATION_LAYER_ASSIGNMENT (  '', '', ( #7205 ) ) ;
#2877 = ORIENTED_EDGE ( 'NONE', *, *, #5750, .F. ) ;
#2878 = FILL_AREA_STYLE_COLOUR ( '', #3725 ) ;
#2879 = EDGE_CURVE ( 'NONE', #9370, #50, #5419, .T. ) ;
#2880 = FACE_OUTER_BOUND ( 'NONE', #5308, .T. ) ;
#2881 = CIRCLE ( 'NONE', #8717, 5.995482475482741158 ) ;
#2882 = PRESENTATION_LAYER_ASSIGNMENT (  '', '', ( #7879 ) ) ;
#2883 = ORIENTED_EDGE ( 'NONE', *, *, #1944, .F. ) ;
#2884 = ORIENTED_EDGE ( 'NONE', *, *, #5464, .F. ) ;
#2885 = ORIENTED_EDGE ( 'NONE', *, *, #4842, .T. ) ;
#2886 = ADVANCED_FACE ( 'NONE', ( #3868 ), #6999, .T. ) ;
#2887 = AXIS2_PLACEMENT_3D ( 'NONE', #3113, #4790, #3314 ) ;
#2888 = ORIENTED_EDGE ( 'NONE', *, *, #1942, .T. ) ;
#2889 =( NAMED_UNIT ( * ) SI_UNIT ( $, .STERADIAN. ) SOLID_ANGLE_UNIT ( ) );
#2890 = DIRECTION ( 'NONE',  ( 0.9938370308809506559, -0.1108510534444137469, -3.870343844922734420E-16 ) ) ;
#2891 = VECTOR ( 'NONE', #7063, 1000.000000000000000 ) ;
#2892 =( LENGTH_UNIT ( ) NAMED_UNIT ( * ) SI_UNIT ( .MILLI., .METRE. ) );
#2893 = SURFACE_STYLE_USAGE ( .BOTH. , #7692 ) ;
#2894 = PRESENTATION_STYLE_ASSIGNMENT (( #10204 ) ) ;
#2895 = ORIENTED_EDGE ( 'NONE', *, *, #10324, .T. ) ;
#2896 = STYLED_ITEM ( 'NONE', ( #7028 ), #10198 ) ;
#2897 = EDGE_CURVE ( 'NONE', #8255, #4389, #6755, .T. ) ;
#2898 = LINE ( 'NONE', #6827, #1703 ) ;
#2899 = DIRECTION ( 'NONE',  ( -1.000000000000000000, -0.000000000000000000, -0.000000000000000000 ) ) ;
#2900 = SURFACE_STYLE_FILL_AREA ( #3808 ) ;
#2901 = DIRECTION ( 'NONE',  ( 0.000000000000000000, 0.000000000000000000, 1.000000000000000000 ) ) ;
#2902 = DIRECTION ( 'NONE',  ( 0.7456662065614397816, 0.6663196743247735698, 0.000000000000000000 ) ) ;
#2903 = DIRECTION ( 'NONE',  ( 0.000000000000000000, 0.000000000000000000, -1.000000000000000000 ) ) ;
#2904 =( NAMED_UNIT ( * ) PLANE_ANGLE_UNIT ( ) SI_UNIT ( $, .RADIAN. ) );
#2905 = SURFACE_SIDE_STYLE ('',( #10066 ) ) ;
#2906 = MECHANICAL_DESIGN_GEOMETRIC_PRESENTATION_REPRESENTATION (  '', ( #8404 ), #4097 ) ;
#2907 = AXIS2_PLACEMENT_3D ( 'NONE', #3429, #1011, #6620 ) ;
#2908 = EDGE_LOOP ( 'NONE', ( #9111, #8698, #2885, #116, #7623, #2810, #5709, #3988, #8027, #6478, #9429 ) ) ;
#2909 = SURFACE_STYLE_FILL_AREA ( #6896 ) ;
#2910 = DIRECTION ( 'NONE',  ( -0.7456662065614396706, 0.6663196743247736809, 0.000000000000000000 ) ) ;
#2911 = ORIENTED_EDGE ( 'NONE', *, *, #1006, .T. ) ;
#2912 = ORIENTED_EDGE ( 'NONE', *, *, #9838, .F. ) ;
#2913 = SURFACE_SIDE_STYLE ('',( #4499 ) ) ;
#2914 = COLOUR_RGB ( '',0.7764705882352941346, 0.7568627450980391913, 0.7372549019607843590 ) ;
#2915 = ORIENTED_EDGE ( 'NONE', *, *, #4796, .F. ) ;
#2916 = FILL_AREA_STYLE_COLOUR ( '', #1379 ) ;
#2917 = MECHANICAL_DESIGN_GEOMETRIC_PRESENTATION_REPRESENTATION (  '', ( #8751 ), #6581 ) ;
#2918 = DIRECTION ( 'NONE',  ( -0.1108510534444137469, 2.096348086633972484E-17, 0.9938370308809506559 ) ) ;
#2919 = SURFACE_STYLE_USAGE ( .BOTH. , #3654 ) ;
#2920 =( NAMED_UNIT ( * ) SI_UNIT ( $, .STERADIAN. ) SOLID_ANGLE_UNIT ( ) );
#2921 = CARTESIAN_POINT ( 'NONE',  ( 1.949999999999999956, -0.2175000000000000266, -0.2174999999999999989 ) ) ;
#2922 = PRESENTATION_LAYER_ASSIGNMENT (  '', '', ( #6417 ) ) ;
#2923 = PRODUCT_DEFINITION_FORMATION_WITH_SPECIFIED_SOURCE ( 'ANY', '', #1688, .NOT_KNOWN. ) ;
#2924 = ADVANCED_FACE ( 'NONE', ( #10173, #6257 ), #3026, .F. ) ;
#2925 = COLOUR_RGB ( '',0.7764705882352941346, 0.7568627450980391913, 0.7372549019607843590 ) ;
#2926 = ADVANCED_FACE ( 'NONE', ( #5653 ), #7346, .T. ) ;
#2927 = ORIENTED_EDGE ( 'NONE', *, *, #10339, .F. ) ;
#2928 = CARTESIAN_POINT ( 'NONE',  ( 37.60000000000000142, 1.749999999999999778, 0.000000000000000000 ) ) ;
#2929 = CARTESIAN_POINT ( 'NONE',  ( 0.000000000000000000, -1.959999999999999964, 0.4349999999999996092 ) ) ;
#2930 =( NAMED_UNIT ( * ) SI_UNIT ( $, .STERADIAN. ) SOLID_ANGLE_UNIT ( ) );
#2931 = CARTESIAN_POINT ( 'NONE',  ( 0.9968214519863044520, 0.000000000000000000, 0.000000000000000000 ) ) ;
#2932 =( GEOMETRIC_REPRESENTATION_CONTEXT ( 3 ) GLOBAL_UNCERTAINTY_ASSIGNED_CONTEXT ( ( #6741 ) ) GLOBAL_UNIT_ASSIGNED_CONTEXT ( ( #7672, #472, #2970 ) ) REPRESENTATION_CONTEXT ( 'NONE', 'WORKASPACE' ) );
#2933 =( NAMED_UNIT ( * ) PLANE_ANGLE_UNIT ( ) SI_UNIT ( $, .RADIAN. ) );
#2934 = FILL_AREA_STYLE ('',( #10188 ) ) ;
#2935 = PLANE ( 'NONE',  #1583 ) ;
#2936 = SURFACE_SIDE_STYLE ('',( #4411 ) ) ;
#2937 = ORIENTED_EDGE ( 'NONE', *, *, #4098, .T. ) ;
#2938 = DIRECTION ( 'NONE',  ( -0.000000000000000000, 0.000000000000000000, 1.000000000000000000 ) ) ;
#2939 = EDGE_CURVE ( 'NONE', #5776, #2962, #869, .T. ) ;
#2940 = PRODUCT ( 'M3.5 x 5 Screw head', 'M3.5 x 5 Screw head', '', ( #8402 ) ) ;
#2941 = PRESENTATION_STYLE_ASSIGNMENT (( #10107 ) ) ;
#2942 = PLANE ( 'NONE',  #6078 ) ;
#2943 = CARTESIAN_POINT ( 'NONE',  ( 2.599999999999998312, 0.000000000000000000, 0.000000000000000000 ) ) ;
#2944 = MECHANICAL_DESIGN_GEOMETRIC_PRESENTATION_REPRESENTATION (  '', ( #7277 ), #4940 ) ;
#2945 = LINE ( 'NONE', #7747, #4013 ) ;
#2946 = EDGE_CURVE ( 'NONE', #630, #3929, #187, .T. ) ;
#2947 = EDGE_LOOP ( 'NONE', ( #4304, #4368 ) ) ;
#2948 = AXIS2_PLACEMENT_3D ( 'NONE', #7272, #5066, #7476 ) ;
#2949 = SURFACE_STYLE_USAGE ( .BOTH. , #5241 ) ;
#2950 = FILL_AREA_STYLE ('',( #10113 ) ) ;
#2951 = CARTESIAN_POINT ( 'NONE',  ( 5.974195292295553905, -0.2313525518329657138, -8.028830871489587498E-16 ) ) ;
#2952 = FILL_AREA_STYLE_COLOUR ( '', #1038 ) ;
#2953 = PRESENTATION_STYLE_ASSIGNMENT (( #9999 ) ) ;
#2954 =( LENGTH_UNIT ( ) NAMED_UNIT ( * ) SI_UNIT ( .MILLI., .METRE. ) );
#2955 = LINE ( 'NONE', #9437, #8946 ) ;
#2956 = FILL_AREA_STYLE_COLOUR ( '', #5531 ) ;
#2957 = ORIENTED_EDGE ( 'NONE', *, *, #844, .T. ) ;
#2958 = EDGE_CURVE ( 'NONE', #1238, #1428, #2237, .T. ) ;
#2959 = UNCERTAINTY_MEASURE_WITH_UNIT (LENGTH_MEASURE( 1.000000000000000082E-05 ), #4662, 'distance_accuracy_value', 'NONE');
#2960 = VERTEX_POINT ( 'NONE', #5773 ) ;
#2961 = PRODUCT_DEFINITION_CONTEXT ( 'detailed design', #3003, 'design' ) ;
#2962 = VERTEX_POINT ( 'NONE', #5718 ) ;
#2963 = DIRECTION ( 'NONE',  ( -0.1108510534444137469, 2.096348086633972484E-17, 0.9938370308809506559 ) ) ;
#2964 = ORIENTED_EDGE ( 'NONE', *, *, #5762, .T. ) ;
#2965 = DIRECTION ( 'NONE',  ( 0.9938370308809507669, 0.000000000000000000, 0.1108510534444137746 ) ) ;
#2966 = CARTESIAN_POINT ( 'NONE',  ( 2.214116351126373949, 0.1880408685282127790, -0.1880408685282121406 ) ) ;
#2967 = SURFACE_SIDE_STYLE ('',( #6352 ) ) ;
#2968 = DIRECTION ( 'NONE',  ( 0.9938370308809506559, -0.1108510534444137469, -3.870343844922734420E-16 ) ) ;
#2969 = DIRECTION ( 'NONE',  ( 0.000000000000000000, 0.000000000000000000, 1.000000000000000000 ) ) ;
#2970 =( NAMED_UNIT ( * ) SI_UNIT ( $, .STERADIAN. ) SOLID_ANGLE_UNIT ( ) );
#2971 = STYLED_ITEM ( 'NONE', ( #10194 ), #6993 ) ;
#2972 = CARTESIAN_POINT ( 'NONE',  ( 1.949999999999999956, -0.2175000000000000266, -0.2174999999999999989 ) ) ;
#2973 = CIRCLE ( 'NONE', #6462, 5.995482475482741158 ) ;
#2974 = UNCERTAINTY_MEASURE_WITH_UNIT (LENGTH_MEASURE( 1.000000000000000082E-05 ), #5276, 'distance_accuracy_value', 'NONE');
#2975 = ORIENTED_EDGE ( 'NONE', *, *, #9136, .F. ) ;
#2976 = SURFACE_STYLE_USAGE ( .BOTH. , #8515 ) ;
#2977 = FILL_AREA_STYLE_COLOUR ( '', #595 ) ;
#2978 = DIRECTION ( 'NONE',  ( -0.1108510534444136914, 1.257808851980383614E-16, -0.9938370308809506559 ) ) ;
#2979 = AXIS2_PLACEMENT_3D ( 'NONE', #9637, #9535, #5651 ) ;
#2980 = PRODUCT_DEFINITION ( 'UNKNOWN', '', #5939, #3506 ) ;
#2981 = DIRECTION ( 'NONE',  ( 0.6663196743247736809, 0.7456662065614397816, 0.000000000000000000 ) ) ;
#2982 = ADVANCED_FACE ( 'NONE', ( #3373 ), #1792, .T. ) ;
#2983 = FILL_AREA_STYLE ('',( #3664 ) ) ;
#2984 = SURFACE_STYLE_USAGE ( .BOTH. , #4617 ) ;
#2985 =( LENGTH_UNIT ( ) NAMED_UNIT ( * ) SI_UNIT ( .MILLI., .METRE. ) );
#2986 =( NAMED_UNIT ( * ) PLANE_ANGLE_UNIT ( ) SI_UNIT ( $, .RADIAN. ) );
#2987 = ORIENTED_EDGE ( 'NONE', *, *, #519, .T. ) ;
#2988 = CARTESIAN_POINT ( 'NONE',  ( 0.000000000000000000, 1.959999999999999964, 0.4350000000000001088 ) ) ;
#2989 = STYLED_ITEM ( 'NONE', ( #4004 ), #1031 ) ;
#2990 = LINE ( 'NONE', #8641, #9194 ) ;
#2991 = STYLED_ITEM ( 'NONE', ( #7834 ), #5421 ) ;
#2992 = DIRECTION ( 'NONE',  ( 0.9938370308809507669, 0.000000000000000000, 0.1108510534444137746 ) ) ;
#2993 = VECTOR ( 'NONE', #7876, 1000.000000000000000 ) ;
#2994 = EDGE_CURVE ( 'NONE', #3762, #9392, #9741, .T. ) ;
#2995 =( NAMED_UNIT ( * ) SI_UNIT ( $, .STERADIAN. ) SOLID_ANGLE_UNIT ( ) );
#2996 = EDGE_CURVE ( 'NONE', #2607, #2614, #8802, .T. ) ;
#2997 = CIRCLE ( 'NONE', #7500, 5.437518987584764929 ) ;
#2998 =( NAMED_UNIT ( * ) PLANE_ANGLE_UNIT ( ) SI_UNIT ( $, .RADIAN. ) );
#2999 = DIRECTION ( 'NONE',  ( -0.9938370308809506559, 0.000000000000000000, 0.1108510534444136914 ) ) ;
#3000 = CARTESIAN_POINT ( 'NONE',  ( 2.193400286944045430, 0.1903515064562410486, 2.309278636184420884E-16 ) ) ;
#3001 =( NAMED_UNIT ( * ) SI_UNIT ( $, .STERADIAN. ) SOLID_ANGLE_UNIT ( ) );
#3002 = CARTESIAN_POINT ( 'NONE',  ( 0.9968214519863044520, 3.311827956989247479, 0.000000000000000000 ) ) ;
#3003 = APPLICATION_CONTEXT ( 'automotive_design' ) ;
#3004 = AXIS2_PLACEMENT_3D ( 'NONE', #3640, #9954, #2429 ) ;
#3005 = AXIS2_PLACEMENT_3D ( 'NONE', #855, #4063, #69 ) ;
#3006 = EDGE_LOOP ( 'NONE', ( #8420, #6595, #7633 ) ) ;
#3007 =( NAMED_UNIT ( * ) SI_UNIT ( $, .STERADIAN. ) SOLID_ANGLE_UNIT ( ) );
#3008 = EDGE_CURVE ( 'NONE', #3734, #8013, #1559, .T. ) ;
#3009 = CIRCLE ( 'NONE', #988, 5.995482475482740270 ) ;
#3010 = DIRECTION ( 'NONE',  ( 0.9877866216249069353, 0.1101762001043169042, -0.1101762001043164879 ) ) ;
#3011 = SPHERICAL_SURFACE ( 'NONE', #4438, 6.000000000000000000 ) ;
#3012 = AXIS2_PLACEMENT_3D ( 'NONE', #6977, #6923, #7634 ) ;
#3013 = CARTESIAN_POINT ( 'NONE',  ( 0.2666411873824114376, 1.721732169736486240, -0.4052592521765773226 ) ) ;
#3014 =( GEOMETRIC_REPRESENTATION_CONTEXT ( 3 ) GLOBAL_UNCERTAINTY_ASSIGNED_CONTEXT ( ( #9353 ) ) GLOBAL_UNIT_ASSIGNED_CONTEXT ( ( #7148, #10187, #6313 ) ) REPRESENTATION_CONTEXT ( 'NONE', 'WORKASPACE' ) );
#3015 = DIRECTION ( 'NONE',  ( -1.000000000000000000, -0.000000000000000000, -0.000000000000000000 ) ) ;
#3016 = VERTEX_POINT ( 'NONE', #5190 ) ;
#3017 = PRESENTATION_LAYER_ASSIGNMENT (  '', '', ( #3690 ) ) ;
#3018 =( GEOMETRIC_REPRESENTATION_CONTEXT ( 3 ) GLOBAL_UNCERTAINTY_ASSIGNED_CONTEXT ( ( #449 ) ) GLOBAL_UNIT_ASSIGNED_CONTEXT ( ( #1105, #3469, #1931 ) ) REPRESENTATION_CONTEXT ( 'NONE', 'WORKASPACE' ) );
#3019 = ORIENTED_EDGE ( 'NONE', *, *, #7120, .T. ) ;
#3020 = CARTESIAN_POINT ( 'NONE',  ( -25.39999999999996305, 0.000000000000000000, 0.000000000000000000 ) ) ;
#3021 = EDGE_LOOP ( 'NONE', ( #6608, #9086, #6185, #7767 ) ) ;
#3022 = FACE_OUTER_BOUND ( 'NONE', #1094, .T. ) ;
#3023 = EDGE_CURVE ( 'NONE', #2409, #8730, #8741, .T. ) ;
#3024 = DIRECTION ( 'NONE',  ( -1.000000000000000000, 0.000000000000000000, -0.000000000000000000 ) ) ;
#3025 = FILL_AREA_STYLE ('',( #9537 ) ) ;
#3026 = PLANE ( 'NONE',  #5920 ) ;
#3027 = COLOUR_RGB ( '',0.7764705882352941346, 0.7568627450980391913, 0.7372549019607843590 ) ;
#3028 = CARTESIAN_POINT ( 'NONE',  ( 2.214116351126373505, 0.1880408685282115300, 0.1880408685282121406 ) ) ;
#3029 = CIRCLE ( 'NONE', #2003, 1.749999999999999778 ) ;
#3030 = DIRECTION ( 'NONE',  ( 0.7456662065614397816, 0.6663196743247735698, 0.000000000000000000 ) ) ;
#3031 = CARTESIAN_POINT ( 'NONE',  ( -25.39999999999996305, 0.000000000000000000, 1.749999999999999778 ) ) ;
#3032 = COLOUR_RGB ( '',0.7764705882352941346, 0.7568627450980391913, 0.7372549019607843590 ) ;
#3033 = ORIENTED_EDGE ( 'NONE', *, *, #8277, .T. ) ;
#3034 = PRESENTATION_LAYER_ASSIGNMENT (  '', '', ( #8020 ) ) ;
#3035 = DIRECTION ( 'NONE',  ( -0.1108510534444136914, 1.257808851980383614E-16, -0.9938370308809506559 ) ) ;
#3036 = CARTESIAN_POINT ( 'NONE',  ( 1.347043950347265318, 4.286263797015737088E-16, -3.500000000000000444 ) ) ;
#3037 = DIRECTION ( 'NONE',  ( 0.9938370308809506559, -0.1108510534444137469, -3.870343844922734420E-16 ) ) ;
#3038 = MECHANICAL_DESIGN_GEOMETRIC_PRESENTATION_REPRESENTATION (  '', ( #21 ), #4711 ) ;
#3039 =( GEOMETRIC_REPRESENTATION_CONTEXT ( 3 ) GLOBAL_UNCERTAINTY_ASSIGNED_CONTEXT ( ( #3944 ) ) GLOBAL_UNIT_ASSIGNED_CONTEXT ( ( #9586, #5502, #5649 ) ) REPRESENTATION_CONTEXT ( 'NONE', 'WORKASPACE' ) );
#3040 = CARTESIAN_POINT ( 'NONE',  ( 2.600000000000000089, 1.749999999999999778, 0.000000000000000000 ) ) ;
#3041 = ORIENTED_EDGE ( 'NONE', *, *, #477, .T. ) ;
#3042 =( NAMED_UNIT ( * ) SI_UNIT ( $, .STERADIAN. ) SOLID_ANGLE_UNIT ( ) );
#3043 = COLOUR_RGB ( '',0.7764705882352941346, 0.7568627450980391913, 0.7372549019607843590 ) ;
#3044 = DIRECTION ( 'NONE',  ( 0.6663196743247736809, -2.603479645215216163E-15, 0.7456662065614397816 ) ) ;
#3045 = CARTESIAN_POINT ( 'NONE',  ( 0.03111693966988647586, -0.4315292644214340778, -0.4315292644214357987 ) ) ;
#3046 =( GEOMETRIC_REPRESENTATION_CONTEXT ( 3 ) GLOBAL_UNCERTAINTY_ASSIGNED_CONTEXT ( ( #3252 ) ) GLOBAL_UNIT_ASSIGNED_CONTEXT ( ( #3320, #2423, #1848 ) ) REPRESENTATION_CONTEXT ( 'NONE', 'WORKASPACE' ) );
#3047 = EDGE_CURVE ( 'NONE', #396, #140, #5928, .T. ) ;
#3048 = ADVANCED_FACE ( 'NONE', ( #4437 ), #2788, .T. ) ;
#3049 = SHAPE_REPRESENTATION ( 'M3.5 x 6 Screw head', ( #5069 ), #7910 ) ;
#3050 = PRESENTATION_LAYER_ASSIGNMENT (  '', '', ( #7391 ) ) ;
#3051 = ORIENTED_EDGE ( 'NONE', *, *, #107, .T. ) ;
#3052 = PRESENTATION_LAYER_ASSIGNMENT (  '', '', ( #3741 ) ) ;
#3053 = COLOUR_RGB ( '',0.7764705882352941346, 0.7568627450980391913, 0.7372549019607843590 ) ;
#3054 = DIRECTION ( 'NONE',  ( -0.1108510534444137469, -0.9938370308809506559, -3.448999966305766196E-15 ) ) ;
#3055 = SURFACE_STYLE_FILL_AREA ( #10215 ) ;
#3056 = CARTESIAN_POINT ( 'NONE',  ( 1.949999999999999956, 0.2174999999999999989, 0.2174999999999999711 ) ) ;
#3057 = ORIENTED_EDGE ( 'NONE', *, *, #4019, .F. ) ;
#3058 = CIRCLE ( 'NONE', #4249, 3.311827956989247479 ) ;
#3059 = UNCERTAINTY_MEASURE_WITH_UNIT (LENGTH_MEASURE( 1.000000000000000082E-05 ), #1754, 'distance_accuracy_value', 'NONE');
#3060 = COLOUR_RGB ( '',0.7764705882352941346, 0.7568627450980391913, 0.7372549019607843590 ) ;
#3061 = EDGE_CURVE ( 'NONE', #2246, #2056, #4103, .T. ) ;
#3062 = EDGE_LOOP ( 'NONE', ( #9963, #8393 ) ) ;
#3063 =( NAMED_UNIT ( * ) SI_UNIT ( $, .STERADIAN. ) SOLID_ANGLE_UNIT ( ) );
#3064 = VERTEX_POINT ( 'NONE', #2847 ) ;
#3065 = PLANE ( 'NONE',  #4317 ) ;
#3066 = PRESENTATION_STYLE_ASSIGNMENT (( #7105 ) ) ;
#3067 = STYLED_ITEM ( 'NONE', ( #111 ), #8441 ) ;
#3068 = COLOUR_RGB ( '',0.7764705882352941346, 0.7568627450980391913, 0.7372549019607843590 ) ;
#3069 = AXIS2_PLACEMENT_3D ( 'NONE', #1577, #4775, #7172 ) ;
#3070 = LINE ( 'NONE', #9446, #444 ) ;
#3071 = UNCERTAINTY_MEASURE_WITH_UNIT (LENGTH_MEASURE( 1.000000000000000082E-05 ), #9561, 'distance_accuracy_value', 'NONE');
#3072 = SURFACE_STYLE_FILL_AREA ( #7245 ) ;
#3073 = EDGE_CURVE ( 'NONE', #3425, #5619, #4599, .T. ) ;
#3074 = ORIENTED_EDGE ( 'NONE', *, *, #4615, .F. ) ;
#3075 = AXIS2_PLACEMENT_3D ( 'NONE', #4003, #4590, #7754 ) ;
#3076 =( GEOMETRIC_REPRESENTATION_CONTEXT ( 3 ) GLOBAL_UNCERTAINTY_ASSIGNED_CONTEXT ( ( #9960 ) ) GLOBAL_UNIT_ASSIGNED_CONTEXT ( ( #7941, #8776, #5481 ) ) REPRESENTATION_CONTEXT ( 'NONE', 'WORKASPACE' ) );
#3077 = PLANE ( 'NONE',  #5914 ) ;
#3078 =( NAMED_UNIT ( * ) PLANE_ANGLE_UNIT ( ) SI_UNIT ( $, .RADIAN. ) );
#3079 =( NAMED_UNIT ( * ) SI_UNIT ( $, .STERADIAN. ) SOLID_ANGLE_UNIT ( ) );
#3080 = CARTESIAN_POINT ( 'NONE',  ( 0.2666411873824114376, 1.721732169736486240, -0.4052592521765773226 ) ) ;
#3081 = STYLED_ITEM ( 'NONE', ( #3099 ), #3191 ) ;
#3082 = CARTESIAN_POINT ( 'NONE',  ( 2.214116351126373949, 0.1880408685282127790, -0.1880408685282121406 ) ) ;
#3083 = VECTOR ( 'NONE', #8990, 1000.000000000000114 ) ;
#3084 = ORIENTED_EDGE ( 'NONE', *, *, #2203, .T. ) ;
#3085 =( LENGTH_UNIT ( ) NAMED_UNIT ( * ) SI_UNIT ( .MILLI., .METRE. ) );
#3086 = UNCERTAINTY_MEASURE_WITH_UNIT (LENGTH_MEASURE( 1.000000000000000082E-05 ), #9547, 'distance_accuracy_value', 'NONE');
#3087 = ORIENTED_EDGE ( 'NONE', *, *, #769, .T. ) ;
#3088 =( GEOMETRIC_REPRESENTATION_CONTEXT ( 3 ) GLOBAL_UNCERTAINTY_ASSIGNED_CONTEXT ( ( #9441 ) ) GLOBAL_UNIT_ASSIGNED_CONTEXT ( ( #4513, #7727, #5868 ) ) REPRESENTATION_CONTEXT ( 'NONE', 'WORKASPACE' ) );
#3089 = DIRECTION ( 'NONE',  ( 0.7431005017819711789, -0.08288428673722218754, 0.6640269868487610472 ) ) ;
#3090 = PRESENTATION_STYLE_ASSIGNMENT (( #4 ) ) ;
#3091 = FACE_OUTER_BOUND ( 'NONE', #5952, .T. ) ;
#3092 = PRESENTATION_STYLE_ASSIGNMENT (( #1669 ) ) ;
#3093 = DIRECTION ( 'NONE',  ( -0.1108510534444137469, 2.096348086633972484E-17, 0.9938370308809506559 ) ) ;
#3094 = CARTESIAN_POINT ( 'NONE',  ( 2.193400286944045430, 0.1903515064562410486, 2.309278636184420884E-16 ) ) ;
#3095 = ORIENTED_EDGE ( 'NONE', *, *, #9567, .F. ) ;
#3096 = CIRCLE ( 'NONE', #5271, 5.437518987584764929 ) ;
#3097 = DIRECTION ( 'NONE',  ( 0.000000000000000000, 0.000000000000000000, 1.000000000000000000 ) ) ;
#3098 = DIRECTION ( 'NONE',  ( -0.1108510534444137469, -0.9938370308809506559, -3.448999966305766196E-15 ) ) ;
#3099 = PRESENTATION_STYLE_ASSIGNMENT (( #10213 ) ) ;
#3100 = PRODUCT_DEFINITION ( 'UNKNOWN', '', #2923, #10166 ) ;
#3101 = DIRECTION ( 'NONE',  ( 0.000000000000000000, 0.000000000000000000, 1.000000000000000000 ) ) ;
#3102 = SURFACE_STYLE_FILL_AREA ( #10161 ) ;
#3103 = EDGE_CURVE ( 'NONE', #5410, #5746, #2740, .T. ) ;
#3104 = CARTESIAN_POINT ( 'NONE',  ( 0.000000000000000000, -1.959999999999999964, -0.4349999999999999978 ) ) ;
#3105 = ORIENTED_EDGE ( 'NONE', *, *, #3204, .F. ) ;
#3106 = AXIS2_PLACEMENT_3D ( 'NONE', #1407, #10078, #10126 ) ;
#3107 = PLANE ( 'NONE',  #7532 ) ;
#3108 = ORIENTED_EDGE ( 'NONE', *, *, #9579, .F. ) ;
#3109 = DIRECTION ( 'NONE',  ( -0.000000000000000000, 1.000000000000000000, 1.224646799147353207E-16 ) ) ;
#3110 = SURFACE_STYLE_USAGE ( .BOTH. , #4694 ) ;
#3111 = FILL_AREA_STYLE ('',( #10322 ) ) ;
#3112 = DIRECTION ( 'NONE',  ( 0.6663196743247736809, -0.7456662065614397816, -9.292562311528023527E-17 ) ) ;
#3113 = CARTESIAN_POINT ( 'NONE',  ( 2.599999999999998312, 0.000000000000000000, 0.000000000000000000 ) ) ;
#3114 = DIRECTION ( 'NONE',  ( -0.1108510534444137469, 2.096348086633972484E-17, 0.9938370308809506559 ) ) ;
#3115 = FILL_AREA_STYLE ('',( #4746 ) ) ;
#3116 = COLOUR_RGB ( '',0.7764705882352941346, 0.7568627450980391913, 0.7372549019607843590 ) ;
#3117 = CARTESIAN_POINT ( 'NONE',  ( 2.600000000000000089, 1.749999999999999778, 0.000000000000000000 ) ) ;
#3118 = EDGE_CURVE ( 'NONE', #7662, #2614, #6099, .T. ) ;
#3119 =( NAMED_UNIT ( * ) SI_UNIT ( $, .STERADIAN. ) SOLID_ANGLE_UNIT ( ) );
#3120 = EDGE_LOOP ( 'NONE', ( #7121, #550, #4946, #2074 ) ) ;
#3121 = SURFACE_SIDE_STYLE ('',( #644 ) ) ;
#3122 = PLANE ( 'NONE',  #5187 ) ;
#3123 = DIRECTION ( 'NONE',  ( -0.7456662065614396706, 0.6663196743247736809, 0.000000000000000000 ) ) ;
#3124 = EDGE_CURVE ( 'NONE', #3578, #1588, #1997, .T. ) ;
#3125 = SURFACE_SIDE_STYLE ('',( #9503 ) ) ;
#3126 = DIRECTION ( 'NONE',  ( 0.6663196743247736809, -0.7456662065614397816, -9.292562311528023527E-17 ) ) ;
#3127 =( NAMED_UNIT ( * ) PLANE_ANGLE_UNIT ( ) SI_UNIT ( $, .RADIAN. ) );
#3128 = ORIENTED_EDGE ( 'NONE', *, *, #9217, .F. ) ;
#3129 = PLANE ( 'NONE',  #3665 ) ;
#3130 = ORIENTED_EDGE ( 'NONE', *, *, #8031, .F. ) ;
#3131 = VECTOR ( 'NONE', #2197, 1000.000000000000000 ) ;
#3132 = CYLINDRICAL_SURFACE ( 'NONE', #1402, 3.500000000000000444 ) ;
#3133 = VECTOR ( 'NONE', #3171, 1000.000000000000000 ) ;
#3134 = CARTESIAN_POINT ( 'NONE',  ( 0.2666411873824114376, 1.721732169736485352, 0.4052592521765772671 ) ) ;
#3135 = SURFACE_STYLE_USAGE ( .BOTH. , #8530 ) ;
#3136 = EDGE_CURVE ( 'NONE', #7513, #3953, #7417, .T. ) ;
#3137 = FILL_AREA_STYLE_COLOUR ( '', #1410 ) ;
#3138 = STYLED_ITEM ( 'NONE', ( #7534 ), #4458 ) ;
#3139 = MECHANICAL_DESIGN_GEOMETRIC_PRESENTATION_REPRESENTATION (  '', ( #9644 ), #10151 ) ;
#3140 = CARTESIAN_POINT ( 'NONE',  ( 0.000000000000000000, 0.4350000000000068257, -1.959999999999998188 ) ) ;
#3141 = DIRECTION ( 'NONE',  ( 0.7431005017819711789, -0.08288428673722218754, 0.6640269868487610472 ) ) ;
#3142 = ORIENTED_EDGE ( 'NONE', *, *, #705, .T. ) ;
#3143 = PRESENTATION_LAYER_ASSIGNMENT (  '', '', ( #152 ) ) ;
#3144 = VECTOR ( 'NONE', #6141, 1000.000000000000000 ) ;
#3145 = CARTESIAN_POINT ( 'NONE',  ( 1.949999999999999956, 0.2175000000000001377, 0.2174999999999999711 ) ) ;
#3146 = FILL_AREA_STYLE_COLOUR ( '', #6473 ) ;
#3147 = DIRECTION ( 'NONE',  ( 0.000000000000000000, 0.000000000000000000, 1.000000000000000000 ) ) ;
#3148 = CARTESIAN_POINT ( 'NONE',  ( 1.949999999999999956, -0.2175000000000000266, -0.2174999999999999989 ) ) ;
#3149 = SURFACE_STYLE_FILL_AREA ( #1631 ) ;
#3150 =( LENGTH_UNIT ( ) NAMED_UNIT ( * ) SI_UNIT ( .MILLI., .METRE. ) );
#3151 = DIRECTION ( 'NONE',  ( -0.000000000000000000, 0.000000000000000000, -1.000000000000000000 ) ) ;
#3152 = AXIS2_PLACEMENT_3D ( 'NONE', #2377, #7880, #3213 ) ;
#3153 =( GEOMETRIC_REPRESENTATION_CONTEXT ( 3 ) GLOBAL_UNCERTAINTY_ASSIGNED_CONTEXT ( ( #9013 ) ) GLOBAL_UNIT_ASSIGNED_CONTEXT ( ( #9642, #9011, #3212 ) ) REPRESENTATION_CONTEXT ( 'NONE', 'WORKASPACE' ) );
#3154 = ORIENTED_EDGE ( 'NONE', *, *, #1506, .T. ) ;
#3155 = UNCERTAINTY_MEASURE_WITH_UNIT (LENGTH_MEASURE( 1.000000000000000082E-05 ), #7851, 'distance_accuracy_value', 'NONE');
#3156 = ORIENTED_EDGE ( 'NONE', *, *, #7644, .T. ) ;
#3157 = FILL_AREA_STYLE ('',( #327 ) ) ;
#3158 = VECTOR ( 'NONE', #664, 1000.000000000000000 ) ;
#3159 = DIRECTION ( 'NONE',  ( -0.1108510534444137469, 2.096348086633972484E-17, 0.9938370308809506559 ) ) ;
#3160 =( LENGTH_UNIT ( ) NAMED_UNIT ( * ) SI_UNIT ( .MILLI., .METRE. ) );
#3161 = ITEM_DEFINED_TRANSFORMATION ( 'NONE', 'NONE', #8413,  #5069 ) ;
#3162 = UNCERTAINTY_MEASURE_WITH_UNIT (LENGTH_MEASURE( 1.000000000000000082E-05 ), #9587, 'distance_accuracy_value', 'NONE');
#3163 = AXIS2_PLACEMENT_3D ( 'NONE', #9284, #8439, #1443 ) ;
#3164 = ORIENTED_EDGE ( 'NONE', *, *, #4992, .F. ) ;
#3165 = EDGE_CURVE ( 'NONE', #701, #3237, #3423, .T. ) ;
#3166 = EDGE_CURVE ( 'NONE', #2842, #3253, #3765, .T. ) ;
#3167 = CIRCLE ( 'NONE', #7841, 0.4199999999999998179 ) ;
#3168 = CARTESIAN_POINT ( 'NONE',  ( 0.000000000000000000, -0.4350000000000069367, 1.959999999999998188 ) ) ;
#3169 = DIRECTION ( 'NONE',  ( -0.1108510534444136914, 1.257808851980383614E-16, -0.9938370308809506559 ) ) ;
#3170 = MECHANICAL_DESIGN_GEOMETRIC_PRESENTATION_REPRESENTATION (  '', ( #6181 ), #1663 ) ;
#3171 = DIRECTION ( 'NONE',  ( 0.7431005017819711789, -0.08288428673722218754, 0.6640269868487610472 ) ) ;
#3172 = CARTESIAN_POINT ( 'NONE',  ( 2.599999999999998312, 0.000000000000000000, 3.500000000000000000 ) ) ;
#3173 = SURFACE_SIDE_STYLE ('',( #9458 ) ) ;
#3174 =( LENGTH_UNIT ( ) NAMED_UNIT ( * ) SI_UNIT ( .MILLI., .METRE. ) );
#3175 = COLOUR_RGB ( '',0.7764705882352941346, 0.7568627450980391913, 0.7372549019607843590 ) ;
#3176 = PRESENTATION_STYLE_ASSIGNMENT (( #7011 ) ) ;
#3177 =( NAMED_UNIT ( * ) PLANE_ANGLE_UNIT ( ) SI_UNIT ( $, .RADIAN. ) );
#3178 = ORIENTED_EDGE ( 'NONE', *, *, #8780, .T. ) ;
#3179 = PRESENTATION_LAYER_ASSIGNMENT (  '', '', ( #845 ) ) ;
#3180 = UNCERTAINTY_MEASURE_WITH_UNIT (LENGTH_MEASURE( 1.000000000000000082E-05 ), #680, 'distance_accuracy_value', 'NONE');
#3181 = ORIENTED_EDGE ( 'NONE', *, *, #1712, .F. ) ;
#3182 = EDGE_CURVE ( 'NONE', #5131, #3353, #10096, .T. ) ;
#3183 =( LENGTH_UNIT ( ) NAMED_UNIT ( * ) SI_UNIT ( .MILLI., .METRE. ) );
#3184 = PRODUCT_DEFINITION_SHAPE ( 'NONE', 'NONE',  #10347 ) ;
#3185 = LINE ( 'NONE', #5625, #9801 ) ;
#3186 = PRESENTATION_STYLE_ASSIGNMENT (( #2442 ) ) ;
#3187 = SURFACE_SIDE_STYLE ('',( #708 ) ) ;
#3188 = DIRECTION ( 'NONE',  ( 0.000000000000000000, 0.000000000000000000, 1.000000000000000000 ) ) ;
#3189 = PRESENTATION_LAYER_ASSIGNMENT (  '', '', ( #10049 ) ) ;
#3190 = ORIENTED_EDGE ( 'NONE', *, *, #323, .F. ) ;
#3191 = ADVANCED_FACE ( 'NONE', ( #9060 ), #3595, .T. ) ;
#3192 = DIRECTION ( 'NONE',  ( 0.000000000000000000, 0.000000000000000000, -1.000000000000000000 ) ) ;
#3193 = CARTESIAN_POINT ( 'NONE',  ( 1.347043950347263763, 3.771912141373848894E-16, -3.080000000000000515 ) ) ;
#3194 = CARTESIAN_POINT ( 'NONE',  ( 0.9968214519863044520, 0.000000000000000000, 0.000000000000000000 ) ) ;
#3195 = CARTESIAN_POINT ( 'NONE',  ( 2.599999999999998312, 0.000000000000000000, 1.749999999999999778 ) ) ;
#3196 = CARTESIAN_POINT ( 'NONE',  ( 5.974195292295553905, -0.2313525518329657138, -8.028830871489587498E-16 ) ) ;
#3197 = MECHANICAL_DESIGN_GEOMETRIC_PRESENTATION_REPRESENTATION (  '', ( #7710 ), #7212 ) ;
#3198 = AXIS2_PLACEMENT_3D ( 'NONE', #2841, #5239, #8429 ) ;
#3199 = CARTESIAN_POINT ( 'NONE',  ( 5.974195292295553905, 0.2313525518329656860, 8.370432990360215258E-16 ) ) ;
#3200 = FACE_OUTER_BOUND ( 'NONE', #6173, .T. ) ;
#3201 = EDGE_LOOP ( 'NONE', ( #9530, #563 ) ) ;
#3202 = CARTESIAN_POINT ( 'NONE',  ( 1.347043950347265318, 0.000000000000000000, 3.500000000000000444 ) ) ;
#3203 = AXIS2_PLACEMENT_3D ( 'NONE', #9791, #8219, #5822 ) ;
#3204 = EDGE_CURVE ( 'NONE', #4451, #4328, #6193, .T. ) ;
#3205 = EDGE_LOOP ( 'NONE', ( #724, #8184, #2877 ) ) ;
#3206 = SURFACE_STYLE_FILL_AREA ( #9533 ) ;
#3207 = STYLED_ITEM ( 'NONE', ( #6515 ), #9768 ) ;
#3208 =( LENGTH_UNIT ( ) NAMED_UNIT ( * ) SI_UNIT ( .MILLI., .METRE. ) );
#3209 =( LENGTH_UNIT ( ) NAMED_UNIT ( * ) SI_UNIT ( .MILLI., .METRE. ) );
#3210 = AXIS2_PLACEMENT_3D ( 'NONE', #2624, #670, #6101 ) ;
#3211 = STYLED_ITEM ( 'NONE', ( #6310 ), #2656 ) ;
#3212 =( NAMED_UNIT ( * ) SI_UNIT ( $, .STERADIAN. ) SOLID_ANGLE_UNIT ( ) );
#3213 = DIRECTION ( 'NONE',  ( 0.000000000000000000, 0.000000000000000000, 1.000000000000000000 ) ) ;
#3214 = ORIENTED_EDGE ( 'NONE', *, *, #3975, .T. ) ;
#3215 = STYLED_ITEM ( 'NONE', ( #9174 ), #8300 ) ;
#3216 = AXIS2_PLACEMENT_3D ( 'NONE', #5525, #62, #4675 ) ;
#3217 = STYLED_ITEM ( 'NONE', ( #9909 ), #2291 ) ;
#3218 = CARTESIAN_POINT ( 'NONE',  ( 6.000000000000000000, 2.326828918379972351E-16, 0.000000000000000000 ) ) ;
#3219 = CARTESIAN_POINT ( 'NONE',  ( 0.9968214519863044520, -3.311827956989247035, -4.055819506853600563E-16 ) ) ;
#3220 = SURFACE_STYLE_FILL_AREA ( #49 ) ;
#3221 = EDGE_CURVE ( 'NONE', #8496, #722, #7749, .T. ) ;
#3222 = ORIENTED_EDGE ( 'NONE', *, *, #9394, .F. ) ;
#3223 = PRESENTATION_STYLE_ASSIGNMENT (( #7264 ) ) ;
#3224 = PRESENTATION_LAYER_ASSIGNMENT (  '', '', ( #3408 ) ) ;
#3225 = MECHANICAL_DESIGN_GEOMETRIC_PRESENTATION_REPRESENTATION (  '', ( #3583 ), #4423 ) ;
#3226 = AXIS2_PLACEMENT_3D ( 'NONE', #9373, #2194, #6027 ) ;
#3227 = VERTEX_POINT ( 'NONE', #10159 ) ;
#3228 = CARTESIAN_POINT ( 'NONE',  ( 2.214116351126373505, -0.1880408685282114467, -0.1880408685282121684 ) ) ;
#3229 = FILL_AREA_STYLE ('',( #7838 ) ) ;
#3230 = AXIS2_PLACEMENT_3D ( 'NONE', #1895, #9171, #4282 ) ;
#3231 =( GEOMETRIC_REPRESENTATION_CONTEXT ( 3 ) GLOBAL_UNCERTAINTY_ASSIGNED_CONTEXT ( ( #1075 ) ) GLOBAL_UNIT_ASSIGNED_CONTEXT ( ( #8338, #360, #8170 ) ) REPRESENTATION_CONTEXT ( 'NONE', 'WORKASPACE' ) );
#3232 =( GEOMETRIC_REPRESENTATION_CONTEXT ( 3 ) GLOBAL_UNCERTAINTY_ASSIGNED_CONTEXT ( ( #3281 ) ) GLOBAL_UNIT_ASSIGNED_CONTEXT ( ( #4634, #7756, #7611 ) ) REPRESENTATION_CONTEXT ( 'NONE', 'WORKASPACE' ) );
#3233 = SURFACE_STYLE_FILL_AREA ( #8736 ) ;
#3234 = EDGE_CURVE ( 'NONE', #4559, #9381, #9522, .T. ) ;
#3235 = DIRECTION ( 'NONE',  ( -1.000000000000000000, -0.000000000000000000, -0.000000000000000000 ) ) ;
#3236 = FILL_AREA_STYLE_COLOUR ( '', #3879 ) ;
#3237 = VERTEX_POINT ( 'NONE', #7041 ) ;
#3238 = STYLED_ITEM ( 'NONE', ( #8521 ), #3379 ) ;
#3239 = STYLED_ITEM ( 'NONE', ( #4150 ), #10305 ) ;
#3240 = CARTESIAN_POINT ( 'NONE',  ( 0.2666411873824114376, -0.4052592521765708278, -1.721732169736487128 ) ) ;
#3241 = EDGE_LOOP ( 'NONE', ( #967, #9766, #5925, #4332 ) ) ;
#3242 = CARTESIAN_POINT ( 'NONE',  ( 0.2666411873824114376, 0.4052592521765831513, -1.721732169736484019 ) ) ;
#3243 =( LENGTH_UNIT ( ) NAMED_UNIT ( * ) SI_UNIT ( .MILLI., .METRE. ) );
#3244 = FACE_OUTER_BOUND ( 'NONE', #6232, .T. ) ;
#3245 = STYLED_ITEM ( 'NONE', ( #6635 ), #3584 ) ;
#3246 = DIRECTION ( 'NONE',  ( 0.000000000000000000, 0.000000000000000000, 1.000000000000000000 ) ) ;
#3247 =( NAMED_UNIT ( * ) SI_UNIT ( $, .STERADIAN. ) SOLID_ANGLE_UNIT ( ) );
#3248 = CARTESIAN_POINT ( 'NONE',  ( 12.60000000000000320, 0.000000000000000000, 1.749999999999999778 ) ) ;
#3249 = ADVANCED_FACE ( 'NONE', ( #2157 ), #3011, .T. ) ;
#3250 = SURFACE_SIDE_STYLE ('',( #8008 ) ) ;
#3251 = ORIENTED_EDGE ( 'NONE', *, *, #2946, .F. ) ;
#3252 = UNCERTAINTY_MEASURE_WITH_UNIT (LENGTH_MEASURE( 1.000000000000000082E-05 ), #3320, 'distance_accuracy_value', 'NONE');
#3253 = VERTEX_POINT ( 'NONE', #5403 ) ;
#3254 = CIRCLE ( 'NONE', #7620, 0.4199999999999998179 ) ;
#3255 = CARTESIAN_POINT ( 'NONE',  ( 0.000000000000000000, 0.000000000000000000, 0.000000000000000000 ) ) ;
#3256 = SURFACE_SIDE_STYLE ('',( #4076 ) ) ;
#3257 = CARTESIAN_POINT ( 'NONE',  ( 1.949999999999999956, -0.2175000000000000266, -0.2174999999999999989 ) ) ;
#3258 = PLANE ( 'NONE',  #6236 ) ;
#3259 = DIRECTION ( 'NONE',  ( 0.000000000000000000, -1.000000000000000000, 0.000000000000000000 ) ) ;
#3260 = ADVANCED_FACE ( 'NONE', ( #2359 ), #569, .T. ) ;
#3261 = DIRECTION ( 'NONE',  ( 0.7431005017819711789, -0.08288428673721758011, -0.6640269868487616023 ) ) ;
#3262 = AXIS2_PLACEMENT_3D ( 'NONE', #1338, #10118, #5888 ) ;
#3263 = DIRECTION ( 'NONE',  ( -1.000000000000000000, -0.000000000000000000, -0.000000000000000000 ) ) ;
#3264 = CONTEXT_DEPENDENT_SHAPE_REPRESENTATION ( #4671, #7860 ) ;
#3265 = UNCERTAINTY_MEASURE_WITH_UNIT (LENGTH_MEASURE( 1.000000000000000082E-05 ), #4308, 'distance_accuracy_value', 'NONE');
#3266 = ORIENTED_EDGE ( 'NONE', *, *, #2670, .T. ) ;
#3267 =( LENGTH_UNIT ( ) NAMED_UNIT ( * ) SI_UNIT ( .MILLI., .METRE. ) );
#3268 = PRODUCT_DEFINITION_SHAPE ( 'NONE', 'NONE',  #10349 ) ;
#3269 = VERTEX_POINT ( 'NONE', #7173 ) ;
#3270 =( NAMED_UNIT ( * ) SI_UNIT ( $, .STERADIAN. ) SOLID_ANGLE_UNIT ( ) );
#3271 = DIRECTION ( 'NONE',  ( 0.6663196743247736809, 0.7456662065614397816, 0.000000000000000000 ) ) ;
#3272 = SURFACE_STYLE_FILL_AREA ( #5666 ) ;
#3273 = CARTESIAN_POINT ( 'NONE',  ( 2.599999999999998312, 0.000000000000000000, 1.749999999999999778 ) ) ;
#3274 =( NAMED_UNIT ( * ) SI_UNIT ( $, .STERADIAN. ) SOLID_ANGLE_UNIT ( ) );
#3275 = DIRECTION ( 'NONE',  ( -0.000000000000000000, 0.000000000000000000, -1.000000000000000000 ) ) ;
#3276 =( LENGTH_UNIT ( ) NAMED_UNIT ( * ) SI_UNIT ( .MILLI., .METRE. ) );
#3277 =( NAMED_UNIT ( * ) PLANE_ANGLE_UNIT ( ) SI_UNIT ( $, .RADIAN. ) );
#3278 = VERTEX_POINT ( 'NONE', #800 ) ;
#3279 = DIRECTION ( 'NONE',  ( -0.9938370308809507669, 0.000000000000000000, 0.1108510534444137052 ) ) ;
#3280 =( LENGTH_UNIT ( ) NAMED_UNIT ( * ) SI_UNIT ( .MILLI., .METRE. ) );
#3281 = UNCERTAINTY_MEASURE_WITH_UNIT (LENGTH_MEASURE( 1.000000000000000082E-05 ), #4634, 'distance_accuracy_value', 'NONE');
#3282 = ORIENTED_EDGE ( 'NONE', *, *, #7799, .T. ) ;
#3283 = FILL_AREA_STYLE ('',( #8294 ) ) ;
#3284 = EDGE_CURVE ( 'NONE', #4209, #10072, #9749, .T. ) ;
#3285 = CYLINDRICAL_SURFACE ( 'NONE', #483, 1.749999999999999778 ) ;
#3286 = FILL_AREA_STYLE ('',( #3407 ) ) ;
#3287 =( NAMED_UNIT ( * ) PLANE_ANGLE_UNIT ( ) SI_UNIT ( $, .RADIAN. ) );
#3288 = AXIS2_PLACEMENT_3D ( 'NONE', #44, #2637, #3329 ) ;
#3289 = LINE ( 'NONE', #7993, #411 ) ;
#3290 = DIRECTION ( 'NONE',  ( -1.000000000000000000, -0.000000000000000000, -0.000000000000000000 ) ) ;
#3291 = AXIS2_PLACEMENT_3D ( 'NONE', #9914, #4454, #362 ) ;
#3292 = EDGE_LOOP ( 'NONE', ( #7545, #256, #3190 ) ) ;
#3293 = DIRECTION ( 'NONE',  ( 0.000000000000000000, 0.000000000000000000, 1.000000000000000000 ) ) ;
#3294 = EDGE_CURVE ( 'NONE', #3860, #906, #6093, .T. ) ;
#3295 = SURFACE_STYLE_USAGE ( .BOTH. , #904 ) ;
#3296 = ADVANCED_FACE ( 'NONE', ( #8786 ), #4065, .T. ) ;
#3297 = ORIENTED_EDGE ( 'NONE', *, *, #7208, .F. ) ;
#3298 = PRESENTATION_LAYER_ASSIGNMENT (  '', '', ( #9983 ) ) ;
#3299 = CARTESIAN_POINT ( 'NONE',  ( 0.000000000000000000, -0.4349999999999927813, -1.960000000000001741 ) ) ;
#3300 =( LENGTH_UNIT ( ) NAMED_UNIT ( * ) SI_UNIT ( .MILLI., .METRE. ) );
#3301 = FILL_AREA_STYLE_COLOUR ( '', #9926 ) ;
#3302 = DIRECTION ( 'NONE',  ( -0.9938370308809507669, -0.1108510534444137052, 0.000000000000000000 ) ) ;
#3303 = CARTESIAN_POINT ( 'NONE',  ( 1.949999999999999956, -0.2175000000000000266, -0.2174999999999999989 ) ) ;
#3304 = ORIENTED_EDGE ( 'NONE', *, *, #1113, .F. ) ;
#3305 = DIRECTION ( 'NONE',  ( -1.000000000000000000, -0.000000000000000000, -0.000000000000000000 ) ) ;
#3306 = COLOUR_RGB ( '',0.7921568627450980005, 0.8196078431372548767, 0.9333333333333333481 ) ;
#3307 = AXIS2_PLACEMENT_3D ( 'NONE', #694, #7203, #8724 ) ;
#3308 = CIRCLE ( 'NONE', #2145, 3.311827956989247479 ) ;
#3309 = ORIENTED_EDGE ( 'NONE', *, *, #4966, .T. ) ;
#3310 = ADVANCED_FACE ( 'NONE', ( #3244 ), #121, .T. ) ;
#3311 =( NAMED_UNIT ( * ) SI_UNIT ( $, .STERADIAN. ) SOLID_ANGLE_UNIT ( ) );
#3312 = CIRCLE ( 'NONE', #7152, 3.311827956989247479 ) ;
#3313 = LINE ( 'NONE', #6498, #493 ) ;
#3314 = DIRECTION ( 'NONE',  ( 0.000000000000000000, 0.000000000000000000, 1.000000000000000000 ) ) ;
#3315 = DIRECTION ( 'NONE',  ( 0.9938370308809506559, -0.1108510534444137469, -3.870343844922734420E-16 ) ) ;
#3316 = AXIS2_PLACEMENT_3D ( 'NONE', #7778, #9491, #6260 ) ;
#3317 = CARTESIAN_POINT ( 'NONE',  ( 37.60000000000000142, 0.000000000000000000, 0.000000000000000000 ) ) ;
#3318 = SURFACE_SIDE_STYLE ('',( #4843 ) ) ;
#3319 = DIRECTION ( 'NONE',  ( -0.9938370308809506559, -0.1108510534444136914, -3.870343844922732447E-16 ) ) ;
#3320 =( LENGTH_UNIT ( ) NAMED_UNIT ( * ) SI_UNIT ( .MILLI., .METRE. ) );
#3321 = ORIENTED_EDGE ( 'NONE', *, *, #1281, .F. ) ;
#3322 = MECHANICAL_DESIGN_GEOMETRIC_PRESENTATION_REPRESENTATION (  '', ( #9340 ), #8987 ) ;
#3323 = ORIENTED_EDGE ( 'NONE', *, *, #3395, .T. ) ;
#3324 = AXIS2_PLACEMENT_3D ( 'NONE', #6377, #756, #3188 ) ;
#3325 = ADVANCED_FACE ( 'NONE', ( #4309 ), #2935, .F. ) ;
#3326 = PRESENTATION_LAYER_ASSIGNMENT (  '', '', ( #1745 ) ) ;
#3327 =( NAMED_UNIT ( * ) PLANE_ANGLE_UNIT ( ) SI_UNIT ( $, .RADIAN. ) );
#3328 = PRESENTATION_STYLE_ASSIGNMENT (( #5898 ) ) ;
#3329 = DIRECTION ( 'NONE',  ( -0.9938370308809507669, -0.1108510534444137052, 0.000000000000000000 ) ) ;
#3330 = DIRECTION ( 'NONE',  ( -0.1108510534444137469, -0.9938370308809506559, -3.448999966305766196E-15 ) ) ;
#3331 = STYLED_ITEM ( 'NONE', ( #6316 ), #8696 ) ;
#3332 = DIRECTION ( 'NONE',  ( -1.000000000000000000, -0.000000000000000000, -0.000000000000000000 ) ) ;
#3333 = DIRECTION ( 'NONE',  ( -1.000000000000000000, -0.000000000000000000, -0.000000000000000000 ) ) ;
#3334 =( LENGTH_UNIT ( ) NAMED_UNIT ( * ) SI_UNIT ( .MILLI., .METRE. ) );
#3335 = CARTESIAN_POINT ( 'NONE',  ( 1.949999999999999956, -0.2175000000000000266, -0.2174999999999999711 ) ) ;
#3336 = MECHANICAL_DESIGN_GEOMETRIC_PRESENTATION_REPRESENTATION (  '', ( #9363 ), #8522 ) ;
#3337 =( LENGTH_UNIT ( ) NAMED_UNIT ( * ) SI_UNIT ( .MILLI., .METRE. ) );
#3338 = ORIENTED_EDGE ( 'NONE', *, *, #7319, .F. ) ;
#3339 = PRESENTATION_LAYER_ASSIGNMENT (  '', '', ( #6022 ) ) ;
#3340 = CIRCLE ( 'NONE', #2843, 5.437518987584765817 ) ;
#3341 = DIRECTION ( 'NONE',  ( -0.1108510534444136914, 1.257808851980383614E-16, -0.9938370308809506559 ) ) ;
#3342 = VECTOR ( 'NONE', #7686, 1000.000000000000000 ) ;
#3343 = PRESENTATION_STYLE_ASSIGNMENT (( #2441 ) ) ;
#3344 = CARTESIAN_POINT ( 'NONE',  ( 6.000000000000000000, 2.326828918379972351E-16, 0.000000000000000000 ) ) ;
#3345 =( NAMED_UNIT ( * ) SI_UNIT ( $, .STERADIAN. ) SOLID_ANGLE_UNIT ( ) );
#3346 = SURFACE_STYLE_USAGE ( .BOTH. , #7321 ) ;
#3347 = AXIS2_PLACEMENT_3D ( 'NONE', #740, #4138, #6521 ) ;
#3348 = CARTESIAN_POINT ( 'NONE',  ( 0.2666411873824114376, -1.721732169736485796, -0.4052592521765772116 ) ) ;
#3349 = STYLED_ITEM ( 'NONE', ( #5885 ), #6371 ) ;
#3350 = FACE_OUTER_BOUND ( 'NONE', #913, .T. ) ;
#3351 = DIRECTION ( 'NONE',  ( -1.000000000000000000, -0.000000000000000000, -0.000000000000000000 ) ) ;
#3352 = LINE ( 'NONE', #3458, #704 ) ;
#3353 = VERTEX_POINT ( 'NONE', #5124 ) ;
#3354 = PRESENTATION_LAYER_ASSIGNMENT (  '', '', ( #2866 ) ) ;
#3355 = EDGE_LOOP ( 'NONE', ( #5188, #3178, #7639, #7263, #4630 ) ) ;
#3356 = SURFACE_STYLE_FILL_AREA ( #2404 ) ;
#3357 = CARTESIAN_POINT ( 'NONE',  ( 2.193400286944045430, -4.336808689942017736E-16, -0.1903515064562410486 ) ) ;
#3358 = CARTESIAN_POINT ( 'NONE',  ( 6.000000000000000000, 2.326828918379972351E-16, 0.000000000000000000 ) ) ;
#3359 =( LENGTH_UNIT ( ) NAMED_UNIT ( * ) SI_UNIT ( .MILLI., .METRE. ) );
#3360 = SHAPE_REPRESENTATION ( 'M3.5 x 10 Screw head', ( #5069 ), #4906 ) ;
#3361 =( GEOMETRIC_REPRESENTATION_CONTEXT ( 3 ) GLOBAL_UNCERTAINTY_ASSIGNED_CONTEXT ( ( #5645 ) ) GLOBAL_UNIT_ASSIGNED_CONTEXT ( ( #952, #7942, #9082 ) ) REPRESENTATION_CONTEXT ( 'NONE', 'WORKASPACE' ) );
#3363 = EDGE_CURVE ( 'NONE', #1906, #742, #6121, .T. ) ;
#3362 = CIRCLE ( 'NONE', #4049, 5.437518987584765817 ) ;
#3364 = DIRECTION ( 'NONE',  ( 0.7456662065614396706, 0.6663196743247736809, 0.000000000000000000 ) ) ;
#3365 = EDGE_CURVE ( 'NONE', #4526, #1591, #9885, .T. ) ;
#3366 = AXIS2_PLACEMENT_3D ( 'NONE', #94, #3275, #2480 ) ;
#3367 = UNCERTAINTY_MEASURE_WITH_UNIT (LENGTH_MEASURE( 1.000000000000000082E-05 ), #2002, 'distance_accuracy_value', 'NONE');
#3368 = ORIENTED_EDGE ( 'NONE', *, *, #9883, .T. ) ;
#3369 = CIRCLE ( 'NONE', #4874, 5.995482475482741158 ) ;
#3370 = DIRECTION ( 'NONE',  ( 0.000000000000000000, 0.000000000000000000, 1.000000000000000000 ) ) ;
#3371 = CARTESIAN_POINT ( 'NONE',  ( 1.347043950347265318, 4.286263797015737088E-16, -3.500000000000000444 ) ) ;
#3372 = DIRECTION ( 'NONE',  ( 0.000000000000000000, 0.000000000000000000, 1.000000000000000000 ) ) ;
#3373 = FACE_OUTER_BOUND ( 'NONE', #7824, .T. ) ;
#3374 = DIRECTION ( 'NONE',  ( 0.7431005017819711789, 0.08288428673721742745, 0.6640269868487616023 ) ) ;
#3375 =( NAMED_UNIT ( * ) PLANE_ANGLE_UNIT ( ) SI_UNIT ( $, .RADIAN. ) );
#3376 =( NAMED_UNIT ( * ) SI_UNIT ( $, .STERADIAN. ) SOLID_ANGLE_UNIT ( ) );
#3377 = COLOUR_RGB ( '',0.7764705882352941346, 0.7568627450980391913, 0.7372549019607843590 ) ;
#3378 = LINE ( 'NONE', #872, #5634 ) ;
#3379 = ADVANCED_FACE ( 'NONE', ( #2183 ), #5810, .T. ) ;
#3380 = SURFACE_STYLE_USAGE ( .BOTH. , #10023 ) ;
#3381 = SURFACE_STYLE_USAGE ( .BOTH. , #9918 ) ;
#3382 = ORIENTED_EDGE ( 'NONE', *, *, #5293, .F. ) ;
#3383 = VERTEX_POINT ( 'NONE', #1879 ) ;
#3384 = CIRCLE ( 'NONE', #7719, 5.995482475482740270 ) ;
#3385 = EDGE_LOOP ( 'NONE', ( #5931, #7957, #3105, #2723, #10308 ) ) ;
#3386 = SHAPE_REPRESENTATION_RELATIONSHIP ( 'NONE' , 'NONE' ,  #1701, #9943 ) ;
#3387 = FILL_AREA_STYLE ('',( #4185 ) ) ;
#3388 = CARTESIAN_POINT ( 'NONE',  ( 0.2553644383338094515, -1.731808957027352047, -2.120854295958262972E-16 ) ) ;
#3389 = AXIS2_PLACEMENT_3D ( 'NONE', #136, #4699, #3319 ) ;
#3390 = SPHERICAL_SURFACE ( 'NONE', #7372, 6.000000000000000000 ) ;
#3391 = DIRECTION ( 'NONE',  ( 0.000000000000000000, 0.000000000000000000, 1.000000000000000000 ) ) ;
#3392 = DIRECTION ( 'NONE',  ( 0.7431005017819711789, 0.08288428673721742745, 0.6640269868487616023 ) ) ;
#3393 = SURFACE_STYLE_USAGE ( .BOTH. , #5054 ) ;
#3394 = FACE_OUTER_BOUND ( 'NONE', #476, .T. ) ;
#3395 = EDGE_CURVE ( 'NONE', #10072, #4209, #1574, .T. ) ;
#3396 = DIRECTION ( 'NONE',  ( 0.000000000000000000, 0.000000000000000000, 1.000000000000000000 ) ) ;
#3397 = UNCERTAINTY_MEASURE_WITH_UNIT (LENGTH_MEASURE( 1.000000000000000082E-05 ), #3999, 'distance_accuracy_value', 'NONE');
#3398 =( GEOMETRIC_REPRESENTATION_CONTEXT ( 3 ) GLOBAL_UNCERTAINTY_ASSIGNED_CONTEXT ( ( #54 ) ) GLOBAL_UNIT_ASSIGNED_CONTEXT ( ( #1172, #9164, #454 ) ) REPRESENTATION_CONTEXT ( 'NONE', 'WORKASPACE' ) );
#3399 = VERTEX_POINT ( 'NONE', #3938 ) ;
#3400 = AXIS2_PLACEMENT_3D ( 'NONE', #4031, #3880, #9357 ) ;
#3401 = DIRECTION ( 'NONE',  ( 0.000000000000000000, 0.000000000000000000, 1.000000000000000000 ) ) ;
#3402 = LINE ( 'NONE', #2708, #1171 ) ;
#3403 = PLANE ( 'NONE',  #7378 ) ;
#3404 = DIRECTION ( 'NONE',  ( 0.000000000000000000, 0.000000000000000000, 1.000000000000000000 ) ) ;
#3405 = FILL_AREA_STYLE ('',( #6469 ) ) ;
#3406 = FILL_AREA_STYLE ('',( #6808 ) ) ;
#3407 = FILL_AREA_STYLE_COLOUR ( '', #745 ) ;
#3408 = STYLED_ITEM ( 'NONE', ( #3488 ), #8569 ) ;
#3409 = COLOUR_RGB ( '',0.7921568627450980005, 0.8196078431372548767, 0.9333333333333333481 ) ;
#3410 = AXIS2_PLACEMENT_3D ( 'NONE', #6902, #3553, #2859 ) ;
#3411 = EDGE_CURVE ( 'NONE', #5261, #7047, #7421, .T. ) ;
#3412 = DIRECTION ( 'NONE',  ( -1.000000000000000000, -0.000000000000000000, -0.000000000000000000 ) ) ;
#3413 = VERTEX_POINT ( 'NONE', #5565 ) ;
#3414 = SURFACE_STYLE_USAGE ( .BOTH. , #6598 ) ;
#3415 = AXIS2_PLACEMENT_3D ( 'NONE', #5713, #9228, #2046 ) ;
#3416 = SURFACE_SIDE_STYLE ('',( #8710 ) ) ;
#3417 = ORIENTED_EDGE ( 'NONE', *, *, #779, .F. ) ;
#3418 = FILL_AREA_STYLE_COLOUR ( '', #3776 ) ;
#3419 = PRESENTATION_STYLE_ASSIGNMENT (( #4218 ) ) ;
#3420 = CARTESIAN_POINT ( 'NONE',  ( -25.39999999999996305, 0.000000000000000000, 0.000000000000000000 ) ) ;
#3421 = SURFACE_STYLE_USAGE ( .BOTH. , #3250 ) ;
#3422 = PRESENTATION_STYLE_ASSIGNMENT (( #1882 ) ) ;
#3423 = CIRCLE ( 'NONE', #2242, 0.4199999999999998179 ) ;
#3424 = DIRECTION ( 'NONE',  ( -0.1108510534444137469, -0.9938370308809506559, -3.448999966305766196E-15 ) ) ;
#3425 = VERTEX_POINT ( 'NONE', #3080 ) ;
#3426 = STYLED_ITEM ( 'NONE', ( #7284 ), #3296 ) ;
#3427 = DIRECTION ( 'NONE',  ( 0.7431005017819711789, 0.6640269868487613802, -0.08288428673721975892 ) ) ;
#3428 = ADVANCED_FACE ( 'NONE', ( #7199 ), #2282, .T. ) ;
#3429 = CARTESIAN_POINT ( 'NONE',  ( 2.599999999999998312, 0.000000000000000000, 0.000000000000000000 ) ) ;
#3430 = CARTESIAN_POINT ( 'NONE',  ( 1.347043950347265318, 4.286263797015737088E-16, -3.500000000000000444 ) ) ;
#3431 = SURFACE_STYLE_USAGE ( .BOTH. , #7400 ) ;
#3432 = CARTESIAN_POINT ( 'NONE',  ( 2.193400286944045430, 4.336808689942017736E-16, 0.1903515064562409931 ) ) ;
#3433 = DIRECTION ( 'NONE',  ( 0.7431005017819711789, -0.6640269868487613802, -0.08288428673721992546 ) ) ;
#3434 = ORIENTED_EDGE ( 'NONE', *, *, #2795, .F. ) ;
#3435 = ORIENTED_EDGE ( 'NONE', *, *, #5034, .T. ) ;
#3436 = FILL_AREA_STYLE ('',( #5662 ) ) ;
#3437 = DIRECTION ( 'NONE',  ( -0.1108510534444137469, -0.9938370308809506559, -3.448999966305766196E-15 ) ) ;
#3438 = EDGE_CURVE ( 'NONE', #2457, #3643, #784, .T. ) ;
#3439 = FACE_OUTER_BOUND ( 'NONE', #4507, .T. ) ;
#3440 = DIRECTION ( 'NONE',  ( 0.000000000000000000, 0.000000000000000000, 1.000000000000000000 ) ) ;
#3441 = PRESENTATION_LAYER_ASSIGNMENT (  '', '', ( #3792 ) ) ;
#3442 = CARTESIAN_POINT ( 'NONE',  ( 1.949999999999999956, -0.2175000000000007205, 0.2174999999999993883 ) ) ;
#3443 =( LENGTH_UNIT ( ) NAMED_UNIT ( * ) SI_UNIT ( .MILLI., .METRE. ) );
#3444 = PLANE ( 'NONE',  #5030 ) ;
#3445 = SURFACE_STYLE_USAGE ( .BOTH. , #95 ) ;
#3446 = LINE ( 'NONE', #6637, #9652 ) ;
#3447 = APPLICATION_PROTOCOL_DEFINITION ( 'draft international standard', 'automotive_design', 1998, #9467 ) ;
#3448 = ORIENTED_EDGE ( 'NONE', *, *, #3118, .F. ) ;
#3449 =( LENGTH_UNIT ( ) NAMED_UNIT ( * ) SI_UNIT ( .MILLI., .METRE. ) );
#3450 = FILL_AREA_STYLE ('',( #6804 ) ) ;
#3451 = EDGE_CURVE ( 'NONE', #275, #618, #5759, .T. ) ;
#3452 =( LENGTH_UNIT ( ) NAMED_UNIT ( * ) SI_UNIT ( .MILLI., .METRE. ) );
#3453 = SURFACE_STYLE_FILL_AREA ( #4964 ) ;
#3454 = AXIS2_PLACEMENT_3D ( 'NONE', #6819, #8535, #7746 ) ;
#3455 =( LENGTH_UNIT ( ) NAMED_UNIT ( * ) SI_UNIT ( .MILLI., .METRE. ) );
#3456 = DIRECTION ( 'NONE',  ( -1.000000000000000000, -0.000000000000000000, -0.000000000000000000 ) ) ;
#3457 = CARTESIAN_POINT ( 'NONE',  ( 15.60000000000000320, 0.000000000000000000, 1.749999999999999778 ) ) ;
#3458 = CARTESIAN_POINT ( 'NONE',  ( 1.949999999999999956, -0.2175000000000000266, -0.2174999999999999989 ) ) ;
#3459 = ORIENTED_EDGE ( 'NONE', *, *, #5336, .T. ) ;
#3460 = DIRECTION ( 'NONE',  ( -1.000000000000000000, -0.000000000000000000, -0.000000000000000000 ) ) ;
#3461 = SURFACE_SIDE_STYLE ('',( #5078 ) ) ;
#3462 = EDGE_CURVE ( 'NONE', #5776, #5033, #5938, .T. ) ;
#3463 = CARTESIAN_POINT ( 'NONE',  ( 6.000000000000000000, 2.326828918379972351E-16, 0.000000000000000000 ) ) ;
#3464 = ORIENTED_EDGE ( 'NONE', *, *, #1426, .F. ) ;
#3465 = LINE ( 'NONE', #9829, #654 ) ;
#3466 = PRESENTATION_STYLE_ASSIGNMENT (( #8208 ) ) ;
#3467 = DIRECTION ( 'NONE',  ( -0.7456662065614397816, -2.326442708608981349E-15, 0.6663196743247735698 ) ) ;
#3468 = STYLED_ITEM ( 'NONE', ( #7635 ), #7025 ) ;
#3469 =( NAMED_UNIT ( * ) PLANE_ANGLE_UNIT ( ) SI_UNIT ( $, .RADIAN. ) );
#3470 = SURFACE_STYLE_FILL_AREA ( #222 ) ;
#3471 = CIRCLE ( 'NONE', #7638, 5.995482475482740270 ) ;
#3472 = ORIENTED_EDGE ( 'NONE', *, *, #3166, .T. ) ;
#3473 = UNCERTAINTY_MEASURE_WITH_UNIT (LENGTH_MEASURE( 1.000000000000000082E-05 ), #8897, 'distance_accuracy_value', 'NONE');
#3474 = ORIENTED_EDGE ( 'NONE', *, *, #788, .T. ) ;
#3475 = AXIS2_PLACEMENT_3D ( 'NONE', #1148, #4359, #6766 ) ;
#3476 = PRESENTATION_LAYER_ASSIGNMENT (  '', '', ( #8797 ) ) ;
#3477 = MECHANICAL_DESIGN_GEOMETRIC_PRESENTATION_REPRESENTATION (  '', ( #1629 ), #9321 ) ;
#3478 = FILL_AREA_STYLE ('',( #5036 ) ) ;
#3479 = DIRECTION ( 'NONE',  ( 0.000000000000000000, 0.000000000000000000, 1.000000000000000000 ) ) ;
#3480 = SURFACE_STYLE_USAGE ( .BOTH. , #6560 ) ;
#3481 = DIRECTION ( 'NONE',  ( 0.000000000000000000, -1.000000000000000000, 0.000000000000000000 ) ) ;
#3482 = SURFACE_STYLE_USAGE ( .BOTH. , #6045 ) ;
#3483 = DIRECTION ( 'NONE',  ( 0.6663196743247736809, 2.696405268330496226E-15, -0.7456662065614397816 ) ) ;
#3484 =( GEOMETRIC_REPRESENTATION_CONTEXT ( 3 ) GLOBAL_UNCERTAINTY_ASSIGNED_CONTEXT ( ( #5876 ) ) GLOBAL_UNIT_ASSIGNED_CONTEXT ( ( #436, #9979, #4519 ) ) REPRESENTATION_CONTEXT ( 'NONE', 'WORKASPACE' ) );
#3485 = CIRCLE ( 'NONE', #9488, 3.311827956989247479 ) ;
#3486 = ORIENTED_EDGE ( 'NONE', *, *, #4018, .T. ) ;
#3487 = FILL_AREA_STYLE_COLOUR ( '', #2497 ) ;
#3488 = PRESENTATION_STYLE_ASSIGNMENT (( #3381 ) ) ;
#3489 = UNCERTAINTY_MEASURE_WITH_UNIT (LENGTH_MEASURE( 1.000000000000000082E-05 ), #7786, 'distance_accuracy_value', 'NONE');
#3490 = ORIENTED_EDGE ( 'NONE', *, *, #6448, .F. ) ;
#3491 = ORIENTED_EDGE ( 'NONE', *, *, #3985, .T. ) ;
#3492 = FILL_AREA_STYLE ('',( #358 ) ) ;
#3493 = COLOUR_RGB ( '',0.7764705882352941346, 0.7568627450980391913, 0.7372549019607843590 ) ;
#3494 = COLOUR_RGB ( '',0.7764705882352941346, 0.7568627450980391913, 0.7372549019607843590 ) ;
#3495 =( LENGTH_UNIT ( ) NAMED_UNIT ( * ) SI_UNIT ( .MILLI., .METRE. ) );
#3496 = AXIS2_PLACEMENT_3D ( 'NONE', #4733, #119, #1627 ) ;
#3498 = LINE ( 'NONE', #6688, #6915 ) ;
#3497 = SURFACE_STYLE_USAGE ( .BOTH. , #295 ) ;
#3499 = DIRECTION ( 'NONE',  ( -1.000000000000000000, -0.000000000000000000, -0.000000000000000000 ) ) ;
#3500 = SURFACE_STYLE_FILL_AREA ( #8239 ) ;
#3501 = FILL_AREA_STYLE ('',( #5670 ) ) ;
#3502 = LINE ( 'NONE', #6636, #5391 ) ;
#3503 = LINE ( 'NONE', #5672, #5143 ) ;
#3504 = CIRCLE ( 'NONE', #7664, 3.500000000000000000 ) ;
#3505 = DIRECTION ( 'NONE',  ( -1.000000000000000000, -0.000000000000000000, -0.000000000000000000 ) ) ;
#3506 = PRODUCT_DEFINITION_CONTEXT ( 'detailed design', #2111, 'design' ) ;
#3507 = PRODUCT_RELATED_PRODUCT_CATEGORY ( 'part', '', ( #9103 ) ) ;
#3508 = ADVANCED_FACE ( 'NONE', ( #5425 ), #2431, .T. ) ;
#3509 = UNCERTAINTY_MEASURE_WITH_UNIT (LENGTH_MEASURE( 1.000000000000000082E-05 ), #6867, 'distance_accuracy_value', 'NONE');
#3510 = ORIENTED_EDGE ( 'NONE', *, *, #8539, .T. ) ;
#3511 = PRESENTATION_STYLE_ASSIGNMENT (( #7580 ) ) ;
#3512 = CARTESIAN_POINT ( 'NONE',  ( 4.309938594911940868, -1.891316923914901471, 0.000000000000000000 ) ) ;
#3513 = SURFACE_STYLE_FILL_AREA ( #540 ) ;
#3514 = VECTOR ( 'NONE', #5298, 1000.000000000000000 ) ;
#3515 = VECTOR ( 'NONE', #3392, 999.9999999999998863 ) ;
#3516 = SURFACE_STYLE_USAGE ( .BOTH. , #7481 ) ;
#3517 = PRESENTATION_LAYER_ASSIGNMENT (  '', '', ( #6866 ) ) ;
#3518 = DIRECTION ( 'NONE',  ( 0.000000000000000000, 1.000000000000000000, 1.224646799147353207E-16 ) ) ;
#3519 = ADVANCED_FACE ( 'NONE', ( #1460 ), #9602, .T. ) ;
#3520 = AXIS2_PLACEMENT_3D ( 'NONE', #6025, #6813, #6871 ) ;
#3521 = PRESENTATION_STYLE_ASSIGNMENT (( #8988 ) ) ;
#3522 = DIRECTION ( 'NONE',  ( 0.000000000000000000, 1.000000000000000000, 0.000000000000000000 ) ) ;
#3523 = ORIENTED_EDGE ( 'NONE', *, *, #4475, .T. ) ;
#3524 = MECHANICAL_DESIGN_GEOMETRIC_PRESENTATION_REPRESENTATION (  '', ( #10195 ), #10025 ) ;
#3525 =( NAMED_UNIT ( * ) SI_UNIT ( $, .STERADIAN. ) SOLID_ANGLE_UNIT ( ) );
#3526 = DIRECTION ( 'NONE',  ( -0.1108510534444137469, 2.096348086633972484E-17, 0.9938370308809506559 ) ) ;
#3527 = DIRECTION ( 'NONE',  ( 0.000000000000000000, 0.000000000000000000, 1.000000000000000000 ) ) ;
#3528 = MECHANICAL_DESIGN_GEOMETRIC_PRESENTATION_REPRESENTATION (  '', ( #533 ), #1676 ) ;
#3529 = ORIENTED_EDGE ( 'NONE', *, *, #4808, .T. ) ;
#3530 = EDGE_CURVE ( 'NONE', #5356, #2236, #4910, .T. ) ;
#3531 = CIRCLE ( 'NONE', #383, 5.995482475482740270 ) ;
#3532 = CIRCLE ( 'NONE', #4213, 5.437518987584765817 ) ;
#3533 = SURFACE_STYLE_FILL_AREA ( #9322 ) ;
#3534 = DIRECTION ( 'NONE',  ( 0.000000000000000000, -1.224646799147354193E-16, 1.000000000000000000 ) ) ;
#3535 = ORIENTED_EDGE ( 'NONE', *, *, #234, .F. ) ;
#3536 = DIRECTION ( 'NONE',  ( -0.7456662065614396706, 0.6663196743247736809, 0.000000000000000000 ) ) ;
#3537 = APPLICATION_CONTEXT ( 'automotive_design' ) ;
#3538 = DIRECTION ( 'NONE',  ( 0.6663196743247736809, -2.603479645215216163E-15, 0.7456662065614397816 ) ) ;
#3539 = DIRECTION ( 'NONE',  ( 0.9938370308809507669, -0.1108510534444137746, 0.000000000000000000 ) ) ;
#3540 = FILL_AREA_STYLE ('',( #7612 ) ) ;
#3541 = VECTOR ( 'NONE', #7242, 1000.000000000000000 ) ;
#3542 = STYLED_ITEM ( 'NONE', ( #4075 ), #9509 ) ;
#3543 = CARTESIAN_POINT ( 'NONE',  ( 2.193400286944045430, -0.1903515064562409931, -2.309278636184418912E-16 ) ) ;
#3544 = DIRECTION ( 'NONE',  ( 0.7431005017819711789, -0.6640269868487613802, -0.08288428673721992546 ) ) ;
#3545 =( GEOMETRIC_REPRESENTATION_CONTEXT ( 3 ) GLOBAL_UNCERTAINTY_ASSIGNED_CONTEXT ( ( #5769 ) ) GLOBAL_UNIT_ASSIGNED_CONTEXT ( ( #4189, #5957, #7412 ) ) REPRESENTATION_CONTEXT ( 'NONE', 'WORKASPACE' ) );
#3546 = ORIENTED_EDGE ( 'NONE', *, *, #8793, .T. ) ;
#3547 = LINE ( 'NONE', #518, #8019 ) ;
#3548 = ADVANCED_FACE ( 'NONE', ( #2591 ), #2641, .T. ) ;
#3549 = ORIENTED_EDGE ( 'NONE', *, *, #7235, .T. ) ;
#3550 = ORIENTED_EDGE ( 'NONE', *, *, #2996, .T. ) ;
#3551 = AXIS2_PLACEMENT_3D ( 'NONE', #9922, #1200, #8408 ) ;
#3552 = MECHANICAL_DESIGN_GEOMETRIC_PRESENTATION_REPRESENTATION (  '', ( #203 ), #6540 ) ;
#3553 = DIRECTION ( 'NONE',  ( -1.000000000000000000, -0.000000000000000000, -0.000000000000000000 ) ) ;
#3554 = CIRCLE ( 'NONE', #2120, 3.311827956989247479 ) ;
#3555 = COLOUR_RGB ( '',0.7764705882352941346, 0.7568627450980391913, 0.7372549019607843590 ) ;
#3556 = SURFACE_STYLE_FILL_AREA ( #4455 ) ;
#3557 = LINE ( 'NONE', #9703, #9700 ) ;
#3558 = FILL_AREA_STYLE_COLOUR ( '', #1592 ) ;
#3559 = CIRCLE ( 'NONE', #5206, 5.437518987584765817 ) ;
#3560 = AXIS2_PLACEMENT_3D ( 'NONE', #6985, #9380, #6184 ) ;
#3561 = CARTESIAN_POINT ( 'NONE',  ( 1.949999999999999956, -0.2175000000000000266, -0.2174999999999999711 ) ) ;
#3562 = APPLICATION_PROTOCOL_DEFINITION ( 'draft international standard', 'automotive_design', 1998, #3606 ) ;
#3563 =( GEOMETRIC_REPRESENTATION_CONTEXT ( 3 ) GLOBAL_UNCERTAINTY_ASSIGNED_CONTEXT ( ( #10300 ) ) GLOBAL_UNIT_ASSIGNED_CONTEXT ( ( #4120, #9170, #1893 ) ) REPRESENTATION_CONTEXT ( 'NONE', 'WORKASPACE' ) );
#3564 = ORIENTED_EDGE ( 'NONE', *, *, #9167, .F. ) ;
#3565 = DIRECTION ( 'NONE',  ( -0.000000000000000000, 0.000000000000000000, 1.000000000000000000 ) ) ;
#3566 = COLOUR_RGB ( '',0.7764705882352941346, 0.7568627450980391913, 0.7372549019607843590 ) ;
#3567 = CIRCLE ( 'NONE', #9406, 3.500000000000000444 ) ;
#3568 = ORIENTED_EDGE ( 'NONE', *, *, #5285, .F. ) ;
#3569 = PRESENTATION_STYLE_ASSIGNMENT (( #3619 ) ) ;
#3570 = EDGE_CURVE ( 'NONE', #3986, #9381, #4244, .T. ) ;
#3571 = FILL_AREA_STYLE_COLOUR ( '', #8233 ) ;
#3572 = SURFACE_STYLE_USAGE ( .BOTH. , #2936 ) ;
#3573 = EDGE_LOOP ( 'NONE', ( #1396, #8229, #10191, #3649 ) ) ;
#3574 = CIRCLE ( 'NONE', #6077, 5.437518987584765817 ) ;
#3575 = PRESENTATION_LAYER_ASSIGNMENT (  '', '', ( #3211 ) ) ;
#3576 = CARTESIAN_POINT ( 'NONE',  ( 1.949999999999999956, 0.2175000000000007483, -0.2174999999999992772 ) ) ;
#3577 = COLOUR_RGB ( '',0.7764705882352941346, 0.7568627450980391913, 0.7372549019607843590 ) ;
#3578 = VERTEX_POINT ( 'NONE', #7257 ) ;
#3579 = SURFACE_STYLE_USAGE ( .BOTH. , #3461 ) ;
#3580 = CARTESIAN_POINT ( 'NONE',  ( 2.193400286944045430, 4.336808689942017736E-16, 0.1903515064562409931 ) ) ;
#3581 = EDGE_LOOP ( 'NONE', ( #1562, #7470, #8445 ) ) ;
#3582 = STYLED_ITEM ( 'NONE', ( #72 ), #8418 ) ;
#3583 = STYLED_ITEM ( 'NONE', ( #3176 ), #3724 ) ;
#3584 = ADVANCED_FACE ( 'NONE', ( #250 ), #4136, .T. ) ;
#3585 = CARTESIAN_POINT ( 'NONE',  ( 5.974195292295553905, 0.2313525518329656860, 8.370432990360215258E-16 ) ) ;
#3586 = DIRECTION ( 'NONE',  ( 0.000000000000000000, 1.224646799147353207E-16, -1.000000000000000000 ) ) ;
#3587 = SURFACE_SIDE_STYLE ('',( #9110 ) ) ;
#3588 = ORIENTED_EDGE ( 'NONE', *, *, #7728, .T. ) ;
#3589 = UNCERTAINTY_MEASURE_WITH_UNIT (LENGTH_MEASURE( 1.000000000000000082E-05 ), #8900, 'distance_accuracy_value', 'NONE');
#3590 = PRESENTATION_LAYER_ASSIGNMENT (  '', '', ( #7916 ) ) ;
#3591 = AXIS2_PLACEMENT_3D ( 'NONE', #658, #3841, #7021 ) ;
#3592 = FILL_AREA_STYLE_COLOUR ( '', #4570 ) ;
#3593 = ADVANCED_FACE ( 'NONE', ( #6909 ), #5312, .F. ) ;
#3594 = CARTESIAN_POINT ( 'NONE',  ( 0.2666411873824114376, -0.4052592521765708278, -1.721732169736487128 ) ) ;
#3595 = CYLINDRICAL_SURFACE ( 'NONE', #6938, 1.749999999999999778 ) ;
#3596 = LINE ( 'NONE', #6578, #982 ) ;
#3597 = PLANE ( 'NONE',  #7032 ) ;
#3598 = PRESENTATION_LAYER_ASSIGNMENT (  '', '', ( #5560 ) ) ;
#3599 = DIRECTION ( 'NONE',  ( 0.000000000000000000, 0.000000000000000000, 1.000000000000000000 ) ) ;
#3600 =( NAMED_UNIT ( * ) PLANE_ANGLE_UNIT ( ) SI_UNIT ( $, .RADIAN. ) );
#3601 = ORIENTED_EDGE ( 'NONE', *, *, #10003, .T. ) ;
#3602 = UNCERTAINTY_MEASURE_WITH_UNIT (LENGTH_MEASURE( 1.000000000000000082E-05 ), #6303, 'distance_accuracy_value', 'NONE');
#3603 = ORIENTED_EDGE ( 'NONE', *, *, #10110, .F. ) ;
#3604 = EDGE_LOOP ( 'NONE', ( #8148, #5373, #217, #1722, #1514 ) ) ;
#3605 = COLOUR_RGB ( '',0.7764705882352941346, 0.7568627450980391913, 0.7372549019607843590 ) ;
#3606 = APPLICATION_CONTEXT ( 'automotive_design' ) ;
#3607 =( NAMED_UNIT ( * ) PLANE_ANGLE_UNIT ( ) SI_UNIT ( $, .RADIAN. ) );
#3608 = PRESENTATION_STYLE_ASSIGNMENT (( #10013 ) ) ;
#3609 = EDGE_CURVE ( 'NONE', #4328, #1360, #5158, .T. ) ;
#3610 = DIRECTION ( 'NONE',  ( 0.7456662065614397816, 0.6663196743247735698, 0.000000000000000000 ) ) ;
#3611 = DIRECTION ( 'NONE',  ( 0.000000000000000000, 0.000000000000000000, -1.000000000000000000 ) ) ;
#3612 = PRESENTATION_STYLE_ASSIGNMENT (( #10130 ) ) ;
#3613 = COLOUR_RGB ( '',0.7764705882352941346, 0.7568627450980391913, 0.7372549019607843590 ) ;
#3614 = DIRECTION ( 'NONE',  ( -0.1108510534444137469, 2.096348086633972484E-17, 0.9938370308809506559 ) ) ;
#3615 = PRODUCT_CONTEXT ( 'NONE', #1045, 'mechanical' ) ;
#3616 = VERTEX_POINT ( 'NONE', #3773 ) ;
#3617 =( LENGTH_UNIT ( ) NAMED_UNIT ( * ) SI_UNIT ( .MILLI., .METRE. ) );
#3618 = CIRCLE ( 'NONE', #6117, 5.995482475482741158 ) ;
#3619 = SURFACE_STYLE_USAGE ( .BOTH. , #7582 ) ;
#3620 = SURFACE_STYLE_FILL_AREA ( #8354 ) ;
#3621 = CARTESIAN_POINT ( 'NONE',  ( 2.193400286944045430, 0.1903515064562410486, 2.309278636184420884E-16 ) ) ;
#3622 = SURFACE_SIDE_STYLE ('',( #9925 ) ) ;
#3623 = DIRECTION ( 'NONE',  ( -1.000000000000000000, -0.000000000000000000, -0.000000000000000000 ) ) ;
#3624 = ORIENTED_EDGE ( 'NONE', *, *, #729, .T. ) ;
#3625 = STYLED_ITEM ( 'NONE', ( #8607 ), #4047 ) ;
#3626 = DIRECTION ( 'NONE',  ( 0.000000000000000000, 0.000000000000000000, 1.000000000000000000 ) ) ;
#3627 = ORIENTED_EDGE ( 'NONE', *, *, #10210, .T. ) ;
#3628 = CARTESIAN_POINT ( 'NONE',  ( 1.949999999999999956, 0.2175000000000001377, 0.2174999999999999711 ) ) ;
#3629 = ORIENTED_EDGE ( 'NONE', *, *, #7443, .T. ) ;
#3630 =( NAMED_UNIT ( * ) SI_UNIT ( $, .STERADIAN. ) SOLID_ANGLE_UNIT ( ) );
#3631 = DIRECTION ( 'NONE',  ( 0.000000000000000000, 1.000000000000000000, 6.231046968307495628E-17 ) ) ;
#3632 = CLOSED_SHELL ( 'NONE', ( #5047, #7565, #1086, #2245, #9377, #3584, #305, #6269, #3296, #7742, #4047, #3831, #6204, #2415, #5223, #1323, #4375, #7355, #9933, #6579, #8578, #10198, #9768 ) ) ;
#3633 = ADVANCED_FACE ( 'NONE', ( #1354 ), #1296, .T. ) ;
#3634 = EDGE_CURVE ( 'NONE', #4181, #1438, #9765, .T. ) ;
#3635 = CARTESIAN_POINT ( 'NONE',  ( 5.974195292295553905, 0.2313525518329656860, 8.370432990360215258E-16 ) ) ;
#3636 = ORIENTED_EDGE ( 'NONE', *, *, #1465, .T. ) ;
#3637 = SURFACE_STYLE_USAGE ( .BOTH. , #1229 ) ;
#3638 = STYLED_ITEM ( 'NONE', ( #7795 ), #105 ) ;
#3639 = CARTESIAN_POINT ( 'NONE',  ( 18.60000000000000142, 0.000000000000000000, 0.000000000000000000 ) ) ;
#3640 = CARTESIAN_POINT ( 'NONE',  ( 5.974195292295553905, 2.619630734554813543E-16, -0.2313525518329656583 ) ) ;
#3641 = SPHERICAL_SURFACE ( 'NONE', #3210, 6.000000000000000000 ) ;
#3642 = LINE ( 'NONE', #9062, #6274 ) ;
#3643 = VERTEX_POINT ( 'NONE', #9589 ) ;
#3644 = ORIENTED_EDGE ( 'NONE', *, *, #4498, .F. ) ;
#3645 = EDGE_CURVE ( 'NONE', #7060, #8709, #5420, .T. ) ;
#3646 = ORIENTED_EDGE ( 'NONE', *, *, #4655, .T. ) ;
#3647 = CARTESIAN_POINT ( 'NONE',  ( 0.000000000000000000, 0.000000000000000000, -48.00000000000000000 ) ) ;
#3648 = CARTESIAN_POINT ( 'NONE',  ( 6.000000000000000000, 2.326828918379972351E-16, 0.000000000000000000 ) ) ;
#3649 = ORIENTED_EDGE ( 'NONE', *, *, #4099, .F. ) ;
#3650 = PLANE ( 'NONE',  #9869 ) ;
#3651 = CARTESIAN_POINT ( 'NONE',  ( 0.2666411873824114376, 1.721732169736486240, -0.4052592521765773226 ) ) ;
#3652 = CARTESIAN_POINT ( 'NONE',  ( 2.599999999999998312, 0.000000000000000000, 1.749999999999999778 ) ) ;
#3653 = CARTESIAN_POINT ( 'NONE',  ( 1.949999999999999956, -0.2175000000000000266, -0.2174999999999999711 ) ) ;
#3654 = SURFACE_SIDE_STYLE ('',( #9402 ) ) ;
#3655 = CARTESIAN_POINT ( 'NONE',  ( 4.309938594911940868, -1.891316923914901471, 0.000000000000000000 ) ) ;
#3656 = DIRECTION ( 'NONE',  ( 0.6663196743247735698, -0.7456662065614397816, -9.292562311528023527E-17 ) ) ;
#3657 = SURFACE_STYLE_FILL_AREA ( #8403 ) ;
#3658 = EDGE_CURVE ( 'NONE', #7454, #5522, #7270, .T. ) ;
#3659 = COLOUR_RGB ( '',0.7764705882352941346, 0.7568627450980391913, 0.7372549019607843590 ) ;
#3660 = ORIENTED_EDGE ( 'NONE', *, *, #6016, .T. ) ;
#3661 = PRESENTATION_LAYER_ASSIGNMENT (  '', '', ( #667 ) ) ;
#3662 = CARTESIAN_POINT ( 'NONE',  ( -25.39999999999996305, 2.143131898507868051E-16, -1.749999999999999778 ) ) ;
#3663 = ORIENTED_EDGE ( 'NONE', *, *, #705, .F. ) ;
#3664 = FILL_AREA_STYLE_COLOUR ( '', #9025 ) ;
#3665 = AXIS2_PLACEMENT_3D ( 'NONE', #9554, #7935, #8818 ) ;
#3666 = CARTESIAN_POINT ( 'NONE',  ( -25.39999999999996305, 0.000000000000000000, 1.749999999999999778 ) ) ;
#3667 =( GEOMETRIC_REPRESENTATION_CONTEXT ( 3 ) GLOBAL_UNCERTAINTY_ASSIGNED_CONTEXT ( ( #676 ) ) GLOBAL_UNIT_ASSIGNED_CONTEXT ( ( #10284, #10330, #9540 ) ) REPRESENTATION_CONTEXT ( 'NONE', 'WORKASPACE' ) );
#3668 = PLANE ( 'NONE',  #8379 ) ;
#3669 = ORIENTED_EDGE ( 'NONE', *, *, #5716, .T. ) ;
#3670 =( GEOMETRIC_REPRESENTATION_CONTEXT ( 3 ) GLOBAL_UNCERTAINTY_ASSIGNED_CONTEXT ( ( #3265 ) ) GLOBAL_UNIT_ASSIGNED_CONTEXT ( ( #4308, #7383, #3525 ) ) REPRESENTATION_CONTEXT ( 'NONE', 'WORKASPACE' ) );
#3671 = DIRECTION ( 'NONE',  ( 0.7431005017819711789, -0.6640269868487613802, -0.08288428673721992546 ) ) ;
#3672 = DIRECTION ( 'NONE',  ( 0.000000000000000000, 0.000000000000000000, 1.000000000000000000 ) ) ;
#3673 = ADVANCED_FACE ( 'NONE', ( #10328, #35 ), #10174, .F. ) ;
#3674 = CIRCLE ( 'NONE', #7987, 3.500000000000000000 ) ;
#3675 =( NAMED_UNIT ( * ) PLANE_ANGLE_UNIT ( ) SI_UNIT ( $, .RADIAN. ) );
#3676 = AXIS2_PLACEMENT_3D ( 'NONE', #7361, #2589, #1808 ) ;
#3677 = EDGE_LOOP ( 'NONE', ( #8214, #9037, #10270, #4276, #9099, #9674, #2449, #5568, #9790, #5451, #3646 ) ) ;
#3678 = DIRECTION ( 'NONE',  ( 0.000000000000000000, 0.000000000000000000, 1.000000000000000000 ) ) ;
#3679 = FILL_AREA_STYLE ('',( #615 ) ) ;
#3680 = CIRCLE ( 'NONE', #7836, 5.437518987584765817 ) ;
#3681 =( NAMED_UNIT ( * ) PLANE_ANGLE_UNIT ( ) SI_UNIT ( $, .RADIAN. ) );
#3682 = VECTOR ( 'NONE', #2307, 1000.000000000000000 ) ;
#3683 = DIRECTION ( 'NONE',  ( -0.7456662065614396706, 0.6663196743247736809, 0.000000000000000000 ) ) ;
#3684 = DIRECTION ( 'NONE',  ( -0.000000000000000000, 0.000000000000000000, 1.000000000000000000 ) ) ;
#3685 = CIRCLE ( 'NONE', #6497, 3.500000000000000444 ) ;
#3686 = UNCERTAINTY_MEASURE_WITH_UNIT (LENGTH_MEASURE( 1.000000000000000082E-05 ), #1842, 'distance_accuracy_value', 'NONE');
#3687 = CARTESIAN_POINT ( 'NONE',  ( 0.2553644383338094515, 1.731808957027352269, 0.000000000000000000 ) ) ;
#3688 = FILL_AREA_STYLE ('',( #506 ) ) ;
#3689 = ORIENTED_EDGE ( 'NONE', *, *, #5210, .T. ) ;
#3690 = STYLED_ITEM ( 'NONE', ( #9975 ), #8844 ) ;
#3691 = VECTOR ( 'NONE', #5393, 1000.000000000000000 ) ;
#3692 = CIRCLE ( 'NONE', #5011, 5.995482475482740270 ) ;
#3693 = DIRECTION ( 'NONE',  ( 0.7456662065614397816, -2.326442708608981349E-15, 0.6663196743247735698 ) ) ;
#3694 = SURFACE_SIDE_STYLE ('',( #6733 ) ) ;
#3695 =( NAMED_UNIT ( * ) SI_UNIT ( $, .STERADIAN. ) SOLID_ANGLE_UNIT ( ) );
#3696 = EDGE_CURVE ( 'NONE', #9659, #8912, #7054, .T. ) ;
#3697 =( NAMED_UNIT ( * ) PLANE_ANGLE_UNIT ( ) SI_UNIT ( $, .RADIAN. ) );
#3698 =( NAMED_UNIT ( * ) SI_UNIT ( $, .STERADIAN. ) SOLID_ANGLE_UNIT ( ) );
#3699 = CARTESIAN_POINT ( 'NONE',  ( -25.39999999999996305, 2.143131898507868051E-16, -1.749999999999999778 ) ) ;
#3700 = EDGE_CURVE ( 'NONE', #170, #6116, #1544, .T. ) ;
#3701 = AXIS2_PLACEMENT_3D ( 'NONE', #10295, #3126, #6317 ) ;
#3702 = EDGE_LOOP ( 'NONE', ( #1933, #580, #8101 ) ) ;
#3703 = FILL_AREA_STYLE_COLOUR ( '', #7179 ) ;
#3704 =( NAMED_UNIT ( * ) SI_UNIT ( $, .STERADIAN. ) SOLID_ANGLE_UNIT ( ) );
#3705 = PRESENTATION_LAYER_ASSIGNMENT (  '', '', ( #16 ) ) ;
#3706 = UNCERTAINTY_MEASURE_WITH_UNIT (LENGTH_MEASURE( 1.000000000000000082E-05 ), #8895, 'distance_accuracy_value', 'NONE');
#3707 = ORIENTED_EDGE ( 'NONE', *, *, #7367, .T. ) ;
#3708 = ORIENTED_EDGE ( 'NONE', *, *, #2939, .F. ) ;
#3709 =( GEOMETRIC_REPRESENTATION_CONTEXT ( 3 ) GLOBAL_UNCERTAINTY_ASSIGNED_CONTEXT ( ( #2840 ) ) GLOBAL_UNIT_ASSIGNED_CONTEXT ( ( #6950, #4007, #2508 ) ) REPRESENTATION_CONTEXT ( 'NONE', 'WORKASPACE' ) );
#3710 = EDGE_LOOP ( 'NONE', ( #2593, #3660, #2783, #2718 ) ) ;
#3711 = PRESENTATION_STYLE_ASSIGNMENT (( #526 ) ) ;
#3712 = COLOUR_RGB ( '',0.7764705882352941346, 0.7568627450980391913, 0.7372549019607843590 ) ;
#3713 = AXIS2_PLACEMENT_3D ( 'NONE', #3983, #8086, #927 ) ;
#3714 = PLANE ( 'NONE',  #3902 ) ;
#3715 = EDGE_CURVE ( 'NONE', #1548, #7060, #6429, .T. ) ;
#3716 = FILL_AREA_STYLE_COLOUR ( '', #6222 ) ;
#3717 = PLANE ( 'NONE',  #9495 ) ;
#3718 = AXIS2_PLACEMENT_3D ( 'NONE', #9808, #6911, #4610 ) ;
#3719 = PRESENTATION_LAYER_ASSIGNMENT (  '', '', ( #9215 ) ) ;
#3720 = CIRCLE ( 'NONE', #5875, 3.500000000000000000 ) ;
#3721 = UNCERTAINTY_MEASURE_WITH_UNIT (LENGTH_MEASURE( 1.000000000000000082E-05 ), #1206, 'distance_accuracy_value', 'NONE');
#3722 = ORIENTED_EDGE ( 'NONE', *, *, #1578, .F. ) ;
#3723 = FILL_AREA_STYLE ('',( #2977 ) ) ;
#3724 = ADVANCED_BREP_SHAPE_REPRESENTATION ( '', ( #8683, #5069 ), #2055 ) ;
#3725 = COLOUR_RGB ( '',0.7764705882352941346, 0.7568627450980391913, 0.7372549019607843590 ) ;
#3726 = AXIS2_PLACEMENT_3D ( 'NONE', #4938, #5133, #1935 ) ;
#3727 = CYLINDRICAL_SURFACE ( 'NONE', #7165, 1.749999999999999778 ) ;
#3728 = LINE ( 'NONE', #485, #5678 ) ;
#3729 = FILL_AREA_STYLE ('',( #9362 ) ) ;
#3730 = EDGE_CURVE ( 'NONE', #7621, #2278, #817, .T. ) ;
#3731 =( NAMED_UNIT ( * ) SI_UNIT ( $, .STERADIAN. ) SOLID_ANGLE_UNIT ( ) );
#3732 = ORIENTED_EDGE ( 'NONE', *, *, #1887, .F. ) ;
#3733 = PRESENTATION_LAYER_ASSIGNMENT (  '', '', ( #9229 ) ) ;
#3734 = VERTEX_POINT ( 'NONE', #9403 ) ;
#3735 = CARTESIAN_POINT ( 'NONE',  ( 0.2666411873824114376, -1.721732169736485796, 0.4052592521765768785 ) ) ;
#3736 = DIRECTION ( 'NONE',  ( 0.000000000000000000, 0.000000000000000000, 1.000000000000000000 ) ) ;
#3737 = COLOUR_RGB ( '',0.7764705882352941346, 0.7568627450980391913, 0.7372549019607843590 ) ;
#3738 = EDGE_LOOP ( 'NONE', ( #3510, #8669, #648 ) ) ;
#3739 = CARTESIAN_POINT ( 'NONE',  ( 4.309938594911940868, -6.606512545546451519E-15, 1.891316923914901693 ) ) ;
#3740 = EDGE_CURVE ( 'NONE', #8496, #5006, #4609, .T. ) ;
#3741 = STYLED_ITEM ( 'NONE', ( #3419 ), #8099 ) ;
#3742 = AXIS2_PLACEMENT_3D ( 'NONE', #482, #9200, #10027 ) ;
#3743 = SURFACE_STYLE_FILL_AREA ( #4582 ) ;
#3744 = SURFACE_STYLE_FILL_AREA ( #5335 ) ;
#3745 = APPLICATION_CONTEXT ( 'automotive_design' ) ;
#3746 = ORIENTED_EDGE ( 'NONE', *, *, #9009, .F. ) ;
#3747 = MECHANICAL_DESIGN_GEOMETRIC_PRESENTATION_REPRESENTATION (  '', ( #1725 ), #8737 ) ;
#3748 = STYLED_ITEM ( 'NONE', ( #3186 ), #10271 ) ;
#3749 = SPHERICAL_SURFACE ( 'NONE', #1533, 6.000000000000000000 ) ;
#3750 = DIRECTION ( 'NONE',  ( -1.000000000000000000, -0.000000000000000000, -0.000000000000000000 ) ) ;
#3751 = FACE_BOUND ( 'NONE', #6754, .T. ) ;
#3752 = SURFACE_SIDE_STYLE ('',( #4635 ) ) ;
#3753 = DIRECTION ( 'NONE',  ( 0.7456662065614395596, 0.000000000000000000, -0.6663196743247737919 ) ) ;
#3754 = CARTESIAN_POINT ( 'NONE',  ( 1.347043950347265318, 0.000000000000000000, 0.000000000000000000 ) ) ;
#3755 = DIRECTION ( 'NONE',  ( -1.000000000000000000, -0.000000000000000000, -0.000000000000000000 ) ) ;
#3756 = DIRECTION ( 'NONE',  ( -0.9877866216249070463, 0.1101762001043161965, 0.1101762001043165434 ) ) ;
#3757 = SURFACE_STYLE_USAGE ( .BOTH. , #2905 ) ;
#3758 = VECTOR ( 'NONE', #7536, 1000.000000000000000 ) ;
#3759 = COLOUR_RGB ( '',0.7764705882352941346, 0.7568627450980391913, 0.7372549019607843590 ) ;
#3760 = ORIENTED_EDGE ( 'NONE', *, *, #2548, .T. ) ;
#3761 = SURFACE_STYLE_FILL_AREA ( #573 ) ;
#3762 = VERTEX_POINT ( 'NONE', #6259 ) ;
#3763 = ORIENTED_EDGE ( 'NONE', *, *, #10210, .F. ) ;
#3764 = EDGE_CURVE ( 'NONE', #6976, #689, #2586, .T. ) ;
#3765 = CIRCLE ( 'NONE', #1252, 5.995482475482741158 ) ;
#3766 = ORIENTED_EDGE ( 'NONE', *, *, #6851, .F. ) ;
#3767 =( NAMED_UNIT ( * ) PLANE_ANGLE_UNIT ( ) SI_UNIT ( $, .RADIAN. ) );
#3768 =( GEOMETRIC_REPRESENTATION_CONTEXT ( 3 ) GLOBAL_UNCERTAINTY_ASSIGNED_CONTEXT ( ( #9338 ) ) GLOBAL_UNIT_ASSIGNED_CONTEXT ( ( #8470, #499, #2889 ) ) REPRESENTATION_CONTEXT ( 'NONE', 'WORKASPACE' ) );
#3769 = CARTESIAN_POINT ( 'NONE',  ( 6.000000000000000000, 2.326828918379972351E-16, 0.000000000000000000 ) ) ;
#3770 =( NAMED_UNIT ( * ) SI_UNIT ( $, .STERADIAN. ) SOLID_ANGLE_UNIT ( ) );
#3771 = DIRECTION ( 'NONE',  ( -1.000000000000000000, -0.000000000000000000, -0.000000000000000000 ) ) ;
#3772 = CARTESIAN_POINT ( 'NONE',  ( 2.193400286944045430, 0.1903515064562410486, 2.309278636184420884E-16 ) ) ;
#3773 = CARTESIAN_POINT ( 'NONE',  ( 0.9968214519863044520, 3.311827956989247479, 0.000000000000000000 ) ) ;
#3774 = DIRECTION ( 'NONE',  ( 0.9938370308809507669, -0.1108510534444137746, 0.000000000000000000 ) ) ;
#3775 = SURFACE_STYLE_FILL_AREA ( #1961 ) ;
#3776 = COLOUR_RGB ( '',0.7764705882352941346, 0.7568627450980391913, 0.7372549019607843590 ) ;
#3777 = CIRCLE ( 'NONE', #5832, 1.749999999999999778 ) ;
#3778 = ORIENTED_EDGE ( 'NONE', *, *, #8668, .T. ) ;
#3779 = MECHANICAL_DESIGN_GEOMETRIC_PRESENTATION_REPRESENTATION (  '', ( #8228 ), #8738 ) ;
#3780 = ORIENTED_EDGE ( 'NONE', *, *, #8914, .F. ) ;
#3781 = EDGE_CURVE ( 'NONE', #5279, #1909, #3070, .T. ) ;
#3782 = EDGE_CURVE ( 'NONE', #8956, #3616, #263, .T. ) ;
#3783 = SURFACE_STYLE_FILL_AREA ( #598 ) ;
#3784 = AXIS2_PLACEMENT_3D ( 'NONE', #8506, #2757, #2174 ) ;
#3785 = FILL_AREA_STYLE_COLOUR ( '', #8330 ) ;
#3786 = SURFACE_STYLE_FILL_AREA ( #2983 ) ;
#3787 =( LENGTH_UNIT ( ) NAMED_UNIT ( * ) SI_UNIT ( .MILLI., .METRE. ) );
#3788 =( NAMED_UNIT ( * ) PLANE_ANGLE_UNIT ( ) SI_UNIT ( $, .RADIAN. ) );
#3789 = CARTESIAN_POINT ( 'NONE',  ( 6.000000000000000000, 2.326828918379972351E-16, 0.000000000000000000 ) ) ;
#3790 = VERTEX_POINT ( 'NONE', #5552 ) ;
#3791 = FILL_AREA_STYLE ('',( #2026 ) ) ;
#3792 = STYLED_ITEM ( 'NONE', ( #963 ), #3832 ) ;
#3793 = EDGE_CURVE ( 'NONE', #1926, #8469, #3618, .T. ) ;
#3794 = SURFACE_STYLE_USAGE ( .BOTH. , #4575 ) ;
#3795 = CARTESIAN_POINT ( 'NONE',  ( 1.949999999999999956, 0.2175000000000001377, 0.2174999999999999711 ) ) ;
#3796 = FILL_AREA_STYLE_COLOUR ( '', #6233 ) ;
#3797 = PRODUCT_DEFINITION_SHAPE ( 'NONE', 'NONE',  #10343 ) ;
#3798 = CARTESIAN_POINT ( 'NONE',  ( 5.974195292295553905, -0.2313525518329657138, -8.028830871489587498E-16 ) ) ;
#3799 = SURFACE_STYLE_FILL_AREA ( #5390 ) ;
#3800 = FACE_OUTER_BOUND ( 'NONE', #215, .T. ) ;
#3801 = DIRECTION ( 'NONE',  ( 0.6663196743247736809, -0.7456662065614397816, -9.292562311528023527E-17 ) ) ;
#3802 = EDGE_CURVE ( 'NONE', #6976, #5148, #9107, .T. ) ;
#3803 = SHAPE_REPRESENTATION ( 'M3.5 x 16 Screw head', ( #5069 ), #899 ) ;
#3804 = DIRECTION ( 'NONE',  ( -1.000000000000000000, -0.000000000000000000, -0.000000000000000000 ) ) ;
#3805 = ORIENTED_EDGE ( 'NONE', *, *, #7488, .F. ) ;
#3806 = FILL_AREA_STYLE ('',( #5291 ) ) ;
#3807 = CIRCLE ( 'NONE', #4130, 3.311827956989247479 ) ;
#3808 = FILL_AREA_STYLE ('',( #2952 ) ) ;
#3809 =( NAMED_UNIT ( * ) SI_UNIT ( $, .STERADIAN. ) SOLID_ANGLE_UNIT ( ) );
#3810 = DIRECTION ( 'NONE',  ( 0.9938370308809506559, 0.000000000000000000, 0.1108510534444137469 ) ) ;
#3811 = ORIENTED_EDGE ( 'NONE', *, *, #3061, .F. ) ;
#3812 = UNCERTAINTY_MEASURE_WITH_UNIT (LENGTH_MEASURE( 1.000000000000000082E-05 ), #1652, 'distance_accuracy_value', 'NONE');
#3813 = EDGE_LOOP ( 'NONE', ( #521, #5361, #7577 ) ) ;
#3814 = PRODUCT_DEFINITION_CONTEXT ( 'detailed design', #7465, 'design' ) ;
#3815 = ORIENTED_EDGE ( 'NONE', *, *, #2428, .T. ) ;
#3816 = DIRECTION ( 'NONE',  ( -0.000000000000000000, 1.000000000000000000, 1.224646799147353207E-16 ) ) ;
#3817 = ORIENTED_EDGE ( 'NONE', *, *, #5536, .T. ) ;
#3818 = SURFACE_STYLE_USAGE ( .BOTH. , #9400 ) ;
#3819 = CARTESIAN_POINT ( 'NONE',  ( 1.949999999999999956, 0.2174999999999999989, -0.2174999999999999711 ) ) ;
#3820 = PRESENTATION_STYLE_ASSIGNMENT (( #7775 ) ) ;
#3821 = CARTESIAN_POINT ( 'NONE',  ( 0.03111693966988647586, -0.4315292644214340778, -0.4315292644214357987 ) ) ;
#3822 =( GEOMETRIC_REPRESENTATION_CONTEXT ( 3 ) GLOBAL_UNCERTAINTY_ASSIGNED_CONTEXT ( ( #1167 ) ) GLOBAL_UNIT_ASSIGNED_CONTEXT ( ( #7788, #8332, #462 ) ) REPRESENTATION_CONTEXT ( 'NONE', 'WORKASPACE' ) );
#3823 = CYLINDRICAL_SURFACE ( 'NONE', #7328, 3.500000000000000444 ) ;
#3824 = UNCERTAINTY_MEASURE_WITH_UNIT (LENGTH_MEASURE( 1.000000000000000082E-05 ), #6361, 'distance_accuracy_value', 'NONE');
#3825 = ORIENTED_EDGE ( 'NONE', *, *, #10162, .T. ) ;
#3826 = CARTESIAN_POINT ( 'NONE',  ( 1.949999999999999956, -0.2175000000000000266, -0.2174999999999999989 ) ) ;
#3827 = CIRCLE ( 'NONE', #9980, 5.995482475482740270 ) ;
#3828 = DIRECTION ( 'NONE',  ( 0.7456662065614397816, 0.6663196743247735698, 0.000000000000000000 ) ) ;
#3829 = AXIS2_PLACEMENT_3D ( 'NONE', #3769, #7668, #6959 ) ;
#3830 = CARTESIAN_POINT ( 'NONE',  ( 1.949999999999999956, -0.2175000000000006928, 0.2174999999999992495 ) ) ;
#3831 = ADVANCED_FACE ( 'NONE', ( #7449 ), #1070, .T. ) ;
#3832 = ADVANCED_FACE ( 'NONE', ( #2682 ), #870, .T. ) ;
#3833 = ORIENTED_EDGE ( 'NONE', *, *, #7195, .F. ) ;
#3834 = PRESENTATION_LAYER_ASSIGNMENT (  '', '', ( #9155 ) ) ;
#3835 = DIRECTION ( 'NONE',  ( -0.1108510534444137469, -0.9938370308809506559, -3.448999966305766196E-15 ) ) ;
#3836 = PRESENTATION_STYLE_ASSIGNMENT (( #651 ) ) ;
#3837 = CIRCLE ( 'NONE', #4983, 5.995482475482740270 ) ;
#3838 = ORIENTED_EDGE ( 'NONE', *, *, #7782, .F. ) ;
#3839 = DIRECTION ( 'NONE',  ( -1.000000000000000000, 0.000000000000000000, 0.000000000000000000 ) ) ;
#3840 = LINE ( 'NONE', #2252, #2845 ) ;
#3841 = DIRECTION ( 'NONE',  ( -0.1108510534444137469, -0.9938370308809506559, -3.448999966305766196E-15 ) ) ;
#3842 = CARTESIAN_POINT ( 'NONE',  ( 1.347043950347263763, 0.000000000000000000, 3.080000000000000515 ) ) ;
#3843 = CIRCLE ( 'NONE', #3316, 3.500000000000000000 ) ;
#3844 = CARTESIAN_POINT ( 'NONE',  ( 2.599999999999998312, 0.000000000000000000, 0.000000000000000000 ) ) ;
#3845 = PRESENTATION_STYLE_ASSIGNMENT (( #660 ) ) ;
#3846 = EDGE_CURVE ( 'NONE', #9908, #2962, #6563, .T. ) ;
#3847 = DIRECTION ( 'NONE',  ( 1.000000000000000000, 0.000000000000000000, 0.000000000000000000 ) ) ;
#3848 = PRESENTATION_LAYER_ASSIGNMENT (  '', '', ( #8324 ) ) ;
#3849 = CARTESIAN_POINT ( 'NONE',  ( 1.949999999999999956, 0.2174999999999999989, 0.2174999999999999711 ) ) ;
#3850 = ORIENTED_EDGE ( 'NONE', *, *, #6796, .T. ) ;
#3851 =( NAMED_UNIT ( * ) PLANE_ANGLE_UNIT ( ) SI_UNIT ( $, .RADIAN. ) );
#3852 = COLOUR_RGB ( '',0.7764705882352941346, 0.7568627450980391913, 0.7372549019607843590 ) ;
#3853 = CARTESIAN_POINT ( 'NONE',  ( 4.309938594911940868, 1.891316923914901471, 2.356976916973721757E-16 ) ) ;
#3854 = PLANE ( 'NONE',  #5745 ) ;
#3855 = CARTESIAN_POINT ( 'NONE',  ( 15.60000000000000320, 0.000000000000000000, 0.000000000000000000 ) ) ;
#3856 = CARTESIAN_POINT ( 'NONE',  ( 7.600000000000002309, 0.000000000000000000, 1.749999999999999778 ) ) ;
#3857 = ADVANCED_FACE ( 'NONE', ( #2577 ), #7777, .T. ) ;
#3858 =( GEOMETRIC_REPRESENTATION_CONTEXT ( 3 ) GLOBAL_UNCERTAINTY_ASSIGNED_CONTEXT ( ( #5659 ) ) GLOBAL_UNIT_ASSIGNED_CONTEXT ( ( #6790, #7614, #348 ) ) REPRESENTATION_CONTEXT ( 'NONE', 'WORKASPACE' ) );
#3859 = SURFACE_STYLE_FILL_AREA ( #10065 ) ;
#3860 = VERTEX_POINT ( 'NONE', #6451 ) ;
#3861 = COLOUR_RGB ( '',0.7764705882352941346, 0.7568627450980391913, 0.7372549019607843590 ) ;
#3862 = AXIS2_PLACEMENT_3D ( 'NONE', #3000, #6935, #7745 ) ;
#3863 = EDGE_LOOP ( 'NONE', ( #7881, #6104, #8128 ) ) ;
#3864 = STYLED_ITEM ( 'NONE', ( #8948 ), #1831 ) ;
#3865 = VERTEX_POINT ( 'NONE', #5141 ) ;
#3866 = FACE_OUTER_BOUND ( 'NONE', #3241, .T. ) ;
#3867 = CARTESIAN_POINT ( 'NONE',  ( 2.214116351126373949, 0.1880408685282127790, -0.1880408685282121406 ) ) ;
#3868 = FACE_OUTER_BOUND ( 'NONE', #4100, .T. ) ;
#3869 = MECHANICAL_DESIGN_GEOMETRIC_PRESENTATION_REPRESENTATION (  '', ( #8848 ), #6353 ) ;
#3870 = LINE ( 'NONE', #4894, #55 ) ;
#3871 = FILL_AREA_STYLE ('',( #5603 ) ) ;
#3872 = DIRECTION ( 'NONE',  ( -1.000000000000000000, -0.000000000000000000, -0.000000000000000000 ) ) ;
#3873 = EDGE_CURVE ( 'NONE', #9748, #7832, #5248, .T. ) ;
#3874 =( GEOMETRIC_REPRESENTATION_CONTEXT ( 3 ) GLOBAL_UNCERTAINTY_ASSIGNED_CONTEXT ( ( #8267 ) ) GLOBAL_UNIT_ASSIGNED_CONTEXT ( ( #1830, #8340, #9187 ) ) REPRESENTATION_CONTEXT ( 'NONE', 'WORKASPACE' ) );
#3875 = PRESENTATION_STYLE_ASSIGNMENT (( #10131 ) ) ;
#3876 = PRODUCT ( 'M3.5 x 13 Screw head', 'M3.5 x 13 Screw head', '', ( #1192 ) ) ;
#3877 = ORIENTED_EDGE ( 'NONE', *, *, #6697, .F. ) ;
#3878 = STYLED_ITEM ( 'NONE', ( #3875 ), #7415 ) ;
#3879 = COLOUR_RGB ( '',0.7764705882352941346, 0.7568627450980391913, 0.7372549019607843590 ) ;
#3880 = DIRECTION ( 'NONE',  ( 0.6663196743247736809, -2.603479645215216163E-15, 0.7456662065614397816 ) ) ;
#3881 = MECHANICAL_DESIGN_GEOMETRIC_PRESENTATION_REPRESENTATION (  '', ( #8022 ), #9694 ) ;
#3882 = DIRECTION ( 'NONE',  ( -0.9938370308809507669, 0.000000000000000000, 0.1108510534444137052 ) ) ;
#3883 = AXIS2_PLACEMENT_3D ( 'NONE', #5889, #5096, #7510 ) ;
#3884 = VECTOR ( 'NONE', #6667, 999.9999999999998863 ) ;
#3885 = ORIENTED_EDGE ( 'NONE', *, *, #8647, .F. ) ;
#3886 = PRESENTATION_LAYER_ASSIGNMENT (  '', '', ( #2355 ) ) ;
#3887 = CARTESIAN_POINT ( 'NONE',  ( 1.949999999999999956, 0.2174999999999999989, 0.2174999999999999156 ) ) ;
#3888 = ORIENTED_EDGE ( 'NONE', *, *, #2485, .F. ) ;
#3889 = VERTEX_POINT ( 'NONE', #7653 ) ;
#3890 = SURFACE_STYLE_FILL_AREA ( #702 ) ;
#3891 = VECTOR ( 'NONE', #6856, 1000.000000000000000 ) ;
#3892 = LINE ( 'NONE', #657, #1182 ) ;
#3893 = PRESENTATION_LAYER_ASSIGNMENT (  '', '', ( #5523 ) ) ;
#3894 = EDGE_CURVE ( 'NONE', #8816, #7589, #8098, .T. ) ;
#3895 = CARTESIAN_POINT ( 'NONE',  ( 2.193400286944045430, -0.1903515064562409931, -2.309278636184418912E-16 ) ) ;
#3896 = AXIS2_PLACEMENT_3D ( 'NONE', #6435, #10262, #2260 ) ;
#3897 = FILL_AREA_STYLE ('',( #10202 ) ) ;
#3898 = PLANE ( 'NONE',  #10179 ) ;
#3899 = AXIS2_PLACEMENT_3D ( 'NONE', #7351, #4082, #7243 ) ;
#3900 =( GEOMETRIC_REPRESENTATION_CONTEXT ( 3 ) GLOBAL_UNCERTAINTY_ASSIGNED_CONTEXT ( ( #8718 ) ) GLOBAL_UNIT_ASSIGNED_CONTEXT ( ( #9789, #5032, #9948 ) ) REPRESENTATION_CONTEXT ( 'NONE', 'WORKASPACE' ) );
#3901 = SURFACE_STYLE_USAGE ( .BOTH. , #10053 ) ;
#3902 = AXIS2_PLACEMENT_3D ( 'NONE', #3819, #2372, #1596 ) ;
#3903 = ORIENTED_EDGE ( 'NONE', *, *, #2604, .F. ) ;
#3904 = EDGE_CURVE ( 'NONE', #1238, #2661, #9449, .T. ) ;
#3905 = PRESENTATION_LAYER_ASSIGNMENT (  '', '', ( #389 ) ) ;
#3906 = MECHANICAL_DESIGN_GEOMETRIC_PRESENTATION_REPRESENTATION (  '', ( #3932 ), #4593 ) ;
#3907 = DIRECTION ( 'NONE',  ( 0.000000000000000000, 0.000000000000000000, 1.000000000000000000 ) ) ;
#3908 = CARTESIAN_POINT ( 'NONE',  ( 0.2666411873824114376, -1.721732169736485796, -0.4052592521765772116 ) ) ;
#3909 = DIRECTION ( 'NONE',  ( 0.000000000000000000, 0.000000000000000000, 1.000000000000000000 ) ) ;
#3910 = DIRECTION ( 'NONE',  ( 0.000000000000000000, 0.000000000000000000, 1.000000000000000000 ) ) ;
#3911 = DIRECTION ( 'NONE',  ( -0.1108510534444136914, 0.9938370308809506559, 3.595744332370143968E-15 ) ) ;
#3912 = ORIENTED_EDGE ( 'NONE', *, *, #3438, .T. ) ;
#3913 = VECTOR ( 'NONE', #9160, 1000.000000000000000 ) ;
#3914 = UNCERTAINTY_MEASURE_WITH_UNIT (LENGTH_MEASURE( 1.000000000000000082E-05 ), #8599, 'distance_accuracy_value', 'NONE');
#3915 = MECHANICAL_DESIGN_GEOMETRIC_PRESENTATION_REPRESENTATION (  '', ( #9053 ), #5904 ) ;
#3916 = DIRECTION ( 'NONE',  ( 0.000000000000000000, -1.000000000000000000, -1.246209393661499126E-16 ) ) ;
#3917 = VERTEX_POINT ( 'NONE', #5193 ) ;
#3918 = EDGE_CURVE ( 'NONE', #7267, #2960, #3642, .T. ) ;
#3919 =( NAMED_UNIT ( * ) SI_UNIT ( $, .STERADIAN. ) SOLID_ANGLE_UNIT ( ) );
#3920 = LINE ( 'NONE', #1349, #9813 ) ;
#3921 = DIRECTION ( 'NONE',  ( -1.000000000000000000, 0.000000000000000000, -0.000000000000000000 ) ) ;
#3922 = PRESENTATION_LAYER_ASSIGNMENT (  '', '', ( #8404 ) ) ;
#3923 = STYLED_ITEM ( 'NONE', ( #5688 ), #4374 ) ;
#3924 = DIRECTION ( 'NONE',  ( 1.000000000000000000, 0.000000000000000000, 0.000000000000000000 ) ) ;
#3925 = CARTESIAN_POINT ( 'NONE',  ( -25.39999999999996305, 0.000000000000000000, 1.749999999999999778 ) ) ;
#3926 = ITEM_DEFINED_TRANSFORMATION ( 'NONE', 'NONE', #9742,  #5069 ) ;
#3927 = UNCERTAINTY_MEASURE_WITH_UNIT (LENGTH_MEASURE( 1.000000000000000082E-05 ), #2503, 'distance_accuracy_value', 'NONE');
#3928 =( NAMED_UNIT ( * ) SI_UNIT ( $, .STERADIAN. ) SOLID_ANGLE_UNIT ( ) );
#3929 = VERTEX_POINT ( 'NONE', #408 ) ;
#3930 = AXIS2_PLACEMENT_3D ( 'NONE', #4989, #9794, #80 ) ;
#3931 = AXIS2_PLACEMENT_3D ( 'NONE', #3647, #522, #773 ) ;
#3932 = STYLED_ITEM ( 'NONE', ( #7124 ), #2539 ) ;
#3933 = TOROIDAL_SURFACE ( 'NONE', #7918, 3.080000000000000515, 0.4200000000000000400 ) ;
#3934 = EDGE_CURVE ( 'NONE', #5453, #8936, #3254, .T. ) ;
#3935 = FILL_AREA_STYLE_COLOUR ( '', #9369 ) ;
#3936 =( LENGTH_UNIT ( ) NAMED_UNIT ( * ) SI_UNIT ( .MILLI., .METRE. ) );
#3937 = FILL_AREA_STYLE_COLOUR ( '', #5354 ) ;
#3938 = CARTESIAN_POINT ( 'NONE',  ( 0.2666411873824114376, 1.721732169736485352, 0.4052592521765772671 ) ) ;
#3939 = VECTOR ( 'NONE', #3958, 1000.000000000000000 ) ;
#3940 = SURFACE_STYLE_USAGE ( .BOTH. , #647 ) ;
#3941 = PRESENTATION_LAYER_ASSIGNMENT (  '', '', ( #1050 ) ) ;
#3942 = ORIENTED_EDGE ( 'NONE', *, *, #5154, .F. ) ;
#3943 = SURFACE_SIDE_STYLE ('',( #743 ) ) ;
#3944 = UNCERTAINTY_MEASURE_WITH_UNIT (LENGTH_MEASURE( 1.000000000000000082E-05 ), #9586, 'distance_accuracy_value', 'NONE');
#3945 = VERTEX_POINT ( 'NONE', #4324 ) ;
#3946 =( GEOMETRIC_REPRESENTATION_CONTEXT ( 3 ) GLOBAL_UNCERTAINTY_ASSIGNED_CONTEXT ( ( #3706 ) ) GLOBAL_UNIT_ASSIGNED_CONTEXT ( ( #8895, #4930, #2728 ) ) REPRESENTATION_CONTEXT ( 'NONE', 'WORKASPACE' ) );
#3947 = DIRECTION ( 'NONE',  ( 0.000000000000000000, 0.000000000000000000, 1.000000000000000000 ) ) ;
#3948 = SURFACE_STYLE_USAGE ( .BOTH. , #6426 ) ;
#3949 = DIRECTION ( 'NONE',  ( 0.000000000000000000, 1.000000000000000000, 1.224646799147353207E-16 ) ) ;
#3950 = DIRECTION ( 'NONE',  ( -1.000000000000000000, -0.000000000000000000, -0.000000000000000000 ) ) ;
#3951 = FACE_OUTER_BOUND ( 'NONE', #6080, .T. ) ;
#3952 = MECHANICAL_DESIGN_GEOMETRIC_PRESENTATION_REPRESENTATION (  '', ( #8432 ), #5572 ) ;
#3953 = VERTEX_POINT ( 'NONE', #8440 ) ;
#3954 = VECTOR ( 'NONE', #777, 1000.000000000000000 ) ;
#3955 = CARTESIAN_POINT ( 'NONE',  ( -25.39999999999996305, 0.000000000000000000, 0.000000000000000000 ) ) ;
#3956 = DIRECTION ( 'NONE',  ( -1.000000000000000000, -0.000000000000000000, -0.000000000000000000 ) ) ;
#3957 = FACE_OUTER_BOUND ( 'NONE', #9455, .T. ) ;
#3958 = DIRECTION ( 'NONE',  ( 0.7431005017819711789, 0.08288428673722224305, -0.6640269868487610472 ) ) ;
#3959 = DIRECTION ( 'NONE',  ( 0.6663196743247736809, 2.696405268330496226E-15, -0.7456662065614397816 ) ) ;
#3960 = CARTESIAN_POINT ( 'NONE',  ( 1.949999999999999956, -0.2175000000000006928, 0.2174999999999992495 ) ) ;
#3961 = FILL_AREA_STYLE_COLOUR ( '', #10205 ) ;
#3962 = EDGE_CURVE ( 'NONE', #9035, #6240, #3096, .T. ) ;
#3963 = ORIENTED_EDGE ( 'NONE', *, *, #7685, .F. ) ;
#3964 = EDGE_CURVE ( 'NONE', #1293, #10122, #9176, .T. ) ;
#3965 = CIRCLE ( 'NONE', #6623, 5.437518987584764929 ) ;
#3966 = ORIENTED_EDGE ( 'NONE', *, *, #519, .F. ) ;
#3967 = CARTESIAN_POINT ( 'NONE',  ( 22.60000000000000142, 2.143131898507868051E-16, -1.749999999999999778 ) ) ;
#3968 = FILL_AREA_STYLE_COLOUR ( '', #5986 ) ;
#3969 = STYLED_ITEM ( 'NONE', ( #2272 ), #4173 ) ;
#3970 = SURFACE_STYLE_FILL_AREA ( #1598 ) ;
#3971 = DIRECTION ( 'NONE',  ( -0.1108510534444136914, 0.9938370308809506559, 3.595744332370143179E-15 ) ) ;
#3972 = DIRECTION ( 'NONE',  ( 0.7431005017819711789, -0.6640269868487613802, 0.08288428673721989770 ) ) ;
#3973 = FILL_AREA_STYLE_COLOUR ( '', #9206 ) ;
#3974 = DIRECTION ( 'NONE',  ( 0.6663196743247736809, -0.7456662065614397816, -9.292562311528023527E-17 ) ) ;
#3975 = EDGE_CURVE ( 'NONE', #4980, #8456, #4465, .T. ) ;
#3976 = CONTEXT_DEPENDENT_SHAPE_REPRESENTATION ( #5507, #4702 ) ;
#3977 = COLOUR_RGB ( '',0.7764705882352941346, 0.7568627450980391913, 0.7372549019607843590 ) ;
#3978 = VERTEX_POINT ( 'NONE', #6791 ) ;
#3979 = PRESENTATION_STYLE_ASSIGNMENT (( #1549 ) ) ;
#3980 = CARTESIAN_POINT ( 'NONE',  ( 1.949999999999999956, 0.2174999999999999989, 0.2174999999999999156 ) ) ;
#3981 = CYLINDRICAL_SURFACE ( 'NONE', #7803, 3.500000000000000444 ) ;
#3982 = CIRCLE ( 'NONE', #3288, 5.995482475482741158 ) ;
#3983 = CARTESIAN_POINT ( 'NONE',  ( 4.309938594911940868, 6.836180637525074799E-15, -1.891316923914901693 ) ) ;
#3984 = DIRECTION ( 'NONE',  ( 0.6663196743247736809, 0.7456662065614397816, 0.000000000000000000 ) ) ;
#3985 = EDGE_CURVE ( 'NONE', #5279, #4388, #6282, .T. ) ;
#3986 = VERTEX_POINT ( 'NONE', #9957 ) ;
#3987 = CARTESIAN_POINT ( 'NONE',  ( 5.974195292295553905, 2.619630734554813543E-16, -0.2313525518329656583 ) ) ;
#3988 = ORIENTED_EDGE ( 'NONE', *, *, #599, .T. ) ;
#3989 = CIRCLE ( 'NONE', #9636, 5.437518987584764929 ) ;
#3990 =( LENGTH_UNIT ( ) NAMED_UNIT ( * ) SI_UNIT ( .MILLI., .METRE. ) );
#3991 = DIRECTION ( 'NONE',  ( 0.9938370308809506559, -0.1108510534444137469, -3.870343844922734420E-16 ) ) ;
#3992 = FILL_AREA_STYLE_COLOUR ( '', #7684 ) ;
#3993 = DIRECTION ( 'NONE',  ( 0.000000000000000000, 0.000000000000000000, 1.000000000000000000 ) ) ;
#3994 = SURFACE_SIDE_STYLE ('',( #3233 ) ) ;
#3995 = PRESENTATION_STYLE_ASSIGNMENT (( #9471 ) ) ;
#3996 = FACE_OUTER_BOUND ( 'NONE', #2793, .T. ) ;
#3997 = EDGE_CURVE ( 'NONE', #4429, #7706, #2791, .T. ) ;
#3998 =( GEOMETRIC_REPRESENTATION_CONTEXT ( 3 ) GLOBAL_UNCERTAINTY_ASSIGNED_CONTEXT ( ( #5460 ) ) GLOBAL_UNIT_ASSIGNED_CONTEXT ( ( #4501, #2271, #8620 ) ) REPRESENTATION_CONTEXT ( 'NONE', 'WORKASPACE' ) );
#3999 =( LENGTH_UNIT ( ) NAMED_UNIT ( * ) SI_UNIT ( .MILLI., .METRE. ) );
#4000 = ORIENTED_EDGE ( 'NONE', *, *, #8757, .T. ) ;
#4001 = CIRCLE ( 'NONE', #5816, 6.000000000000000000 ) ;
#4002 = VECTOR ( 'NONE', #8841, 999.9999999999998863 ) ;
#4003 = CARTESIAN_POINT ( 'NONE',  ( 0.000000000000000000, 0.000000000000000000, -24.00000000000000000 ) ) ;
#4004 = PRESENTATION_STYLE_ASSIGNMENT (( #4777 ) ) ;
#4005 = SURFACE_SIDE_STYLE ('',( #9232 ) ) ;
#4006 = DIRECTION ( 'NONE',  ( -1.000000000000000000, -0.000000000000000000, -0.000000000000000000 ) ) ;
#4007 =( NAMED_UNIT ( * ) PLANE_ANGLE_UNIT ( ) SI_UNIT ( $, .RADIAN. ) );
#4008 = AXIS2_PLACEMENT_3D ( 'NONE', #9295, #474, #5959 ) ;
#4009 = ORIENTED_EDGE ( 'NONE', *, *, #5167, .T. ) ;
#4010 = DIRECTION ( 'NONE',  ( 0.000000000000000000, 0.000000000000000000, 1.000000000000000000 ) ) ;
#4011 = UNCERTAINTY_MEASURE_WITH_UNIT (LENGTH_MEASURE( 1.000000000000000082E-05 ), #6226, 'distance_accuracy_value', 'NONE');
#4012 = VERTEX_POINT ( 'NONE', #6949 ) ;
#4013 = VECTOR ( 'NONE', #2148, 1000.000000000000000 ) ;
#4014 =( GEOMETRIC_REPRESENTATION_CONTEXT ( 3 ) GLOBAL_UNCERTAINTY_ASSIGNED_CONTEXT ( ( #4835 ) ) GLOBAL_UNIT_ASSIGNED_CONTEXT ( ( #908, #9578, #1630 ) ) REPRESENTATION_CONTEXT ( 'NONE', 'WORKASPACE' ) );
#4015 = CARTESIAN_POINT ( 'NONE',  ( 2.193400286944045430, -4.336808689942017736E-16, -0.1903515064562410486 ) ) ;
#4016 = COLOUR_RGB ( '',0.7921568627450980005, 0.8196078431372548767, 0.9333333333333333481 ) ;
#4017 = DIRECTION ( 'NONE',  ( -0.7456662065614396706, 0.6663196743247736809, 0.000000000000000000 ) ) ;
#4018 = EDGE_CURVE ( 'NONE', #7393, #9324, #7450, .T. ) ;
#4019 = EDGE_CURVE ( 'NONE', #9256, #6666, #1999, .T. ) ;
#4020 = MECHANICAL_DESIGN_GEOMETRIC_PRESENTATION_REPRESENTATION (  '', ( #2316 ), #3014 ) ;
#4021 = CARTESIAN_POINT ( 'NONE',  ( 4.309938594911940868, 1.891316923914901471, 2.356976916973721757E-16 ) ) ;
#4022 = SURFACE_STYLE_USAGE ( .BOTH. , #2519 ) ;
#4023 = DIRECTION ( 'NONE',  ( -1.000000000000000000, -0.000000000000000000, -0.000000000000000000 ) ) ;
#4024 = DIRECTION ( 'NONE',  ( 0.000000000000000000, 0.000000000000000000, 1.000000000000000000 ) ) ;
#4025 = STYLED_ITEM ( 'NONE', ( #3569 ), #8840 ) ;
#4026 = DIRECTION ( 'NONE',  ( -1.000000000000000000, -0.000000000000000000, -0.000000000000000000 ) ) ;
#4027 = MECHANICAL_DESIGN_GEOMETRIC_PRESENTATION_REPRESENTATION (  '', ( #172 ), #5008 ) ;
#4028 = UNCERTAINTY_MEASURE_WITH_UNIT (LENGTH_MEASURE( 1.000000000000000082E-05 ), #5571, 'distance_accuracy_value', 'NONE');
#4029 = STYLED_ITEM ( 'NONE', ( #9796 ), #1456 ) ;
#4030 = ORIENTED_EDGE ( 'NONE', *, *, #1657, .F. ) ;
#4031 = CARTESIAN_POINT ( 'NONE',  ( 4.309938594911940868, 6.836180637525074799E-15, -1.891316923914901693 ) ) ;
#4032 = PRESENTATION_STYLE_ASSIGNMENT (( #2477 ) ) ;
#4033 =( NAMED_UNIT ( * ) PLANE_ANGLE_UNIT ( ) SI_UNIT ( $, .RADIAN. ) );
#4034 = EDGE_CURVE ( 'NONE', #2666, #9721, #1279, .T. ) ;
#4035 = AXIS2_PLACEMENT_3D ( 'NONE', #10075, #6714, #1681 ) ;
#4036 = DIRECTION ( 'NONE',  ( 0.9938370308809507669, 0.000000000000000000, 0.1108510534444137746 ) ) ;
#4037 = FILL_AREA_STYLE_COLOUR ( '', #1980 ) ;
#4038 = DIRECTION ( 'NONE',  ( -0.9938370308809507669, 0.000000000000000000, 0.1108510534444137052 ) ) ;
#4039 = FILL_AREA_STYLE_COLOUR ( '', #2752 ) ;
#4040 = CIRCLE ( 'NONE', #1000, 3.311827956989247479 ) ;
#4041 = FACE_BOUND ( 'NONE', #3062, .T. ) ;
#4042 = ORIENTED_EDGE ( 'NONE', *, *, #844, .F. ) ;
#4043 = UNCERTAINTY_MEASURE_WITH_UNIT (LENGTH_MEASURE( 1.000000000000000082E-05 ), #5123, 'distance_accuracy_value', 'NONE');
#4044 = VERTEX_POINT ( 'NONE', #10002 ) ;
#4045 = CARTESIAN_POINT ( 'NONE',  ( 2.599999999999998312, 4.286263797015736595E-16, -3.500000000000000000 ) ) ;
#4046 = PLANE ( 'NONE',  #2557 ) ;
#4047 = ADVANCED_FACE ( 'NONE', ( #2850, #2216 ), #9438, .F. ) ;
#4048 = VECTOR ( 'NONE', #6551, 1000.000000000000000 ) ;
#4049 = AXIS2_PLACEMENT_3D ( 'NONE', #7869, #4119, #4017 ) ;
#4050 = SURFACE_STYLE_USAGE ( .BOTH. , #843 ) ;
#4051 =( NAMED_UNIT ( * ) PLANE_ANGLE_UNIT ( ) SI_UNIT ( $, .RADIAN. ) );
#4052 =( NAMED_UNIT ( * ) PLANE_ANGLE_UNIT ( ) SI_UNIT ( $, .RADIAN. ) );
#4053 =( NAMED_UNIT ( * ) SI_UNIT ( $, .STERADIAN. ) SOLID_ANGLE_UNIT ( ) );
#4054 = FACE_OUTER_BOUND ( 'NONE', #387, .T. ) ;
#4055 = VERTEX_POINT ( 'NONE', #104 ) ;
#4056 = STYLED_ITEM ( 'NONE', ( #3711 ), #9459 ) ;
#4057 = MECHANICAL_DESIGN_GEOMETRIC_PRESENTATION_REPRESENTATION (  '', ( #2690 ), #5687 ) ;
#4058 = FILL_AREA_STYLE_COLOUR ( '', #1501 ) ;
#4059 = DIRECTION ( 'NONE',  ( 0.000000000000000000, 0.000000000000000000, 1.000000000000000000 ) ) ;
#4060 = ADVANCED_FACE ( 'NONE', ( #4923 ), #7206, .T. ) ;
#4061 = PRESENTATION_LAYER_ASSIGNMENT (  '', '', ( #9393 ) ) ;
#4062 = VERTEX_POINT ( 'NONE', #2066 ) ;
#4063 = DIRECTION ( 'NONE',  ( -0.1108510534444137469, -0.9938370308809506559, -3.448999966305766196E-15 ) ) ;
#4064 = FILL_AREA_STYLE_COLOUR ( '', #751 ) ;
#4065 = PLANE ( 'NONE',  #7926 ) ;
#4066 = SURFACE_STYLE_USAGE ( .BOTH. , #4932 ) ;
#4067 = CIRCLE ( 'NONE', #9231, 3.311827956989247479 ) ;
#4068 = DIRECTION ( 'NONE',  ( -0.9938370308809506559, 0.000000000000000000, 0.1108510534444136914 ) ) ;
#4069 =( NAMED_UNIT ( * ) SI_UNIT ( $, .STERADIAN. ) SOLID_ANGLE_UNIT ( ) );
#4070 = EDGE_LOOP ( 'NONE', ( #1612, #6348, #7753, #4875, #5586, #6782, #7617, #4935, #760, #6434, #6806 ) ) ;
#4071 =( NAMED_UNIT ( * ) SI_UNIT ( $, .STERADIAN. ) SOLID_ANGLE_UNIT ( ) );
#4072 = CIRCLE ( 'NONE', #4729, 5.995482475482740270 ) ;
#4073 = ORIENTED_EDGE ( 'NONE', *, *, #6773, .F. ) ;
#4074 = STYLED_ITEM ( 'NONE', ( #8715 ), #7955 ) ;
#4075 = PRESENTATION_STYLE_ASSIGNMENT (( #4838 ) ) ;
#4076 = SURFACE_STYLE_FILL_AREA ( #7297 ) ;
#4077 = FILL_AREA_STYLE_COLOUR ( '', #2555 ) ;
#4078 = DIRECTION ( 'NONE',  ( -0.9938370308809506559, 0.000000000000000000, 0.1108510534444136914 ) ) ;
#4079 = VECTOR ( 'NONE', #999, 1000.000000000000000 ) ;
#4080 = PRESENTATION_LAYER_ASSIGNMENT (  '', '', ( #9240 ) ) ;
#4081 = AXIS2_PLACEMENT_3D ( 'NONE', #9298, #7721, #1255 ) ;
#4082 = DIRECTION ( 'NONE',  ( -1.000000000000000000, -0.000000000000000000, -0.000000000000000000 ) ) ;
#4083 = ORIENTED_EDGE ( 'NONE', *, *, #9681, .T. ) ;
#4084 = LINE ( 'NONE', #6309, #1977 ) ;
#4085 = EDGE_CURVE ( 'NONE', #1850, #8557, #470, .T. ) ;
#4086 = EDGE_LOOP ( 'NONE', ( #2513, #7451, #10170 ) ) ;
#4087 = AXIS2_PLACEMENT_3D ( 'NONE', #8302, #3351, #264 ) ;
#4088 = MECHANICAL_DESIGN_GEOMETRIC_PRESENTATION_REPRESENTATION (  '', ( #6394 ), #9902 ) ;
#4089 = SHAPE_REPRESENTATION_RELATIONSHIP ( 'NONE' , 'NONE' ,  #3803, #5328 ) ;
#4090 = MECHANICAL_DESIGN_GEOMETRIC_PRESENTATION_REPRESENTATION (  '', ( #5061 ), #5551 ) ;
#4091 = DIRECTION ( 'NONE',  ( -0.7456662065614397816, 0.6663196743247735698, 0.000000000000000000 ) ) ;
#4092 = CARTESIAN_POINT ( 'NONE',  ( 5.974195292295553905, 0.2313525518329656860, 8.370432990360215258E-16 ) ) ;
#4093 = DIRECTION ( 'NONE',  ( -1.000000000000000000, -0.000000000000000000, -0.000000000000000000 ) ) ;
#4094 = SURFACE_STYLE_FILL_AREA ( #8771 ) ;
#4095 =( NAMED_UNIT ( * ) SI_UNIT ( $, .STERADIAN. ) SOLID_ANGLE_UNIT ( ) );
#4096 = ORIENTED_EDGE ( 'NONE', *, *, #1435, .F. ) ;
#4097 =( GEOMETRIC_REPRESENTATION_CONTEXT ( 3 ) GLOBAL_UNCERTAINTY_ASSIGNED_CONTEXT ( ( #156 ) ) GLOBAL_UNIT_ASSIGNED_CONTEXT ( ( #7438, #273, #1164 ) ) REPRESENTATION_CONTEXT ( 'NONE', 'WORKASPACE' ) );
#4098 = EDGE_CURVE ( 'NONE', #890, #5410, #4627, .T. ) ;
#4099 = EDGE_CURVE ( 'NONE', #10055, #2150, #5587, .T. ) ;
#4100 = EDGE_LOOP ( 'NONE', ( #3472, #4030, #5089 ) ) ;
#4101 = DIRECTION ( 'NONE',  ( -1.000000000000000000, -0.000000000000000000, -0.000000000000000000 ) ) ;
#4102 =( NAMED_UNIT ( * ) PLANE_ANGLE_UNIT ( ) SI_UNIT ( $, .RADIAN. ) );
#4103 = CIRCLE ( 'NONE', #911, 3.500000000000000000 ) ;
#4104 = STYLED_ITEM ( 'NONE', ( #8942 ), #10140 ) ;
#4105 = DIRECTION ( 'NONE',  ( -1.000000000000000000, 0.000000000000000000, -0.000000000000000000 ) ) ;
#4106 = EDGE_CURVE ( 'NONE', #2062, #5006, #8941, .T. ) ;
#4107 = ORIENTED_EDGE ( 'NONE', *, *, #8453, .F. ) ;
#4108 = AXIS2_PLACEMENT_3D ( 'NONE', #907, #4006, #6387 ) ;
#4109 = FILL_AREA_STYLE_COLOUR ( '', #1561 ) ;
#4110 = VERTEX_POINT ( 'NONE', #7053 ) ;
#4111 = MECHANICAL_DESIGN_GEOMETRIC_PRESENTATION_REPRESENTATION (  '', ( #3245 ), #772 ) ;
#4112 = SURFACE_STYLE_USAGE ( .BOTH. , #7286 ) ;
#4113 =( NAMED_UNIT ( * ) SI_UNIT ( $, .STERADIAN. ) SOLID_ANGLE_UNIT ( ) );
#4114 = VERTEX_POINT ( 'NONE', #3652 ) ;
#4115 = EDGE_CURVE ( 'NONE', #1386, #3643, #7670, .T. ) ;
#4116 = UNCERTAINTY_MEASURE_WITH_UNIT (LENGTH_MEASURE( 1.000000000000000082E-05 ), #4700, 'distance_accuracy_value', 'NONE');
#4117 = ORIENTED_EDGE ( 'NONE', *, *, #6489, .T. ) ;
#4118 = APPLICATION_PROTOCOL_DEFINITION ( 'draft international standard', 'automotive_design', 1998, #9992 ) ;
#4119 = DIRECTION ( 'NONE',  ( 0.6663196743247736809, 0.7456662065614397816, 0.000000000000000000 ) ) ;
#4120 =( LENGTH_UNIT ( ) NAMED_UNIT ( * ) SI_UNIT ( .MILLI., .METRE. ) );
#4121 = SURFACE_STYLE_USAGE ( .BOTH. , #7186 ) ;
#4122 = FILL_AREA_STYLE_COLOUR ( '', #5580 ) ;
#4123 = DIRECTION ( 'NONE',  ( -1.000000000000000000, -0.000000000000000000, -0.000000000000000000 ) ) ;
#4124 = FILL_AREA_STYLE ('',( #7303 ) ) ;
#4125 = ORIENTED_EDGE ( 'NONE', *, *, #769, .F. ) ;
#4126 = PRODUCT_DEFINITION_SHAPE ( 'NONE', 'NONE',  #9435 ) ;
#4127 = EDGE_LOOP ( 'NONE', ( #2353, #3546, #6922, #437, #836 ) ) ;
#4128 =( NAMED_UNIT ( * ) SI_UNIT ( $, .STERADIAN. ) SOLID_ANGLE_UNIT ( ) );
#4129 = LINE ( 'NONE', #825, #4544 ) ;
#4130 = AXIS2_PLACEMENT_3D ( 'NONE', #635, #3771, #4606 ) ;
#4131 = FACE_BOUND ( 'NONE', #2432, .T. ) ;
#4132 = FACE_OUTER_BOUND ( 'NONE', #3021, .T. ) ;
#4133 = CARTESIAN_POINT ( 'NONE',  ( 2.599999999999998312, 0.000000000000000000, 0.000000000000000000 ) ) ;
#4134 = SURFACE_SIDE_STYLE ('',( #4243 ) ) ;
#4135 = FILL_AREA_STYLE ('',( #5841 ) ) ;
#4136 = PLANE ( 'NONE',  #8095 ) ;
#4137 = DIRECTION ( 'NONE',  ( 0.7456662065614397816, -2.326442708608981349E-15, 0.6663196743247735698 ) ) ;
#4138 = DIRECTION ( 'NONE',  ( -1.000000000000000000, -0.000000000000000000, -0.000000000000000000 ) ) ;
#4139 =( REPRESENTATION_RELATIONSHIP ('NONE','NONE', #1962, #3049 ) REPRESENTATION_RELATIONSHIP_WITH_TRANSFORMATION ( #9968 )SHAPE_REPRESENTATION_RELATIONSHIP( ) );
#4140 = ORIENTED_EDGE ( 'NONE', *, *, #6966, .F. ) ;
#4141 = CLOSED_SHELL ( 'NONE', ( #7978, #2720, #9254, #2291, #9620, #7525, #377, #7423, #8820, #6030, #10029, #1196, #8844, #6706, #8091, #2017, #8441, #9447, #2886, #532, #7991, #169, #7955 ) ) ;
#4142 = CARTESIAN_POINT ( 'NONE',  ( 32.60000000000000142, 0.000000000000000000, 0.000000000000000000 ) ) ;
#4143 = UNCERTAINTY_MEASURE_WITH_UNIT (LENGTH_MEASURE( 1.000000000000000082E-05 ), #1218, 'distance_accuracy_value', 'NONE');
#4144 = ORIENTED_EDGE ( 'NONE', *, *, #9124, .F. ) ;
#4145 = DIRECTION ( 'NONE',  ( -1.000000000000000000, -0.000000000000000000, -0.000000000000000000 ) ) ;
#4146 = PRESENTATION_STYLE_ASSIGNMENT (( #6531 ) ) ;
#4147 = CARTESIAN_POINT ( 'NONE',  ( 2.193400286944045430, 0.1903515064562410486, 2.309278636184420884E-16 ) ) ;
#4148 = EDGE_CURVE ( 'NONE', #6926, #4451, #3965, .T. ) ;
#4149 = EDGE_CURVE ( 'NONE', #7393, #678, #3807, .T. ) ;
#4150 = PRESENTATION_STYLE_ASSIGNMENT (( #4965 ) ) ;
#4151 = SURFACE_STYLE_FILL_AREA ( #7480 ) ;
#4152 =( NAMED_UNIT ( * ) SI_UNIT ( $, .STERADIAN. ) SOLID_ANGLE_UNIT ( ) );
#4153 = AXIS2_PLACEMENT_3D ( 'NONE', #2331, #10104, #4036 ) ;
#4154 = DIRECTION ( 'NONE',  ( 0.7456662065614397816, -2.326442708608981349E-15, 0.6663196743247735698 ) ) ;
#4155 =( GEOMETRIC_REPRESENTATION_CONTEXT ( 3 ) GLOBAL_UNCERTAINTY_ASSIGNED_CONTEXT ( ( #8624 ) ) GLOBAL_UNIT_ASSIGNED_CONTEXT ( ( #4289, #1954, #469 ) ) REPRESENTATION_CONTEXT ( 'NONE', 'WORKASPACE' ) );
#4156 = ORIENTED_EDGE ( 'NONE', *, *, #9838, .T. ) ;
#4157 =( NAMED_UNIT ( * ) SI_UNIT ( $, .STERADIAN. ) SOLID_ANGLE_UNIT ( ) );
#4158 = CARTESIAN_POINT ( 'NONE',  ( 8.599999999999999645, 1.749999999999999778, 0.000000000000000000 ) ) ;
#4159 = VERTEX_POINT ( 'NONE', #6154 ) ;
#4160 = EDGE_CURVE ( 'NONE', #3953, #860, #1772, .T. ) ;
#4161 =( LENGTH_UNIT ( ) NAMED_UNIT ( * ) SI_UNIT ( .MILLI., .METRE. ) );
#4162 = DIRECTION ( 'NONE',  ( 0.6663196743247735698, 2.696405268330496621E-15, -0.7456662065614397816 ) ) ;
#4163 = DIRECTION ( 'NONE',  ( -1.000000000000000000, -0.000000000000000000, -0.000000000000000000 ) ) ;
#4164 = SURFACE_STYLE_USAGE ( .BOTH. , #9045 ) ;
#4165 = DIRECTION ( 'NONE',  ( -0.1108510534444136914, 1.257808851980383614E-16, -0.9938370308809506559 ) ) ;
#4166 = ORIENTED_EDGE ( 'NONE', *, *, #5690, .T. ) ;
#4167 =( GEOMETRIC_REPRESENTATION_CONTEXT ( 3 ) GLOBAL_UNCERTAINTY_ASSIGNED_CONTEXT ( ( #768 ) ) GLOBAL_UNIT_ASSIGNED_CONTEXT ( ( #10306, #2443, #4053 ) ) REPRESENTATION_CONTEXT ( 'NONE', 'WORKASPACE' ) );
#4168 = AXIS2_PLACEMENT_3D ( 'NONE', #2822, #8416, #10242 ) ;
#4169 = AXIS2_PLACEMENT_3D ( 'NONE', #3639, #10157, #6041 ) ;
#4170 = VERTEX_POINT ( 'NONE', #6351 ) ;
#4171 = PRODUCT_CONTEXT ( 'NONE', #3745, 'mechanical' ) ;
#4172 = CARTESIAN_POINT ( 'NONE',  ( 0.000000000000000000, -0.4349999999999927813, -1.960000000000001741 ) ) ;
#4173 = ADVANCED_FACE ( 'NONE', ( #814 ), #2417, .T. ) ;
#4174 = COLOUR_RGB ( '',0.7764705882352941346, 0.7568627450980391913, 0.7372549019607843590 ) ;
#4175 = DIRECTION ( 'NONE',  ( -1.000000000000000000, -0.000000000000000000, -0.000000000000000000 ) ) ;
#4176 = DIRECTION ( 'NONE',  ( 0.7431005017819711789, -0.6640269868487613802, 0.08288428673721989770 ) ) ;
#4177 = COLOUR_RGB ( '',0.7764705882352941346, 0.7568627450980391913, 0.7372549019607843590 ) ;
#4178 =( NAMED_UNIT ( * ) PLANE_ANGLE_UNIT ( ) SI_UNIT ( $, .RADIAN. ) );
#4179 = VECTOR ( 'NONE', #5320, 1000.000000000000114 ) ;
#4180 = VERTEX_POINT ( 'NONE', #7505 ) ;
#4181 = VERTEX_POINT ( 'NONE', #2739 ) ;
#4182 =( GEOMETRIC_REPRESENTATION_CONTEXT ( 3 ) GLOBAL_UNCERTAINTY_ASSIGNED_CONTEXT ( ( #5452 ) ) GLOBAL_UNIT_ASSIGNED_CONTEXT ( ( #1223, #9787, #448 ) ) REPRESENTATION_CONTEXT ( 'NONE', 'WORKASPACE' ) );
#4183 = SURFACE_STYLE_USAGE ( .BOTH. , #4996 ) ;
#4184 = STYLED_ITEM ( 'NONE', ( #46 ), #1271 ) ;
#4185 = FILL_AREA_STYLE_COLOUR ( '', #9052 ) ;
#4186 = SURFACE_SIDE_STYLE ('',( #3272 ) ) ;
#4187 =( LENGTH_UNIT ( ) NAMED_UNIT ( * ) SI_UNIT ( .MILLI., .METRE. ) );
#4188 = PRESENTATION_LAYER_ASSIGNMENT (  '', '', ( #9348 ) ) ;
#4189 =( LENGTH_UNIT ( ) NAMED_UNIT ( * ) SI_UNIT ( .MILLI., .METRE. ) );
#4190 = SURFACE_SIDE_STYLE ('',( #2643 ) ) ;
#4191 = PRESENTATION_LAYER_ASSIGNMENT (  '', '', ( #1991 ) ) ;
#4192 = SHAPE_REPRESENTATION ( 'M3.5 x 35 Screw head', ( #5069 ), #3768 ) ;
#4193 = EDGE_LOOP ( 'NONE', ( #4156, #6729, #4786 ) ) ;
#4194 =( LENGTH_UNIT ( ) NAMED_UNIT ( * ) SI_UNIT ( .MILLI., .METRE. ) );
#4195 = FACE_BOUND ( 'NONE', #2446, .T. ) ;
#4196 = DIRECTION ( 'NONE',  ( 0.000000000000000000, 0.000000000000000000, 1.000000000000000000 ) ) ;
#4197 = PRESENTATION_STYLE_ASSIGNMENT (( #7940 ) ) ;
#4198 = PLANE ( 'NONE',  #7394 ) ;
#4199 = PRESENTATION_LAYER_ASSIGNMENT (  '', '', ( #8167 ) ) ;
#4200 =( NAMED_UNIT ( * ) PLANE_ANGLE_UNIT ( ) SI_UNIT ( $, .RADIAN. ) );
#4201 = FACE_OUTER_BOUND ( 'NONE', #2257, .T. ) ;
#4202 = DIRECTION ( 'NONE',  ( 0.000000000000000000, 0.000000000000000000, 1.000000000000000000 ) ) ;
#4203 = PRESENTATION_LAYER_ASSIGNMENT (  '', '', ( #8848 ) ) ;
#4204 =( NAMED_UNIT ( * ) PLANE_ANGLE_UNIT ( ) SI_UNIT ( $, .RADIAN. ) );
#4205 = AXIS2_PLACEMENT_3D ( 'NONE', #3218, #1711, #6573 ) ;
#4206 =( LENGTH_UNIT ( ) NAMED_UNIT ( * ) SI_UNIT ( .MILLI., .METRE. ) );
#4207 = DIRECTION ( 'NONE',  ( -1.000000000000000000, 0.000000000000000000, 0.000000000000000000 ) ) ;
#4208 = CARTESIAN_POINT ( 'NONE',  ( 1.949999999999999956, -0.2175000000000000266, -0.2174999999999999989 ) ) ;
#4209 = VERTEX_POINT ( 'NONE', #1940 ) ;
#4210 = EDGE_CURVE ( 'NONE', #7305, #5619, #7945, .T. ) ;
#4211 = SURFACE_SIDE_STYLE ('',( #6432 ) ) ;
#4212 = CARTESIAN_POINT ( 'NONE',  ( 5.974195292295553905, 2.619630734554813543E-16, -0.2313525518329656583 ) ) ;
#4213 = AXIS2_PLACEMENT_3D ( 'NONE', #265, #5858, #1043 ) ;
#4214 = ORIENTED_EDGE ( 'NONE', *, *, #7583, .F. ) ;
#4215 = SURFACE_STYLE_USAGE ( .BOTH. , #5081 ) ;
#4216 = SURFACE_SIDE_STYLE ('',( #5933 ) ) ;
#4217 = LINE ( 'NONE', #7385, #1205 ) ;
#4218 = SURFACE_STYLE_USAGE ( .BOTH. , #1742 ) ;
#4219 = LINE ( 'NONE', #5084, #531 ) ;
#4220 = CARTESIAN_POINT ( 'NONE',  ( 5.974195292295553905, 2.619630734554813543E-16, -0.2313525518329656583 ) ) ;
#4221 = COLOUR_RGB ( '',0.7764705882352941346, 0.7568627450980391913, 0.7372549019607843590 ) ;
#4222 = MECHANICAL_DESIGN_GEOMETRIC_PRESENTATION_REPRESENTATION (  '', ( #8713 ), #2014 ) ;
#4223 = ORIENTED_EDGE ( 'NONE', *, *, #4115, .T. ) ;
#4224 = DIRECTION ( 'NONE',  ( -1.000000000000000000, -0.000000000000000000, -0.000000000000000000 ) ) ;
#4225 = STYLED_ITEM ( 'NONE', ( #6314 ), #6591 ) ;
#4226 = UNCERTAINTY_MEASURE_WITH_UNIT (LENGTH_MEASURE( 1.000000000000000082E-05 ), #7477, 'distance_accuracy_value', 'NONE');
#4227 = EDGE_LOOP ( 'NONE', ( #1462, #516, #1030 ) ) ;
#4228 = CARTESIAN_POINT ( 'NONE',  ( 1.347043950347263763, 0.000000000000000000, 0.000000000000000000 ) ) ;
#4229 = CIRCLE ( 'NONE', #9877, 5.995482475482741158 ) ;
#4230 = LINE ( 'NONE', #9844, #6467 ) ;
#4231 = FILL_AREA_STYLE_COLOUR ( '', #1420 ) ;
#4232 = SURFACE_STYLE_FILL_AREA ( #284 ) ;
#4233 = SURFACE_STYLE_FILL_AREA ( #3871 ) ;
#4234 = FILL_AREA_STYLE_COLOUR ( '', #7442 ) ;
#4235 = UNCERTAINTY_MEASURE_WITH_UNIT (LENGTH_MEASURE( 1.000000000000000082E-05 ), #8363, 'distance_accuracy_value', 'NONE');
#4236 = TOROIDAL_SURFACE ( 'NONE', #4563, 3.080000000000000515, 0.4200000000000000400 ) ;
#4237 = EDGE_CURVE ( 'NONE', #3978, #2457, #4880, .T. ) ;
#4238 = ORIENTED_EDGE ( 'NONE', *, *, #8914, .T. ) ;
#4239 =( LENGTH_UNIT ( ) NAMED_UNIT ( * ) SI_UNIT ( .MILLI., .METRE. ) );
#4240 = PRESENTATION_STYLE_ASSIGNMENT (( #6798 ) ) ;
#4241 = CARTESIAN_POINT ( 'NONE',  ( 10.60000000000000142, 0.000000000000000000, 0.000000000000000000 ) ) ;
#4242 = PRESENTATION_LAYER_ASSIGNMENT (  '', '', ( #4074 ) ) ;
#4243 = SURFACE_STYLE_FILL_AREA ( #4801 ) ;
#4244 = LINE ( 'NONE', #9022, #259 ) ;
#4245 = CARTESIAN_POINT ( 'NONE',  ( 37.60000000000000142, 0.000000000000000000, 1.749999999999999778 ) ) ;
#4246 = LINE ( 'NONE', #7416, #7980 ) ;
#4247 = ADVANCED_FACE ( 'NONE', ( #3800 ), #10304, .F. ) ;
#4248 = UNCERTAINTY_MEASURE_WITH_UNIT (LENGTH_MEASURE( 1.000000000000000082E-05 ), #10277, 'distance_accuracy_value', 'NONE');
#4249 = AXIS2_PLACEMENT_3D ( 'NONE', #9795, #9955, #5093 ) ;
#4250 = ORIENTED_EDGE ( 'NONE', *, *, #3700, .T. ) ;
#4251 =( GEOMETRIC_REPRESENTATION_CONTEXT ( 3 ) GLOBAL_UNCERTAINTY_ASSIGNED_CONTEXT ( ( #8075 ) ) GLOBAL_UNIT_ASSIGNED_CONTEXT ( ( #3449, #2649, #537 ) ) REPRESENTATION_CONTEXT ( 'NONE', 'WORKASPACE' ) );
#4252 = SURFACE_STYLE_FILL_AREA ( #1863 ) ;
#4253 = DIRECTION ( 'NONE',  ( 0.7431005017819711789, 0.08288428673722224305, -0.6640269868487610472 ) ) ;
#4254 = ORIENTED_EDGE ( 'NONE', *, *, #1197, .T. ) ;
#4255 = PRESENTATION_STYLE_ASSIGNMENT (( #9772 ) ) ;
#4256 =( LENGTH_UNIT ( ) NAMED_UNIT ( * ) SI_UNIT ( .MILLI., .METRE. ) );
#4257 = PRESENTATION_LAYER_ASSIGNMENT (  '', '', ( #3582 ) ) ;
#4258 = CIRCLE ( 'NONE', #586, 0.4199999999999998179 ) ;
#4259 = SURFACE_STYLE_FILL_AREA ( #2713 ) ;
#4260 = SURFACE_STYLE_USAGE ( .BOTH. , #9872 ) ;
#4261 = CARTESIAN_POINT ( 'NONE',  ( 0.9968214519863044520, -3.311827956989247035, -4.055819506853600563E-16 ) ) ;
#4262 = DIRECTION ( 'NONE',  ( 0.000000000000000000, 0.000000000000000000, 1.000000000000000000 ) ) ;
#4263 =( LENGTH_UNIT ( ) NAMED_UNIT ( * ) SI_UNIT ( .MILLI., .METRE. ) );
#4264 = MECHANICAL_DESIGN_GEOMETRIC_PRESENTATION_REPRESENTATION (  '', ( #1427 ), #8242 ) ;
#4265 =( GEOMETRIC_REPRESENTATION_CONTEXT ( 3 ) GLOBAL_UNCERTAINTY_ASSIGNED_CONTEXT ( ( #1724 ) ) GLOBAL_UNIT_ASSIGNED_CONTEXT ( ( #1160, #174, #7546 ) ) REPRESENTATION_CONTEXT ( 'NONE', 'WORKASPACE' ) );
#4266 = ORIENTED_EDGE ( 'NONE', *, *, #5285, .T. ) ;
#4267 = CARTESIAN_POINT ( 'NONE',  ( -25.39999999999996305, 0.000000000000000000, 0.000000000000000000 ) ) ;
#4268 = CARTESIAN_POINT ( 'NONE',  ( 1.949999999999999956, -0.2175000000000007205, 0.2174999999999993883 ) ) ;
#4269 = CARTESIAN_POINT ( 'NONE',  ( 2.214116351126373949, -0.1880408685282127235, 0.1880408685282120573 ) ) ;
#4270 = FILL_AREA_STYLE_COLOUR ( '', #6740 ) ;
#4271 =( GEOMETRIC_REPRESENTATION_CONTEXT ( 3 ) GLOBAL_UNCERTAINTY_ASSIGNED_CONTEXT ( ( #6952 ) ) GLOBAL_UNIT_ASSIGNED_CONTEXT ( ( #857, #5533, #4827 ) ) REPRESENTATION_CONTEXT ( 'NONE', 'WORKASPACE' ) );
#4272 = PRODUCT_DEFINITION_FORMATION_WITH_SPECIFIED_SOURCE ( 'ANY', '', #8865, .NOT_KNOWN. ) ;
#4273 = MECHANICAL_DESIGN_GEOMETRIC_PRESENTATION_REPRESENTATION (  '', ( #2896 ), #2398 ) ;
#4274 =( NAMED_UNIT ( * ) PLANE_ANGLE_UNIT ( ) SI_UNIT ( $, .RADIAN. ) );
#4275 = DIRECTION ( 'NONE',  ( 0.7431005017819711789, -0.08288428673721758011, -0.6640269868487616023 ) ) ;
#4276 = ORIENTED_EDGE ( 'NONE', *, *, #5154, .T. ) ;
#4277 = COLOUR_RGB ( '',0.7764705882352941346, 0.7568627450980391913, 0.7372549019607843590 ) ;
#4278 = SURFACE_SIDE_STYLE ('',( #341 ) ) ;
#4279 = APPLICATION_CONTEXT ( 'automotive_design' ) ;
#4280 = LINE ( 'NONE', #5988, #7316 ) ;
#4281 = DIRECTION ( 'NONE',  ( -0.1108510534444136914, 0.9938370308809506559, 3.595744332370143179E-15 ) ) ;
#4282 = DIRECTION ( 'NONE',  ( 0.000000000000000000, 1.000000000000000000, 1.224646799147353207E-16 ) ) ;
#4283 = EDGE_CURVE ( 'NONE', #935, #1588, #2955, .T. ) ;
#4284 = EDGE_CURVE ( 'NONE', #7454, #2543, #276, .T. ) ;
#4285 = DIRECTION ( 'NONE',  ( 0.000000000000000000, 1.224646799147353207E-16, -1.000000000000000000 ) ) ;
#4286 = VECTOR ( 'NONE', #8329, 1000.000000000000000 ) ;
#4287 = EDGE_LOOP ( 'NONE', ( #4238, #1800, #1817 ) ) ;
#4288 = ORIENTED_EDGE ( 'NONE', *, *, #5673, .T. ) ;
#4289 =( LENGTH_UNIT ( ) NAMED_UNIT ( * ) SI_UNIT ( .MILLI., .METRE. ) );
#4290 = SURFACE_STYLE_FILL_AREA ( #8084 ) ;
#4291 = FILL_AREA_STYLE_COLOUR ( '', #7518 ) ;
#4292 = DIRECTION ( 'NONE',  ( -1.000000000000000000, -0.000000000000000000, -0.000000000000000000 ) ) ;
#4293 = EDGE_CURVE ( 'NONE', #3269, #4917, #5779, .T. ) ;
#4294 = LINE ( 'NONE', #5618, #7970 ) ;
#4295 = ORIENTED_EDGE ( 'NONE', *, *, #3645, .F. ) ;
#4296 =( NAMED_UNIT ( * ) PLANE_ANGLE_UNIT ( ) SI_UNIT ( $, .RADIAN. ) );
#4297 =( NAMED_UNIT ( * ) SI_UNIT ( $, .STERADIAN. ) SOLID_ANGLE_UNIT ( ) );
#4298 = VERTEX_POINT ( 'NONE', #10001 ) ;
#4299 = ADVANCED_FACE ( 'NONE', ( #7615 ), #8843, .F. ) ;
#4300 = PRESENTATION_LAYER_ASSIGNMENT (  '', '', ( #1775 ) ) ;
#4301 = SURFACE_STYLE_FILL_AREA ( #941 ) ;
#4302 = CARTESIAN_POINT ( 'NONE',  ( 0.9968214519863044520, 0.000000000000000000, 0.000000000000000000 ) ) ;
#4303 = CARTESIAN_POINT ( 'NONE',  ( 1.347043950347265318, 0.000000000000000000, 0.000000000000000000 ) ) ;
#4304 = ORIENTED_EDGE ( 'NONE', *, *, #5293, .T. ) ;
#4305 = PRESENTATION_STYLE_ASSIGNMENT (( #5076 ) ) ;
#4306 = CARTESIAN_POINT ( 'NONE',  ( 0.9968214519863044520, -3.311827956989247035, -4.055819506853600563E-16 ) ) ;
#4307 = ORIENTED_EDGE ( 'NONE', *, *, #1657, .T. ) ;
#4308 =( LENGTH_UNIT ( ) NAMED_UNIT ( * ) SI_UNIT ( .MILLI., .METRE. ) );
#4309 = FACE_OUTER_BOUND ( 'NONE', #2832, .T. ) ;
#4310 = AXIS2_PLACEMENT_3D ( 'NONE', #7783, #9415, #9204 ) ;
#4311 = CARTESIAN_POINT ( 'NONE',  ( 2.599999999999998312, 0.000000000000000000, 0.000000000000000000 ) ) ;
#4312 = FACE_OUTER_BOUND ( 'NONE', #1047, .T. ) ;
#4313 =( LENGTH_UNIT ( ) NAMED_UNIT ( * ) SI_UNIT ( .MILLI., .METRE. ) );
#4314 = CIRCLE ( 'NONE', #6306, 3.311827956989247479 ) ;
#4315 = UNCERTAINTY_MEASURE_WITH_UNIT (LENGTH_MEASURE( 1.000000000000000082E-05 ), #4887, 'distance_accuracy_value', 'NONE');
#4316 = VERTEX_POINT ( 'NONE', #1480 ) ;
#4317 = AXIS2_PLACEMENT_3D ( 'NONE', #6153, #2918, #9445 ) ;
#4318 = PRESENTATION_STYLE_ASSIGNMENT (( #1007 ) ) ;
#4319 = LINE ( 'NONE', #2738, #7155 ) ;
#4320 = CARTESIAN_POINT ( 'NONE',  ( 2.599999999999998312, 0.000000000000000000, 0.000000000000000000 ) ) ;
#4321 =( NAMED_UNIT ( * ) PLANE_ANGLE_UNIT ( ) SI_UNIT ( $, .RADIAN. ) );
#4322 = DIRECTION ( 'NONE',  ( 0.000000000000000000, 0.000000000000000000, -1.000000000000000000 ) ) ;
#4323 =( LENGTH_UNIT ( ) NAMED_UNIT ( * ) SI_UNIT ( .MILLI., .METRE. ) );
#4324 = CARTESIAN_POINT ( 'NONE',  ( 0.2553644383338094515, 1.731808957027352269, 0.000000000000000000 ) ) ;
#4325 = SURFACE_SIDE_STYLE ('',( #6452 ) ) ;
#4326 = CARTESIAN_POINT ( 'NONE',  ( 6.000000000000000000, 2.326828918379972351E-16, 0.000000000000000000 ) ) ;
#4327 =( GEOMETRIC_REPRESENTATION_CONTEXT ( 3 ) GLOBAL_UNCERTAINTY_ASSIGNED_CONTEXT ( ( #8280 ) ) GLOBAL_UNIT_ASSIGNED_CONTEXT ( ( #1922, #1773, #4152 ) ) REPRESENTATION_CONTEXT ( 'NONE', 'WORKASPACE' ) );
#4328 = VERTEX_POINT ( 'NONE', #7175 ) ;
#4329 = MECHANICAL_DESIGN_GEOMETRIC_PRESENTATION_REPRESENTATION (  '', ( #2989 ), #2462 ) ;
#4330 = UNCERTAINTY_MEASURE_WITH_UNIT (LENGTH_MEASURE( 1.000000000000000082E-05 ), #9475, 'distance_accuracy_value', 'NONE');
#4331 = SURFACE_SIDE_STYLE ('',( #1947 ) ) ;
#4332 = ORIENTED_EDGE ( 'NONE', *, *, #6392, .F. ) ;
#4333 = EDGE_LOOP ( 'NONE', ( #6127, #6825, #9341 ) ) ;
#4334 = EDGE_CURVE ( 'NONE', #2351, #5996, #1451, .T. ) ;
#4335 = CIRCLE ( 'NONE', #2819, 5.995482475482741158 ) ;
#4336 =( NAMED_UNIT ( * ) PLANE_ANGLE_UNIT ( ) SI_UNIT ( $, .RADIAN. ) );
#4337 = ORIENTED_EDGE ( 'NONE', *, *, #5167, .F. ) ;
#4338 =( NAMED_UNIT ( * ) SI_UNIT ( $, .STERADIAN. ) SOLID_ANGLE_UNIT ( ) );
#4339 = FACE_OUTER_BOUND ( 'NONE', #4670, .T. ) ;
#4340 =( LENGTH_UNIT ( ) NAMED_UNIT ( * ) SI_UNIT ( .MILLI., .METRE. ) );
#4341 = PRESENTATION_STYLE_ASSIGNMENT (( #1130 ) ) ;
#4342 = CARTESIAN_POINT ( 'NONE',  ( -25.39999999999996305, 0.000000000000000000, 0.000000000000000000 ) ) ;
#4343 = CARTESIAN_POINT ( 'NONE',  ( 2.193400286944045430, -4.336808689942017736E-16, -0.1903515064562410486 ) ) ;
#4344 =( LENGTH_UNIT ( ) NAMED_UNIT ( * ) SI_UNIT ( .MILLI., .METRE. ) );
#4345 = MECHANICAL_DESIGN_GEOMETRIC_PRESENTATION_REPRESENTATION (  '', ( #8826 ), #6668 ) ;
#4346 =( NAMED_UNIT ( * ) PLANE_ANGLE_UNIT ( ) SI_UNIT ( $, .RADIAN. ) );
#4347 = AXIS2_PLACEMENT_3D ( 'NONE', #9835, #8264, #2731 ) ;
#4348 = PRESENTATION_LAYER_ASSIGNMENT (  '', '', ( #4993 ) ) ;
#4349 = ORIENTED_EDGE ( 'NONE', *, *, #1844, .T. ) ;
#4350 = EDGE_CURVE ( 'NONE', #5807, #5173, #2106, .T. ) ;
#4351 = DIRECTION ( 'NONE',  ( 0.000000000000000000, 0.000000000000000000, 1.000000000000000000 ) ) ;
#4352 =( NAMED_UNIT ( * ) PLANE_ANGLE_UNIT ( ) SI_UNIT ( $, .RADIAN. ) );
#4353 = DIRECTION ( 'NONE',  ( 0.000000000000000000, 0.000000000000000000, 1.000000000000000000 ) ) ;
#4354 = VERTEX_POINT ( 'NONE', #3248 ) ;
#4355 = COLOUR_RGB ( '',0.7921568627450980005, 0.8196078431372548767, 0.9333333333333333481 ) ;
#4356 = AXIS2_PLACEMENT_3D ( 'NONE', #7628, #3499, #4502 ) ;
#4357 =( LENGTH_UNIT ( ) NAMED_UNIT ( * ) SI_UNIT ( .MILLI., .METRE. ) );
#4358 = FILL_AREA_STYLE ('',( #1145 ) ) ;
#4359 = DIRECTION ( 'NONE',  ( -0.1108510534444137469, 2.096348086633972484E-17, 0.9938370308809506559 ) ) ;
#4360 = ORIENTED_EDGE ( 'NONE', *, *, #757, .F. ) ;
#4361 = STYLED_ITEM ( 'NONE', ( #4787 ), #8820 ) ;
#4362 = ORIENTED_EDGE ( 'NONE', *, *, #9781, .T. ) ;
#4363 = PLANE ( 'NONE',  #7043 ) ;
#4364 = ORIENTED_EDGE ( 'NONE', *, *, #6427, .F. ) ;
#4365 = EDGE_CURVE ( 'NONE', #9370, #2962, #2456, .T. ) ;
#4366 = AXIS2_PLACEMENT_3D ( 'NONE', #2849, #5948, #9120 ) ;
#4367 = FILL_AREA_STYLE_COLOUR ( '', #6183 ) ;
#4368 = ORIENTED_EDGE ( 'NONE', *, *, #4106, .T. ) ;
#4369 = CIRCLE ( 'NONE', #3701, 5.437518987584764929 ) ;
#4370 = COLOUR_RGB ( '',0.7764705882352941346, 0.7568627450980391913, 0.7372549019607843590 ) ;
#4371 = CARTESIAN_POINT ( 'NONE',  ( 4.309938594911940868, 6.836180637525074799E-15, -1.891316923914901693 ) ) ;
#4372 = STYLED_ITEM ( 'NONE', ( #5974 ), #1566 ) ;
#4373 = ORIENTED_EDGE ( 'NONE', *, *, #9041, .T. ) ;
#4374 = ADVANCED_BREP_SHAPE_REPRESENTATION ( '', ( #5165, #5069 ), #1731 ) ;
#4375 = ADVANCED_FACE ( 'NONE', ( #8316 ), #7387, .T. ) ;
#4376 = CIRCLE ( 'NONE', #4705, 5.437518987584765817 ) ;
#4377 = VERTEX_POINT ( 'NONE', #7603 ) ;
#4378 =( NAMED_UNIT ( * ) SI_UNIT ( $, .STERADIAN. ) SOLID_ANGLE_UNIT ( ) );
#4379 = SURFACE_SIDE_STYLE ('',( #184 ) ) ;
#4380 = CARTESIAN_POINT ( 'NONE',  ( 22.60000000000000142, 0.000000000000000000, 1.749999999999999778 ) ) ;
#4381 = CARTESIAN_POINT ( 'NONE',  ( 1.347043950347263763, 0.000000000000000000, 3.080000000000000515 ) ) ;
#4382 = AXIS2_PLACEMENT_3D ( 'NONE', #8551, #8656, #1481 ) ;
#4383 = DIRECTION ( 'NONE',  ( 0.7431005017819711789, 0.6640269868487613802, -0.08288428673721975892 ) ) ;
#4384 = COLOUR_RGB ( '',0.7764705882352941346, 0.7568627450980391913, 0.7372549019607843590 ) ;
#4385 = DIRECTION ( 'NONE',  ( -1.000000000000000000, -0.000000000000000000, -0.000000000000000000 ) ) ;
#4386 = EDGE_LOOP ( 'NONE', ( #5324, #2475, #5080, #4337 ) ) ;
#4387 = PLANE ( 'NONE',  #1352 ) ;
#4388 = VERTEX_POINT ( 'NONE', #2200 ) ;
#4389 = VERTEX_POINT ( 'NONE', #2093 ) ;
#4390 = CIRCLE ( 'NONE', #3551, 5.995482475482740270 ) ;
#4391 = PRESENTATION_LAYER_ASSIGNMENT (  '', '', ( #9705 ) ) ;
#4392 = DIRECTION ( 'NONE',  ( 0.9877866216249069353, 0.1101762001043169042, -0.1101762001043164879 ) ) ;
#4393 = FACE_OUTER_BOUND ( 'NONE', #5317, .T. ) ;
#4394 = SURFACE_SIDE_STYLE ('',( #4608 ) ) ;
#4395 = CARTESIAN_POINT ( 'NONE',  ( 2.193400286944045430, -4.336808689942017736E-16, -0.1903515064562410486 ) ) ;
#4396 = PRESENTATION_LAYER_ASSIGNMENT (  '', '', ( #4883 ) ) ;
#4397 = CARTESIAN_POINT ( 'NONE',  ( 2.193400286944045430, -0.1903515064562409931, -2.309278636184418912E-16 ) ) ;
#4398 = DIRECTION ( 'NONE',  ( -0.7456662065614396706, 0.6663196743247736809, 0.000000000000000000 ) ) ;
#4399 = ADVANCED_FACE ( 'NONE', ( #6180 ), #6033, .F. ) ;
#4400 = PRODUCT_CONTEXT ( 'NONE', #8538, 'mechanical' ) ;
#4401 = FILL_AREA_STYLE_COLOUR ( '', #9161 ) ;
#4402 = MECHANICAL_DESIGN_GEOMETRIC_PRESENTATION_REPRESENTATION (  '', ( #7391 ), #9049 ) ;
#4403 = ORIENTED_EDGE ( 'NONE', *, *, #2180, .T. ) ;
#4404 = MECHANICAL_DESIGN_GEOMETRIC_PRESENTATION_REPRESENTATION (  '', ( #5384 ), #9556 ) ;
#4405 = ORIENTED_EDGE ( 'NONE', *, *, #5941, .F. ) ;
#4406 = FILL_AREA_STYLE_COLOUR ( '', #8124 ) ;
#4407 = SURFACE_STYLE_USAGE ( .BOTH. , #3622 ) ;
#4408 = DIRECTION ( 'NONE',  ( -1.000000000000000000, -0.000000000000000000, -0.000000000000000000 ) ) ;
#4409 = SURFACE_STYLE_FILL_AREA ( #8355 ) ;
#4410 = ADVANCED_FACE ( 'NONE', ( #3996 ), #1671, .T. ) ;
#4411 = SURFACE_STYLE_FILL_AREA ( #8194 ) ;
#4412 = EDGE_CURVE ( 'NONE', #4517, #8140, #7641, .T. ) ;
#4413 = ORIENTED_EDGE ( 'NONE', *, *, #4870, .F. ) ;
#4414 = SURFACE_STYLE_FILL_AREA ( #10193 ) ;
#4415 =( GEOMETRIC_REPRESENTATION_CONTEXT ( 3 ) GLOBAL_UNCERTAINTY_ASSIGNED_CONTEXT ( ( #7659 ) ) GLOBAL_UNIT_ASSIGNED_CONTEXT ( ( #89, #5780, #8119 ) ) REPRESENTATION_CONTEXT ( 'NONE', 'WORKASPACE' ) );
#4416 = SURFACE_STYLE_FILL_AREA ( #8361 ) ;
#4417 = VERTEX_POINT ( 'NONE', #10203 ) ;
#4418 = DIRECTION ( 'NONE',  ( 0.000000000000000000, 0.000000000000000000, 1.000000000000000000 ) ) ;
#4419 = LINE ( 'NONE', #7595, #7075 ) ;
#4420 = ORIENTED_EDGE ( 'NONE', *, *, #6095, .T. ) ;
#4421 =( GEOMETRIC_REPRESENTATION_CONTEXT ( 3 ) GLOBAL_UNCERTAINTY_ASSIGNED_CONTEXT ( ( #3397 ) ) GLOBAL_UNIT_ASSIGNED_CONTEXT ( ( #3999, #4873, #986 ) ) REPRESENTATION_CONTEXT ( 'NONE', 'WORKASPACE' ) );
#4422 = STYLED_ITEM ( 'NONE', ( #2319 ), #2924 ) ;
#4423 =( GEOMETRIC_REPRESENTATION_CONTEXT ( 3 ) GLOBAL_UNCERTAINTY_ASSIGNED_CONTEXT ( ( #592 ) ) GLOBAL_UNIT_ASSIGNED_CONTEXT ( ( #9550, #3375, #8677 ) ) REPRESENTATION_CONTEXT ( 'NONE', 'WORKASPACE' ) );
#4424 = CIRCLE ( 'NONE', #8235, 1.749999999999999778 ) ;
#4425 = LINE ( 'NONE', #1381, #7058 ) ;
#4426 = FILL_AREA_STYLE_COLOUR ( '', #10236 ) ;
#4427 = ADVANCED_FACE ( 'NONE', ( #3951 ), #2655, .T. ) ;
#4428 = DIRECTION ( 'NONE',  ( 0.6663196743247736809, 0.7456662065614397816, 0.000000000000000000 ) ) ;
#4429 = VERTEX_POINT ( 'NONE', #6592 ) ;
#4430 = UNCERTAINTY_MEASURE_WITH_UNIT (LENGTH_MEASURE( 1.000000000000000082E-05 ), #6130, 'distance_accuracy_value', 'NONE');
#4431 = STYLED_ITEM ( 'NONE', ( #6561 ), #2982 ) ;
#4432 = PRESENTATION_LAYER_ASSIGNMENT (  '', '', ( #8593 ) ) ;
#4433 = CARTESIAN_POINT ( 'NONE',  ( 1.347043950347265318, 0.000000000000000000, 0.000000000000000000 ) ) ;
#4434 = VERTEX_POINT ( 'NONE', #1040 ) ;
#4435 = SURFACE_SIDE_STYLE ('',( #5446 ) ) ;
#4436 = SURFACE_STYLE_FILL_AREA ( #2678 ) ;
#4437 = FACE_OUTER_BOUND ( 'NONE', #577, .T. ) ;
#4438 = AXIS2_PLACEMENT_3D ( 'NONE', #2212, #6944, #1334 ) ;
#4439 = DIRECTION ( 'NONE',  ( -0.1108510534444136914, 0.9938370308809506559, 3.595744332370143968E-15 ) ) ;
#4440 = SURFACE_SIDE_STYLE ('',( #235 ) ) ;
#4441 = STYLED_ITEM ( 'NONE', ( #2358 ), #10073 ) ;
#4442 = DIRECTION ( 'NONE',  ( -0.1108510534444137469, -0.9938370308809506559, -3.448999966305766196E-15 ) ) ;
#4443 = DIRECTION ( 'NONE',  ( 0.000000000000000000, 0.000000000000000000, 1.000000000000000000 ) ) ;
#4444 = ADVANCED_FACE ( 'NONE', ( #6535 ), #8933, .F. ) ;
#4445 = CARTESIAN_POINT ( 'NONE',  ( 0.000000000000000000, 1.959999999999999964, 0.4350000000000001088 ) ) ;
#4446 = FILL_AREA_STYLE_COLOUR ( '', #2000 ) ;
#4447 = VERTEX_POINT ( 'NONE', #8137 ) ;
#4448 = CARTESIAN_POINT ( 'NONE',  ( 2.193400286944045430, -0.1903515064562409931, -2.309278636184418912E-16 ) ) ;
#4449 = UNCERTAINTY_MEASURE_WITH_UNIT (LENGTH_MEASURE( 1.000000000000000082E-05 ), #5527, 'distance_accuracy_value', 'NONE');
#4450 = DIRECTION ( 'NONE',  ( -1.000000000000000000, -0.000000000000000000, -0.000000000000000000 ) ) ;
#4451 = VERTEX_POINT ( 'NONE', #3348 ) ;
#4452 = SURFACE_SIDE_STYLE ('',( #5259 ) ) ;
#4453 = ORIENTED_EDGE ( 'NONE', *, *, #2594, .T. ) ;
#4454 = DIRECTION ( 'NONE',  ( -0.1108510534444137469, 2.096348086633972484E-17, 0.9938370308809506559 ) ) ;
#4455 = FILL_AREA_STYLE ('',( #4291 ) ) ;
#4456 = CARTESIAN_POINT ( 'NONE',  ( 1.949999999999999956, 0.2174999999999999989, -0.2174999999999999711 ) ) ;
#4457 = PRESENTATION_STYLE_ASSIGNMENT (( #7522 ) ) ;
#4458 = ADVANCED_FACE ( 'NONE', ( #5799 ), #1823, .T. ) ;
#4459 = COLOUR_RGB ( '',0.7764705882352941346, 0.7568627450980391913, 0.7372549019607843590 ) ;
#4460 = SURFACE_SIDE_STYLE ('',( #4505 ) ) ;
#4461 = APPLICATION_PROTOCOL_DEFINITION ( 'draft international standard', 'automotive_design', 1998, #4279 ) ;
#4462 = ORIENTED_EDGE ( 'NONE', *, *, #7342, .T. ) ;
#4463 = DIRECTION ( 'NONE',  ( -1.000000000000000000, -0.000000000000000000, -0.000000000000000000 ) ) ;
#4464 = CARTESIAN_POINT ( 'NONE',  ( 12.60000000000000320, 0.000000000000000000, 0.000000000000000000 ) ) ;
#4465 = CIRCLE ( 'NONE', #1093, 1.749999999999999778 ) ;
#4466 = ORIENTED_EDGE ( 'NONE', *, *, #4568, .F. ) ;
#4467 = DIRECTION ( 'NONE',  ( 0.000000000000000000, 0.000000000000000000, 1.000000000000000000 ) ) ;
#4468 =( LENGTH_UNIT ( ) NAMED_UNIT ( * ) SI_UNIT ( .MILLI., .METRE. ) );
#4469 =( NAMED_UNIT ( * ) SI_UNIT ( $, .STERADIAN. ) SOLID_ANGLE_UNIT ( ) );
#4470 = EDGE_LOOP ( 'NONE', ( #1121, #56, #7265, #2987, #3130, #5119, #7919, #1169, #6953, #382, #7140 ) ) ;
#4471 = MECHANICAL_DESIGN_GEOMETRIC_PRESENTATION_REPRESENTATION (  '', ( #3625 ), #6128 ) ;
#4472 = DIRECTION ( 'NONE',  ( -0.1108510534444136914, 1.257808851980383614E-16, -0.9938370308809506559 ) ) ;
#4473 = SURFACE_SIDE_STYLE ('',( #6026 ) ) ;
#4474 = EDGE_CURVE ( 'NONE', #6811, #9852, #4810, .T. ) ;
#4475 = EDGE_CURVE ( 'NONE', #4316, #5996, #3827, .T. ) ;
#4476 = ORIENTED_EDGE ( 'NONE', *, *, #1916, .F. ) ;
#4477 = VECTOR ( 'NONE', #1219, 999.9999999999998863 ) ;
#4478 = FACE_OUTER_BOUND ( 'NONE', #10111, .T. ) ;
#4479 = DIRECTION ( 'NONE',  ( 0.000000000000000000, 0.000000000000000000, 1.000000000000000000 ) ) ;
#4480 = CARTESIAN_POINT ( 'NONE',  ( 4.309938594911940868, -1.891316923914901471, 0.000000000000000000 ) ) ;
#4481 = FACE_OUTER_BOUND ( 'NONE', #9582, .T. ) ;
#4482 = APPLICATION_CONTEXT ( 'automotive_design' ) ;
#4483 = FILL_AREA_STYLE_COLOUR ( '', #9544 ) ;
#4484 = EDGE_LOOP ( 'NONE', ( #5530, #5680, #9970, #7736, #8044 ) ) ;
#4485 = ADVANCED_FACE ( 'NONE', ( #488 ), #9208, .T. ) ;
#4486 = SURFACE_STYLE_USAGE ( .BOTH. , #230 ) ;
#4487 = FILL_AREA_STYLE_COLOUR ( '', #3377 ) ;
#4488 = CARTESIAN_POINT ( 'NONE',  ( 2.599999999999998312, 2.143131898507868051E-16, -1.749999999999999778 ) ) ;
#4489 =( NAMED_UNIT ( * ) PLANE_ANGLE_UNIT ( ) SI_UNIT ( $, .RADIAN. ) );
#4490 =( NAMED_UNIT ( * ) SI_UNIT ( $, .STERADIAN. ) SOLID_ANGLE_UNIT ( ) );
#4491 =( NAMED_UNIT ( * ) PLANE_ANGLE_UNIT ( ) SI_UNIT ( $, .RADIAN. ) );
#4492 = ORIENTED_EDGE ( 'NONE', *, *, #6311, .T. ) ;
#4493 = DIRECTION ( 'NONE',  ( 0.000000000000000000, 1.000000000000000000, 6.231046968307495628E-17 ) ) ;
#4494 = PRESENTATION_LAYER_ASSIGNMENT (  '', '', ( #6304 ) ) ;
#4495 = EDGE_LOOP ( 'NONE', ( #10014, #10012, #1799 ) ) ;
#4496 = STYLED_ITEM ( 'NONE', ( #2754 ), #305 ) ;
#4497 = EDGE_LOOP ( 'NONE', ( #1100, #5221 ) ) ;
#4498 = EDGE_CURVE ( 'NONE', #7621, #3413, #1956, .T. ) ;
#4499 = SURFACE_STYLE_FILL_AREA ( #3492 ) ;
#4500 = ORIENTED_EDGE ( 'NONE', *, *, #4732, .T. ) ;
#4501 =( LENGTH_UNIT ( ) NAMED_UNIT ( * ) SI_UNIT ( .MILLI., .METRE. ) );
#4502 = DIRECTION ( 'NONE',  ( 0.000000000000000000, 0.000000000000000000, 1.000000000000000000 ) ) ;
#4503 =( LENGTH_UNIT ( ) NAMED_UNIT ( * ) SI_UNIT ( .MILLI., .METRE. ) );
#4504 = DIRECTION ( 'NONE',  ( 0.6663196743247736809, 0.7456662065614397816, 0.000000000000000000 ) ) ;
#4505 = SURFACE_STYLE_FILL_AREA ( #5315 ) ;
#4506 = COLOUR_RGB ( '',0.7764705882352941346, 0.7568627450980391913, 0.7372549019607843590 ) ;
#4507 = EDGE_LOOP ( 'NONE', ( #8846, #5814, #6420 ) ) ;
#4508 =( GEOMETRIC_REPRESENTATION_CONTEXT ( 3 ) GLOBAL_UNCERTAINTY_ASSIGNED_CONTEXT ( ( #3489 ) ) GLOBAL_UNIT_ASSIGNED_CONTEXT ( ( #7786, #3177, #8577 ) ) REPRESENTATION_CONTEXT ( 'NONE', 'WORKASPACE' ) );
#4509 = VECTOR ( 'NONE', #2155, 1000.000000000000114 ) ;
#4510 = CYLINDRICAL_SURFACE ( 'NONE', #6378, 3.500000000000000444 ) ;
#4511 = PLANE ( 'NONE',  #9723 ) ;
#4512 = FILL_AREA_STYLE ('',( #7492 ) ) ;
#4513 =( LENGTH_UNIT ( ) NAMED_UNIT ( * ) SI_UNIT ( .MILLI., .METRE. ) );
#4514 =( GEOMETRIC_REPRESENTATION_CONTEXT ( 3 ) GLOBAL_UNCERTAINTY_ASSIGNED_CONTEXT ( ( #4315 ) ) GLOBAL_UNIT_ASSIGNED_CONTEXT ( ( #4887, #7290, #5818 ) ) REPRESENTATION_CONTEXT ( 'NONE', 'WORKASPACE' ) );
#4515 =( GEOMETRIC_REPRESENTATION_CONTEXT ( 3 ) GLOBAL_UNCERTAINTY_ASSIGNED_CONTEXT ( ( #7046 ) ) GLOBAL_UNIT_ASSIGNED_CONTEXT ( ( #3160, #7964, #1547 ) ) REPRESENTATION_CONTEXT ( 'NONE', 'WORKASPACE' ) );
#4516 = DIRECTION ( 'NONE',  ( 0.9938370308809507669, 0.000000000000000000, 0.1108510534444137746 ) ) ;
#4517 = VERTEX_POINT ( 'NONE', #2767 ) ;
#4518 = COLOUR_RGB ( '',0.7764705882352941346, 0.7568627450980391913, 0.7372549019607843590 ) ;
#4519 =( NAMED_UNIT ( * ) SI_UNIT ( $, .STERADIAN. ) SOLID_ANGLE_UNIT ( ) );
#4520 = FILL_AREA_STYLE_COLOUR ( '', #4174 ) ;
#4521 = ORIENTED_EDGE ( 'NONE', *, *, #3700, .F. ) ;
#4522 =( GEOMETRIC_REPRESENTATION_CONTEXT ( 3 ) GLOBAL_UNCERTAINTY_ASSIGNED_CONTEXT ( ( #2542 ) ) GLOBAL_UNIT_ASSIGNED_CONTEXT ( ( #558, #1989, #8598 ) ) REPRESENTATION_CONTEXT ( 'NONE', 'WORKASPACE' ) );
#4523 = AXIS2_PLACEMENT_3D ( 'NONE', #5496, #2407, #3246 ) ;
#4524 = AXIS2_PLACEMENT_3D ( 'NONE', #6182, #6035, #10153 ) ;
#4525 = COLOUR_RGB ( '',0.7764705882352941346, 0.7568627450980391913, 0.7372549019607843590 ) ;
#4526 = VERTEX_POINT ( 'NONE', #5969 ) ;
#4527 = DIRECTION ( 'NONE',  ( -1.000000000000000000, -0.000000000000000000, -0.000000000000000000 ) ) ;
#4528 = DIRECTION ( 'NONE',  ( -0.9938370308809506559, 0.000000000000000000, 0.1108510534444136914 ) ) ;
#4529 = AXIS2_PLACEMENT_3D ( 'NONE', #929, #7311, #9081 ) ;
#4530 = PRESENTATION_LAYER_ASSIGNMENT (  '', '', ( #6181 ) ) ;
#4531 = EDGE_CURVE ( 'NONE', #2457, #1591, #9149, .T. ) ;
#4532 = SURFACE_SIDE_STYLE ('',( #1437 ) ) ;
#4533 = ORIENTED_EDGE ( 'NONE', *, *, #6250, .T. ) ;
#4534 = CIRCLE ( 'NONE', #840, 6.000000000000000000 ) ;
#4535 = MECHANICAL_DESIGN_GEOMETRIC_PRESENTATION_REPRESENTATION (  '', ( #5344 ), #2489 ) ;
#4536 = LINE ( 'NONE', #2048, #4509 ) ;
#4537 = PRESENTATION_STYLE_ASSIGNMENT (( #1337 ) ) ;
#4538 = DIRECTION ( 'NONE',  ( -1.000000000000000000, -0.000000000000000000, -0.000000000000000000 ) ) ;
#4539 = CARTESIAN_POINT ( 'NONE',  ( 5.974195292295553905, 0.2313525518329656860, 8.370432990360215258E-16 ) ) ;
#4540 =( GEOMETRIC_REPRESENTATION_CONTEXT ( 3 ) GLOBAL_UNCERTAINTY_ASSIGNED_CONTEXT ( ( #2647 ) ) GLOBAL_UNIT_ASSIGNED_CONTEXT ( ( #9428, #3600, #3001 ) ) REPRESENTATION_CONTEXT ( 'NONE', 'WORKASPACE' ) );
#4541 = ORIENTED_EDGE ( 'NONE', *, *, #6003, .F. ) ;
#4542 = FILL_AREA_STYLE_COLOUR ( '', #6524 ) ;
#4543 = EDGE_CURVE ( 'NONE', #8309, #678, #5476, .T. ) ;
#4544 = VECTOR ( 'NONE', #6412, 1000.000000000000000 ) ;
#4545 = UNCERTAINTY_MEASURE_WITH_UNIT (LENGTH_MEASURE( 1.000000000000000082E-05 ), #2892, 'distance_accuracy_value', 'NONE');
#4546 = ORIENTED_EDGE ( 'NONE', *, *, #3530, .F. ) ;
#4547 = ORIENTED_EDGE ( 'NONE', *, *, #8289, .T. ) ;
#4548 = ORIENTED_EDGE ( 'NONE', *, *, #10141, .F. ) ;
#4549 = AXIS2_PLACEMENT_3D ( 'NONE', #5389, #8594, #9470 ) ;
#4550 = SURFACE_STYLE_FILL_AREA ( #8505 ) ;
#4551 = DIRECTION ( 'NONE',  ( 0.000000000000000000, 0.000000000000000000, 1.000000000000000000 ) ) ;
#4552 = FILL_AREA_STYLE ('',( #8566 ) ) ;
#4553 = DIRECTION ( 'NONE',  ( -1.000000000000000000, -0.000000000000000000, -0.000000000000000000 ) ) ;
#4554 = EDGE_CURVE ( 'NONE', #1874, #9907, #1965, .T. ) ;
#4555 = SHAPE_DEFINITION_REPRESENTATION ( #5440, #10255 ) ;
#4556 = MECHANICAL_DESIGN_GEOMETRIC_PRESENTATION_REPRESENTATION (  '', ( #10049 ), #1695 ) ;
#4557 = UNCERTAINTY_MEASURE_WITH_UNIT (LENGTH_MEASURE( 1.000000000000000082E-05 ), #7695, 'distance_accuracy_value', 'NONE');
#4558 = AXIS2_PLACEMENT_3D ( 'NONE', #7000, #2870, #5205 ) ;
#4559 = VERTEX_POINT ( 'NONE', #7888 ) ;
#4560 = DIRECTION ( 'NONE',  ( -1.000000000000000000, -0.000000000000000000, -0.000000000000000000 ) ) ;
#4561 =( NAMED_UNIT ( * ) PLANE_ANGLE_UNIT ( ) SI_UNIT ( $, .RADIAN. ) );
#4562 =( NAMED_UNIT ( * ) SI_UNIT ( $, .STERADIAN. ) SOLID_ANGLE_UNIT ( ) );
#4563 = AXIS2_PLACEMENT_3D ( 'NONE', #9225, #1384, #450 ) ;
#4564 = DIRECTION ( 'NONE',  ( -1.000000000000000000, -0.000000000000000000, -0.000000000000000000 ) ) ;
#4565 = DIRECTION ( 'NONE',  ( 0.9877866216249069353, -0.1101762001043169320, 0.1101762001043165712 ) ) ;
#4566 = PRESENTATION_STYLE_ASSIGNMENT (( #10095 ) ) ;
#4567 = FILL_AREA_STYLE_COLOUR ( '', #5184 ) ;
#4568 = EDGE_CURVE ( 'NONE', #3016, #1964, #304, .T. ) ;
#4569 = ORIENTED_EDGE ( 'NONE', *, *, #6772, .T. ) ;
#4570 = COLOUR_RGB ( '',0.7764705882352941346, 0.7568627450980391913, 0.7372549019607843590 ) ;
#4571 = LINE ( 'NONE', #2988, #6176 ) ;
#4572 = DIRECTION ( 'NONE',  ( -0.1108510534444137469, 2.096348086633972484E-17, 0.9938370308809506559 ) ) ;
#4573 =( GEOMETRIC_REPRESENTATION_CONTEXT ( 3 ) GLOBAL_UNCERTAINTY_ASSIGNED_CONTEXT ( ( #1088 ) ) GLOBAL_UNIT_ASSIGNED_CONTEXT ( ( #6501, #6406, #2419 ) ) REPRESENTATION_CONTEXT ( 'NONE', 'WORKASPACE' ) );
#4574 = ORIENTED_EDGE ( 'NONE', *, *, #3118, .T. ) ;
#4575 = SURFACE_SIDE_STYLE ('',( #10102 ) ) ;
#4576 =( GEOMETRIC_REPRESENTATION_CONTEXT ( 3 ) GLOBAL_UNCERTAINTY_ASSIGNED_CONTEXT ( ( #7072 ) ) GLOBAL_UNIT_ASSIGNED_CONTEXT ( ( #2622, #4988, #2576 ) ) REPRESENTATION_CONTEXT ( 'NONE', 'WORKASPACE' ) );
#4577 = DIRECTION ( 'NONE',  ( 0.000000000000000000, 0.000000000000000000, 1.000000000000000000 ) ) ;
#4578 = SURFACE_SIDE_STYLE ('',( #2092 ) ) ;
#4579 =( NAMED_UNIT ( * ) SI_UNIT ( $, .STERADIAN. ) SOLID_ANGLE_UNIT ( ) );
#4580 = CARTESIAN_POINT ( 'NONE',  ( 1.347043950347263763, 3.771912141373848894E-16, -3.080000000000000515 ) ) ;
#4581 = MECHANICAL_DESIGN_GEOMETRIC_PRESENTATION_REPRESENTATION (  '', ( #4897 ), #7896 ) ;
#4582 = FILL_AREA_STYLE ('',( #5331 ) ) ;
#4583 = FILL_AREA_STYLE_COLOUR ( '', #1109 ) ;
#4584 = DIRECTION ( 'NONE',  ( -1.000000000000000000, -0.000000000000000000, -0.000000000000000000 ) ) ;
#4585 = CARTESIAN_POINT ( 'NONE',  ( 2.599999999999998312, 2.143131898507868051E-16, -1.749999999999999778 ) ) ;
#4586 = ORIENTED_EDGE ( 'NONE', *, *, #3462, .F. ) ;
#4587 = VECTOR ( 'NONE', #380, 1000.000000000000000 ) ;
#4588 = AXIS2_PLACEMENT_3D ( 'NONE', #5754, #1919, #6534 ) ;
#4589 = STYLED_ITEM ( 'NONE', ( #8029 ), #2245 ) ;
#4590 = DIRECTION ( 'NONE',  ( 0.000000000000000000, 0.000000000000000000, 1.000000000000000000 ) ) ;
#4591 = DIRECTION ( 'NONE',  ( -0.1108510534444137469, -0.9938370308809506559, -3.448999966305766196E-15 ) ) ;
#4592 = CARTESIAN_POINT ( 'NONE',  ( 5.974195292295553905, 2.619630734554813543E-16, -0.2313525518329656583 ) ) ;
#4593 =( GEOMETRIC_REPRESENTATION_CONTEXT ( 3 ) GLOBAL_UNCERTAINTY_ASSIGNED_CONTEXT ( ( #9239 ) ) GLOBAL_UNIT_ASSIGNED_CONTEXT ( ( #9608, #6587, #7318 ) ) REPRESENTATION_CONTEXT ( 'NONE', 'WORKASPACE' ) );
#4594 = ORIENTED_EDGE ( 'NONE', *, *, #9897, .F. ) ;
#4595 = DIRECTION ( 'NONE',  ( 0.000000000000000000, 0.000000000000000000, 1.000000000000000000 ) ) ;
#4596 = ORIENTED_EDGE ( 'NONE', *, *, #6803, .F. ) ;
#4597 =( NAMED_UNIT ( * ) PLANE_ANGLE_UNIT ( ) SI_UNIT ( $, .RADIAN. ) );
#4598 = ORIENTED_EDGE ( 'NONE', *, *, #8859, .T. ) ;
#4599 = CIRCLE ( 'NONE', #7593, 5.437518987584765817 ) ;
#4600 = ORIENTED_EDGE ( 'NONE', *, *, #2352, .F. ) ;
#4601 = PRESENTATION_LAYER_ASSIGNMENT (  '', '', ( #2228 ) ) ;
#4602 = EDGE_CURVE ( 'NONE', #8013, #9142, #6228, .T. ) ;
#4603 = AXIS2_PLACEMENT_3D ( 'NONE', #6887, #6830, #3693 ) ;
#4604 = ADVANCED_FACE ( 'NONE', ( #741 ), #6318, .F. ) ;
#4605 = CARTESIAN_POINT ( 'NONE',  ( 2.599999999999998312, 0.000000000000000000, 3.500000000000000000 ) ) ;
#4606 = DIRECTION ( 'NONE',  ( 0.000000000000000000, 0.000000000000000000, 1.000000000000000000 ) ) ;
#4607 = DIRECTION ( 'NONE',  ( 0.000000000000000000, 0.000000000000000000, 1.000000000000000000 ) ) ;
#4608 = SURFACE_STYLE_FILL_AREA ( #2069 ) ;
#4609 = LINE ( 'NONE', #3925, #6613 ) ;
#4610 = DIRECTION ( 'NONE',  ( 0.000000000000000000, 0.000000000000000000, 1.000000000000000000 ) ) ;
#4611 = CARTESIAN_POINT ( 'NONE',  ( 2.193400286944045430, 0.1903515064562410486, 2.309278636184420884E-16 ) ) ;
#4612 = PRESENTATION_LAYER_ASSIGNMENT (  '', '', ( #3238 ) ) ;
#4613 = ORIENTED_EDGE ( 'NONE', *, *, #9042, .F. ) ;
#4614 = FACE_OUTER_BOUND ( 'NONE', #5352, .T. ) ;
#4615 = EDGE_CURVE ( 'NONE', #5356, #8635, #8810, .T. ) ;
#4616 = FILL_AREA_STYLE_COLOUR ( '', #9344 ) ;
#4617 = SURFACE_SIDE_STYLE ('',( #10138 ) ) ;
#4618 = ORIENTED_EDGE ( 'NONE', *, *, #2879, .T. ) ;
#4619 = DIRECTION ( 'NONE',  ( 0.9938370308809506559, -0.1108510534444137469, -3.870343844922734420E-16 ) ) ;
#4620 = SPHERICAL_SURFACE ( 'NONE', #6987, 6.000000000000000000 ) ;
#4621 = ORIENTED_EDGE ( 'NONE', *, *, #8746, .F. ) ;
#4622 = STYLED_ITEM ( 'NONE', ( #2625 ), #3857 ) ;
#4623 = LINE ( 'NONE', #10146, #3342 ) ;
#4624 = SURFACE_STYLE_FILL_AREA ( #611 ) ;
#4625 = ADVANCED_FACE ( 'NONE', ( #8773, #4041 ), #2385, .F. ) ;
#4626 = DIRECTION ( 'NONE',  ( -0.9938370308809506559, -0.1108510534444136914, -3.870343844922732447E-16 ) ) ;
#4627 = CIRCLE ( 'NONE', #3106, 5.995482475482741158 ) ;
#4628 = DIRECTION ( 'NONE',  ( -0.1108510534444136914, 1.257808851980383614E-16, -0.9938370308809506559 ) ) ;
#4629 = SURFACE_STYLE_USAGE ( .BOTH. , #4532 ) ;
#4630 = ORIENTED_EDGE ( 'NONE', *, *, #8134, .F. ) ;
#4631 = EDGE_CURVE ( 'NONE', #8351, #701, #2285, .T. ) ;
#4632 = CARTESIAN_POINT ( 'NONE',  ( 0.000000000000000000, 0.4350000000000068257, -1.959999999999998188 ) ) ;
#4633 = DIRECTION ( 'NONE',  ( -0.9938370308809507669, -0.1108510534444137052, 0.000000000000000000 ) ) ;
#4634 =( LENGTH_UNIT ( ) NAMED_UNIT ( * ) SI_UNIT ( .MILLI., .METRE. ) );
#4635 = SURFACE_STYLE_FILL_AREA ( #1442 ) ;
#4636 = DIRECTION ( 'NONE',  ( -0.1108510534444137469, -0.9938370308809506559, -3.448999966305766196E-15 ) ) ;
#4637 =( NAMED_UNIT ( * ) SI_UNIT ( $, .STERADIAN. ) SOLID_ANGLE_UNIT ( ) );
#4638 = PLANE ( 'NONE',  #5710 ) ;
#4639 = CLOSED_SHELL ( 'NONE', ( #1521, #7302, #181, #9684, #8618, #5852, #7100, #1959, #7287, #9409, #4625, #10305, #1764, #4427, #409, #7829, #5788, #5153, #6158, #1447, #3325, #5519, #2042 ) ) ;
#4640 = VERTEX_POINT ( 'NONE', #974 ) ;
#4641 = UNCERTAINTY_MEASURE_WITH_UNIT (LENGTH_MEASURE( 1.000000000000000082E-05 ), #8855, 'distance_accuracy_value', 'NONE');
#4642 = LINE ( 'NONE', #10273, #509 ) ;
#4643 = PRODUCT_DEFINITION_CONTEXT ( 'detailed design', #9992, 'design' ) ;
#4644 = EDGE_LOOP ( 'NONE', ( #9630, #7569, #2851 ) ) ;
#4645 = VERTEX_POINT ( 'NONE', #4955 ) ;
#4646 =( NAMED_UNIT ( * ) PLANE_ANGLE_UNIT ( ) SI_UNIT ( $, .RADIAN. ) );
#4647 = FILL_AREA_STYLE ('',( #9401 ) ) ;
#4648 = PRESENTATION_STYLE_ASSIGNMENT (( #7142 ) ) ;
#4649 = FACE_OUTER_BOUND ( 'NONE', #3677, .T. ) ;
#4650 = CIRCLE ( 'NONE', #9310, 5.437518987584764929 ) ;
#4651 = LINE ( 'NONE', #3031, #1644 ) ;
#4652 = CIRCLE ( 'NONE', #128, 5.995482475482740270 ) ;
#4653 = UNCERTAINTY_MEASURE_WITH_UNIT (LENGTH_MEASURE( 1.000000000000000082E-05 ), #3443, 'distance_accuracy_value', 'NONE');
#4654 = PRODUCT_DEFINITION ( 'UNKNOWN', '', #4272, #579 ) ;
#4655 = EDGE_CURVE ( 'NONE', #9507, #4159, #8980, .T. ) ;
#4656 = ORIENTED_EDGE ( 'NONE', *, *, #4237, .T. ) ;
#4657 =( GEOMETRIC_REPRESENTATION_CONTEXT ( 3 ) GLOBAL_UNCERTAINTY_ASSIGNED_CONTEXT ( ( #461 ) ) GLOBAL_UNIT_ASSIGNED_CONTEXT ( ( #1921, #3287, #5689 ) ) REPRESENTATION_CONTEXT ( 'NONE', 'WORKASPACE' ) );
#4658 = FILL_AREA_STYLE ('',( #8811 ) ) ;
#4659 = CIRCLE ( 'NONE', #9325, 5.437518987584765817 ) ;
#4660 = CARTESIAN_POINT ( 'NONE',  ( 2.193400286944045430, 4.336808689942017736E-16, 0.1903515064562409931 ) ) ;
#4661 = FACE_OUTER_BOUND ( 'NONE', #5966, .T. ) ;
#4662 =( LENGTH_UNIT ( ) NAMED_UNIT ( * ) SI_UNIT ( .MILLI., .METRE. ) );
#4663 = SURFACE_STYLE_USAGE ( .BOTH. , #1461 ) ;
#4664 = VERTEX_POINT ( 'NONE', #4245 ) ;
#4665 = STYLED_ITEM ( 'NONE', ( #9420 ), #5337 ) ;
#4666 = COLOUR_RGB ( '',0.7764705882352941346, 0.7568627450980391913, 0.7372549019607843590 ) ;
#4667 = ADVANCED_FACE ( 'NONE', ( #7313 ), #1763, .F. ) ;
#4668 = CIRCLE ( 'NONE', #7323, 3.500000000000000444 ) ;
#4669 = UNCERTAINTY_MEASURE_WITH_UNIT (LENGTH_MEASURE( 1.000000000000000082E-05 ), #4313, 'distance_accuracy_value', 'NONE');
#4670 = EDGE_LOOP ( 'NONE', ( #3297, #736, #9473, #507, #8790 ) ) ;
#4671 =( REPRESENTATION_RELATIONSHIP ('NONE','NONE', #1962, #10255 ) REPRESENTATION_RELATIONSHIP_WITH_TRANSFORMATION ( #6408 )SHAPE_REPRESENTATION_RELATIONSHIP( ) );
#4672 = MECHANICAL_DESIGN_GEOMETRIC_PRESENTATION_REPRESENTATION (  '', ( #8817 ), #10325 ) ;
#4673 = CARTESIAN_POINT ( 'NONE',  ( 6.000000000000000000, 2.326828918379972351E-16, 0.000000000000000000 ) ) ;
#4674 =( NAMED_UNIT ( * ) SI_UNIT ( $, .STERADIAN. ) SOLID_ANGLE_UNIT ( ) );
#4675 = DIRECTION ( 'NONE',  ( -0.000000000000000000, 0.000000000000000000, 1.000000000000000000 ) ) ;
#4676 = FILL_AREA_STYLE ('',( #4446 ) ) ;
#4677 = CARTESIAN_POINT ( 'NONE',  ( 6.000000000000000000, 2.326828918379972351E-16, 0.000000000000000000 ) ) ;
#4678 = ADVANCED_FACE ( 'NONE', ( #8879 ), #8038, .T. ) ;
#4679 =( GEOMETRIC_REPRESENTATION_CONTEXT ( 3 ) GLOBAL_UNCERTAINTY_ASSIGNED_CONTEXT ( ( #4430 ) ) GLOBAL_UNIT_ASSIGNED_CONTEXT ( ( #6130, #6876, #6235 ) ) REPRESENTATION_CONTEXT ( 'NONE', 'WORKASPACE' ) );
#4680 = MECHANICAL_DESIGN_GEOMETRIC_PRESENTATION_REPRESENTATION (  '', ( #7989 ), #8997 ) ;
#4681 = LINE ( 'NONE', #9378, #3158 ) ;
#4682 =( GEOMETRIC_REPRESENTATION_CONTEXT ( 3 ) GLOBAL_UNCERTAINTY_ASSIGNED_CONTEXT ( ( #9646 ) ) GLOBAL_UNIT_ASSIGNED_CONTEXT ( ( #2536, #972, #8964 ) ) REPRESENTATION_CONTEXT ( 'NONE', 'WORKASPACE' ) );
#4683 = ORIENTED_EDGE ( 'NONE', *, *, #2151, .F. ) ;
#4684 = DIRECTION ( 'NONE',  ( -0.9938370308809506559, 0.000000000000000000, 0.1108510534444136914 ) ) ;
#4685 = DIRECTION ( 'NONE',  ( 0.7431005017819711789, 0.6640269868487613802, 0.08288428673721986994 ) ) ;
#4686 =( LENGTH_UNIT ( ) NAMED_UNIT ( * ) SI_UNIT ( .MILLI., .METRE. ) );
#4687 = DIRECTION ( 'NONE',  ( 0.9938370308809507669, -0.1108510534444137746, 0.000000000000000000 ) ) ;
#4688 = MECHANICAL_DESIGN_GEOMETRIC_PRESENTATION_REPRESENTATION (  '', ( #4029 ), #990 ) ;
#4689 = ORIENTED_EDGE ( 'NONE', *, *, #4774, .F. ) ;
#4690 = EDGE_CURVE ( 'NONE', #8333, #9381, #300, .T. ) ;
#4691 = MECHANICAL_DESIGN_GEOMETRIC_PRESENTATION_REPRESENTATION (  '', ( #690 ), #996 ) ;
#4692 = ORIENTED_EDGE ( 'NONE', *, *, #1545, .T. ) ;
#4693 = AXIS2_PLACEMENT_3D ( 'NONE', #2139, #1431, #3947 ) ;
#4694 = SURFACE_SIDE_STYLE ('',( #6149 ) ) ;
#4695 = SURFACE_SIDE_STYLE ('',( #4550 ) ) ;
#4696 = DIRECTION ( 'NONE',  ( -0.1108510534444136914, 0.9938370308809506559, 3.595744332370143179E-15 ) ) ;
#4697 = MECHANICAL_DESIGN_GEOMETRIC_PRESENTATION_REPRESENTATION (  '', ( #5504 ), #4540 ) ;
#4698 =( NAMED_UNIT ( * ) PLANE_ANGLE_UNIT ( ) SI_UNIT ( $, .RADIAN. ) );
#4699 = DIRECTION ( 'NONE',  ( -0.1108510534444136914, 0.9938370308809506559, 3.595744332370143179E-15 ) ) ;
#4700 =( LENGTH_UNIT ( ) NAMED_UNIT ( * ) SI_UNIT ( .MILLI., .METRE. ) );
#4701 = DIRECTION ( 'NONE',  ( 0.000000000000000000, -1.246209393661499619E-16, 1.000000000000000000 ) ) ;
#4702 = PRODUCT_DEFINITION_SHAPE ( 'NONE', 'NONE',  #10348 ) ;
#4703 = ORIENTED_EDGE ( 'NONE', *, *, #3570, .T. ) ;
#4704 = MECHANICAL_DESIGN_GEOMETRIC_PRESENTATION_REPRESENTATION (  '', ( #9692 ), #5515 ) ;
#4705 = AXIS2_PLACEMENT_3D ( 'NONE', #8520, #8576, #1425 ) ;
#4706 = FACE_OUTER_BOUND ( 'NONE', #9974, .T. ) ;
#4707 = FILL_AREA_STYLE_COLOUR ( '', #9558 ) ;
#4708 = CARTESIAN_POINT ( 'NONE',  ( -25.39999999999996305, 0.000000000000000000, 0.000000000000000000 ) ) ;
#4709 = DIRECTION ( 'NONE',  ( -0.1108510534444136914, 1.257808851980383614E-16, -0.9938370308809506559 ) ) ;
#4710 = SURFACE_STYLE_USAGE ( .BOTH. , #6315 ) ;
#4711 =( GEOMETRIC_REPRESENTATION_CONTEXT ( 3 ) GLOBAL_UNCERTAINTY_ASSIGNED_CONTEXT ( ( #8792 ) ) GLOBAL_UNIT_ASSIGNED_CONTEXT ( ( #2626, #9391, #8608 ) ) REPRESENTATION_CONTEXT ( 'NONE', 'WORKASPACE' ) );
#4712 =( GEOMETRIC_REPRESENTATION_CONTEXT ( 3 ) GLOBAL_UNCERTAINTY_ASSIGNED_CONTEXT ( ( #6528 ) ) GLOBAL_UNIT_ASSIGNED_CONTEXT ( ( #8503, #3767, #2226 ) ) REPRESENTATION_CONTEXT ( 'NONE', 'WORKASPACE' ) );
#4713 = CARTESIAN_POINT ( 'NONE',  ( 4.309938594911940868, 1.891316923914901471, 2.356976916973721757E-16 ) ) ;
#4714 = ORIENTED_EDGE ( 'NONE', *, *, #6803, .T. ) ;
#4715 =( GEOMETRIC_REPRESENTATION_CONTEXT ( 3 ) GLOBAL_UNCERTAINTY_ASSIGNED_CONTEXT ( ( #8068 ) ) GLOBAL_UNIT_ASSIGNED_CONTEXT ( ( #8875, #7198, #10240 ) ) REPRESENTATION_CONTEXT ( 'NONE', 'WORKASPACE' ) );
#4716 = FILL_AREA_STYLE_COLOUR ( '', #6327 ) ;
#4717 = ORIENTED_EDGE ( 'NONE', *, *, #2119, .F. ) ;
#4718 = LINE ( 'NONE', #655, #578 ) ;
#4719 = AXIS2_PLACEMENT_3D ( 'NONE', #5655, #9599, #7252 ) ;
#4720 = CARTESIAN_POINT ( 'NONE',  ( 5.974195292295553905, 0.2313525518329656860, 8.370432990360215258E-16 ) ) ;
#4721 = EDGE_CURVE ( 'NONE', #2109, #3643, #3446, .T. ) ;
#4722 = EDGE_CURVE ( 'NONE', #3889, #9381, #3503, .T. ) ;
#4723 =( LENGTH_UNIT ( ) NAMED_UNIT ( * ) SI_UNIT ( .MILLI., .METRE. ) );
#4724 = AXIS2_PLACEMENT_3D ( 'NONE', #5136, #6615, #7502 ) ;
#4725 = CARTESIAN_POINT ( 'NONE',  ( 4.309938594911940868, 1.891316923914901471, 2.356976916973721757E-16 ) ) ;
#4726 = CARTESIAN_POINT ( 'NONE',  ( 7.600000000000002309, 2.143131898507868051E-16, -1.749999999999999778 ) ) ;
#4727 = CARTESIAN_POINT ( 'NONE',  ( 1.347043950347263763, 0.000000000000000000, 0.000000000000000000 ) ) ;
#4728 = CIRCLE ( 'NONE', #6375, 0.4199999999999998179 ) ;
#4729 = AXIS2_PLACEMENT_3D ( 'NONE', #9952, #8222, #3539 ) ;
#4730 = EDGE_LOOP ( 'NONE', ( #3523, #290, #6319 ) ) ;
#4731 = CIRCLE ( 'NONE', #3742, 5.437518987584764929 ) ;
#4732 = EDGE_CURVE ( 'NONE', #3986, #8725, #4294, .T. ) ;
#4733 = CARTESIAN_POINT ( 'NONE',  ( 1.347043950347263763, 3.771912141373848894E-16, -3.080000000000000515 ) ) ;
#4734 = DIRECTION ( 'NONE',  ( -1.000000000000000000, 0.000000000000000000, -0.000000000000000000 ) ) ;
#4735 = DIRECTION ( 'NONE',  ( -0.9877866216249070463, -0.1101762001043161271, -0.1101762001043165851 ) ) ;
#4736 = DIRECTION ( 'NONE',  ( 0.6663196743247735698, -0.7456662065614397816, -9.292562311528023527E-17 ) ) ;
#4737 = DIRECTION ( 'NONE',  ( 0.000000000000000000, 1.000000000000000000, 0.000000000000000000 ) ) ;
#4738 = ORIENTED_EDGE ( 'NONE', *, *, #3975, .F. ) ;
#4739 = DIRECTION ( 'NONE',  ( 0.7431005017819711789, -0.08288428673721758011, -0.6640269868487616023 ) ) ;
#4740 = UNCERTAINTY_MEASURE_WITH_UNIT (LENGTH_MEASURE( 1.000000000000000082E-05 ), #559, 'distance_accuracy_value', 'NONE');
#4741 = PRESENTATION_LAYER_ASSIGNMENT (  '', '', ( #2896 ) ) ;
#4742 = ORIENTED_EDGE ( 'NONE', *, *, #3634, .T. ) ;
#4743 = DIRECTION ( 'NONE',  ( 0.000000000000000000, 0.000000000000000000, 1.000000000000000000 ) ) ;
#4744 = EDGE_CURVE ( 'NONE', #4055, #8680, #3485, .T. ) ;
#4745 = FILL_AREA_STYLE ('',( #4789 ) ) ;
#4746 = FILL_AREA_STYLE_COLOUR ( '', #2725 ) ;
#4747 = AXIS2_PLACEMENT_3D ( 'NONE', #2363, #5535, #5024 ) ;
#4748 =( GEOMETRIC_REPRESENTATION_CONTEXT ( 3 ) GLOBAL_UNCERTAINTY_ASSIGNED_CONTEXT ( ( #2525 ) ) GLOBAL_UNIT_ASSIGNED_CONTEXT ( ( #7663, #10074, #5584 ) ) REPRESENTATION_CONTEXT ( 'NONE', 'WORKASPACE' ) );
#4749 = DIRECTION ( 'NONE',  ( 1.000000000000000000, 0.000000000000000000, 0.000000000000000000 ) ) ;
#4750 = CARTESIAN_POINT ( 'NONE',  ( 0.03111693966988647586, 0.4315292644214342443, 0.4315292644214356321 ) ) ;
#4751 = UNCERTAINTY_MEASURE_WITH_UNIT (LENGTH_MEASURE( 1.000000000000000082E-05 ), #4263, 'distance_accuracy_value', 'NONE');
#4752 = ORIENTED_EDGE ( 'NONE', *, *, #2865, .F. ) ;
#4753 = STYLED_ITEM ( 'NONE', ( #9018 ), #4960 ) ;
#4754 = MECHANICAL_DESIGN_GEOMETRIC_PRESENTATION_REPRESENTATION (  '', ( #4104 ), #4265 ) ;
#4755 = ADVANCED_FACE ( 'NONE', ( #2012 ), #3717, .F. ) ;
#4756 =( NAMED_UNIT ( * ) PLANE_ANGLE_UNIT ( ) SI_UNIT ( $, .RADIAN. ) );
#4757 = SURFACE_SIDE_STYLE ('',( #8814 ) ) ;
#4758 = PLANE ( 'NONE',  #8171 ) ;
#4759 = STYLED_ITEM ( 'NONE', ( #8652 ), #3260 ) ;
#4760 = DIRECTION ( 'NONE',  ( 0.7456662065614396706, 0.6663196743247736809, 0.000000000000000000 ) ) ;
#4761 = EDGE_LOOP ( 'NONE', ( #7144, #8282, #7408, #2554, #459 ) ) ;
#4762 =( NAMED_UNIT ( * ) PLANE_ANGLE_UNIT ( ) SI_UNIT ( $, .RADIAN. ) );
#4763 = UNCERTAINTY_MEASURE_WITH_UNIT (LENGTH_MEASURE( 1.000000000000000082E-05 ), #5863, 'distance_accuracy_value', 'NONE');
#4764 = ORIENTED_EDGE ( 'NONE', *, *, #3781, .T. ) ;
#4765 = AXIS2_PLACEMENT_3D ( 'NONE', #7679, #1930, #6973 ) ;
#4766 = FILL_AREA_STYLE ('',( #1565 ) ) ;
#4767 = CARTESIAN_POINT ( 'NONE',  ( 1.347043950347265318, 4.286263797015737088E-16, -3.500000000000000444 ) ) ;
#4768 = CYLINDRICAL_SURFACE ( 'NONE', #7959, 3.500000000000000444 ) ;
#4769 = DIRECTION ( 'NONE',  ( -0.7456662065614397816, -2.326442708608981349E-15, 0.6663196743247735698 ) ) ;
#4770 = VECTOR ( 'NONE', #6061, 1000.000000000000000 ) ;
#4771 = VERTEX_POINT ( 'NONE', #7574 ) ;
#4772 = PRODUCT_DEFINITION ( 'UNKNOWN', '', #9750, #4643 ) ;
#4773 = FILL_AREA_STYLE_COLOUR ( '', #6336 ) ;
#4774 = EDGE_CURVE ( 'NONE', #1926, #7098, #9917, .T. ) ;
#4775 = DIRECTION ( 'NONE',  ( -1.000000000000000000, -0.000000000000000000, -0.000000000000000000 ) ) ;
#4776 = AXIS2_PLACEMENT_3D ( 'NONE', #6735, #9121, #9901 ) ;
#4777 = SURFACE_STYLE_USAGE ( .BOTH. , #5637 ) ;
#4778 = CARTESIAN_POINT ( 'NONE',  ( 2.193400286944045430, 4.336808689942017736E-16, 0.1903515064562409931 ) ) ;
#4779 =( NAMED_UNIT ( * ) SI_UNIT ( $, .STERADIAN. ) SOLID_ANGLE_UNIT ( ) );
#4780 =( LENGTH_UNIT ( ) NAMED_UNIT ( * ) SI_UNIT ( .MILLI., .METRE. ) );
#4781 = PRODUCT_DEFINITION_SHAPE ( 'NONE', 'NONE',  #10342 ) ;
#4782 = DIRECTION ( 'NONE',  ( -0.9938370308809507669, -0.1108510534444137052, 0.000000000000000000 ) ) ;
#4783 = ORIENTED_EDGE ( 'NONE', *, *, #6016, .F. ) ;
#4784 = LINE ( 'NONE', #767, #1143 ) ;
#4785 = EDGE_CURVE ( 'NONE', #7706, #9381, #424, .T. ) ;
#4786 = ORIENTED_EDGE ( 'NONE', *, *, #8149, .F. ) ;
#4787 = PRESENTATION_STYLE_ASSIGNMENT (( #7487 ) ) ;
#4788 =( NAMED_UNIT ( * ) SI_UNIT ( $, .STERADIAN. ) SOLID_ANGLE_UNIT ( ) );
#4789 = FILL_AREA_STYLE_COLOUR ( '', #6655 ) ;
#4790 = DIRECTION ( 'NONE',  ( -1.000000000000000000, -0.000000000000000000, -0.000000000000000000 ) ) ;
#4791 =( NAMED_UNIT ( * ) PLANE_ANGLE_UNIT ( ) SI_UNIT ( $, .RADIAN. ) );
#4792 = MECHANICAL_DESIGN_GEOMETRIC_PRESENTATION_REPRESENTATION (  '', ( #6287 ), #637 ) ;
#4793 = CARTESIAN_POINT ( 'NONE',  ( 6.000000000000000000, 2.326828918379972351E-16, 0.000000000000000000 ) ) ;
#4794 = DIRECTION ( 'NONE',  ( 0.000000000000000000, 0.000000000000000000, 1.000000000000000000 ) ) ;
#4795 = DIRECTION ( 'NONE',  ( -0.000000000000000000, 0.000000000000000000, -1.000000000000000000 ) ) ;
#4796 = EDGE_CURVE ( 'NONE', #9324, #8541, #6844, .T. ) ;
#4797 = ORIENTED_EDGE ( 'NONE', *, *, #3962, .F. ) ;
#4798 =( NAMED_UNIT ( * ) PLANE_ANGLE_UNIT ( ) SI_UNIT ( $, .RADIAN. ) );
#4799 = DIRECTION ( 'NONE',  ( -1.000000000000000000, -0.000000000000000000, -0.000000000000000000 ) ) ;
#4800 = MECHANICAL_DESIGN_GEOMETRIC_PRESENTATION_REPRESENTATION (  '', ( #6304 ), #10309 ) ;
#4801 = FILL_AREA_STYLE ('',( #4037 ) ) ;
#4802 = SURFACE_STYLE_USAGE ( .BOTH. , #1608 ) ;
#4803 = FILL_AREA_STYLE_COLOUR ( '', #433 ) ;
#4804 = COLOUR_RGB ( '',0.7764705882352941346, 0.7568627450980391913, 0.7372549019607843590 ) ;
#4805 = FILL_AREA_STYLE_COLOUR ( '', #4666 ) ;
#4806 = ORIENTED_EDGE ( 'NONE', *, *, #5942, .T. ) ;
#4807 = CARTESIAN_POINT ( 'NONE',  ( 0.03111693966988560850, -0.4315292644214371864, 0.4315292644214354101 ) ) ;
#4808 = EDGE_CURVE ( 'NONE', #124, #1464, #5825, .T. ) ;
#4809 = ORIENTED_EDGE ( 'NONE', *, *, #7460, .T. ) ;
#4810 = CIRCLE ( 'NONE', #7145, 5.995482475482740270 ) ;
#4811 = AXIS2_PLACEMENT_3D ( 'NONE', #4147, #8827, #6588 ) ;
#4812 = DIRECTION ( 'NONE',  ( -1.000000000000000000, -0.000000000000000000, -0.000000000000000000 ) ) ;
#4813 = PLANE ( 'NONE',  #4811 ) ;
#4814 = STYLED_ITEM ( 'NONE', ( #9152 ), #5277 ) ;
#4815 =( NAMED_UNIT ( * ) SI_UNIT ( $, .STERADIAN. ) SOLID_ANGLE_UNIT ( ) );
#4816 = CARTESIAN_POINT ( 'NONE',  ( 2.193400286944045430, 4.336808689942017736E-16, 0.1903515064562409931 ) ) ;
#4817 = LINE ( 'NONE', #3140, #9485 ) ;
#4818 = SURFACE_STYLE_FILL_AREA ( #5529 ) ;
#4819 = CARTESIAN_POINT ( 'NONE',  ( 1.949999999999999956, 0.2174999999999999989, 0.2174999999999999156 ) ) ;
#4820 = EDGE_LOOP ( 'NONE', ( #229, #395, #2336, #2751 ) ) ;
#4821 = DIRECTION ( 'NONE',  ( 0.6663196743247736809, -2.603479645215216163E-15, 0.7456662065614397816 ) ) ;
#4822 = AXIS2_PLACEMENT_3D ( 'NONE', #2368, #5539, #2266 ) ;
#4823 = VECTOR ( 'NONE', #1250, 1000.000000000000000 ) ;
#4824 = SPHERICAL_SURFACE ( 'NONE', #1888, 6.000000000000000000 ) ;
#4825 = CIRCLE ( 'NONE', #7491, 1.749999999999999778 ) ;
#4826 = ORIENTED_EDGE ( 'NONE', *, *, #3438, .F. ) ;
#4827 =( NAMED_UNIT ( * ) SI_UNIT ( $, .STERADIAN. ) SOLID_ANGLE_UNIT ( ) );
#4828 = PRODUCT_RELATED_PRODUCT_CATEGORY ( 'part', '', ( #6441 ) ) ;
#4829 = EDGE_CURVE ( 'NONE', #9370, #7098, #9083, .T. ) ;
#4830 = FACE_OUTER_BOUND ( 'NONE', #7979, .T. ) ;
#4831 =( GEOMETRIC_REPRESENTATION_CONTEXT ( 3 ) GLOBAL_UNCERTAINTY_ASSIGNED_CONTEXT ( ( #5031 ) ) GLOBAL_UNIT_ASSIGNED_CONTEXT ( ( #3280, #5605, #3928 ) ) REPRESENTATION_CONTEXT ( 'NONE', 'WORKASPACE' ) );
#4832 = FILL_AREA_STYLE ('',( #8789 ) ) ;
#4833 = CIRCLE ( 'NONE', #325, 3.500000000000000444 ) ;
#4834 = ORIENTED_EDGE ( 'NONE', *, *, #3802, .T. ) ;
#4835 = UNCERTAINTY_MEASURE_WITH_UNIT (LENGTH_MEASURE( 1.000000000000000082E-05 ), #908, 'distance_accuracy_value', 'NONE');
#4836 = ORIENTED_EDGE ( 'NONE', *, *, #9042, .T. ) ;
#4837 = COLOUR_RGB ( '',0.7764705882352941346, 0.7568627450980391913, 0.7372549019607843590 ) ;
#4838 = SURFACE_STYLE_USAGE ( .BOTH. , #6399 ) ;
#4839 = VECTOR ( 'NONE', #9250, 1000.000000000000000 ) ;
#4840 = LINE ( 'NONE', #8017, #4975 ) ;
#4841 = CARTESIAN_POINT ( 'NONE',  ( 0.000000000000000000, -0.4349999999999927813, -1.960000000000001741 ) ) ;
#4842 = EDGE_CURVE ( 'NONE', #933, #9800, #317, .T. ) ;
#4843 = SURFACE_STYLE_FILL_AREA ( #1752 ) ;
#4844 = EDGE_CURVE ( 'NONE', #4973, #10076, #2469, .T. ) ;
#4845 = FILL_AREA_STYLE ('',( #8804 ) ) ;
#4846 = COLOUR_RGB ( '',0.7764705882352941346, 0.7568627450980391913, 0.7372549019607843590 ) ;
#4847 = ORIENTED_EDGE ( 'NONE', *, *, #7609, .T. ) ;
#4848 = SURFACE_STYLE_USAGE ( .BOTH. , #2424 ) ;
#4849 = CIRCLE ( 'NONE', #343, 1.749999999999999778 ) ;
#4850 = UNCERTAINTY_MEASURE_WITH_UNIT (LENGTH_MEASURE( 1.000000000000000082E-05 ), #5955, 'distance_accuracy_value', 'NONE');
#4851 = ORIENTED_EDGE ( 'NONE', *, *, #6338, .F. ) ;
#4852 = CARTESIAN_POINT ( 'NONE',  ( 1.949999999999999956, 0.2175000000000007483, -0.2174999999999992772 ) ) ;
#4853 =( GEOMETRIC_REPRESENTATION_CONTEXT ( 3 ) GLOBAL_UNCERTAINTY_ASSIGNED_CONTEXT ( ( #7440 ) ) GLOBAL_UNIT_ASSIGNED_CONTEXT ( ( #5048, #4336, #418 ) ) REPRESENTATION_CONTEXT ( 'NONE', 'WORKASPACE' ) );
#4854 = CARTESIAN_POINT ( 'NONE',  ( 0.2666411873824114376, -0.4052592521765831513, 1.721732169736483131 ) ) ;
#4855 = DIRECTION ( 'NONE',  ( 0.7431005017819711789, 0.6640269868487613802, 0.08288428673721986994 ) ) ;
#4856 = EDGE_CURVE ( 'NONE', #8279, #7230, #2646, .T. ) ;
#4857 = AXIS2_PLACEMENT_3D ( 'NONE', #7181, #2412, #126 ) ;
#4858 = ORIENTED_EDGE ( 'NONE', *, *, #6941, .T. ) ;
#4859 = SURFACE_STYLE_FILL_AREA ( #2434 ) ;
#4860 = PRESENTATION_LAYER_ASSIGNMENT (  '', '', ( #3878 ) ) ;
#4861 = AXIS2_PLACEMENT_3D ( 'NONE', #4819, #2553, #7426 ) ;
#4862 =( GEOMETRIC_REPRESENTATION_CONTEXT ( 3 ) GLOBAL_UNCERTAINTY_ASSIGNED_CONTEXT ( ( #7956 ) ) GLOBAL_UNIT_ASSIGNED_CONTEXT ( ( #7010, #10028, #9416 ) ) REPRESENTATION_CONTEXT ( 'NONE', 'WORKASPACE' ) );
#4863 = UNCERTAINTY_MEASURE_WITH_UNIT (LENGTH_MEASURE( 1.000000000000000082E-05 ), #9123, 'distance_accuracy_value', 'NONE');
#4864 = ORIENTED_EDGE ( 'NONE', *, *, #10175, .F. ) ;
#4865 = FILL_AREA_STYLE ('',( #7985 ) ) ;
#4866 =( NAMED_UNIT ( * ) SI_UNIT ( $, .STERADIAN. ) SOLID_ANGLE_UNIT ( ) );
#4867 = PRODUCT_DEFINITION_SHAPE ( 'NONE', 'NONE',  #931 ) ;
#4868 = AXIS2_PLACEMENT_3D ( 'NONE', #8788, #6442, #4884 ) ;
#4869 = PRESENTATION_LAYER_ASSIGNMENT (  '', '', ( #10206 ) ) ;
#4870 = EDGE_CURVE ( 'NONE', #7016, #8253, #2872, .T. ) ;
#4871 = AXIS2_PLACEMENT_3D ( 'NONE', #6060, #10084, #3611 ) ;
#4872 = FILL_AREA_STYLE_COLOUR ( '', #3659 ) ;
#4873 =( NAMED_UNIT ( * ) PLANE_ANGLE_UNIT ( ) SI_UNIT ( $, .RADIAN. ) );
#4874 = AXIS2_PLACEMENT_3D ( 'NONE', #5748, #3341, #5793 ) ;
#4875 = ORIENTED_EDGE ( 'NONE', *, *, #7920, .T. ) ;
#4876 = DIRECTION ( 'NONE',  ( 0.000000000000000000, 1.000000000000000000, 0.000000000000000000 ) ) ;
#4877 = STYLED_ITEM ( 'NONE', ( #1228 ), #9695 ) ;
#4878 = ORIENTED_EDGE ( 'NONE', *, *, #6772, .F. ) ;
#4879 = DIRECTION ( 'NONE',  ( -1.000000000000000000, -0.000000000000000000, -0.000000000000000000 ) ) ;
#4880 = LINE ( 'NONE', #7493, #4477 ) ;
#4881 = SURFACE_SIDE_STYLE ('',( #8003 ) ) ;
#4882 = CIRCLE ( 'NONE', #5510, 5.437518987584765817 ) ;
#4883 = STYLED_ITEM ( 'NONE', ( #9719 ), #2017 ) ;
#4884 = DIRECTION ( 'NONE',  ( 0.000000000000000000, 0.000000000000000000, 1.000000000000000000 ) ) ;
#4885 = ORIENTED_EDGE ( 'NONE', *, *, #3985, .F. ) ;
#4886 = AXIS2_PLACEMENT_3D ( 'NONE', #8951, #1010, #6618 ) ;
#4887 =( LENGTH_UNIT ( ) NAMED_UNIT ( * ) SI_UNIT ( .MILLI., .METRE. ) );
#4888 = FACE_OUTER_BOUND ( 'NONE', #1849, .T. ) ;
#4889 = ORIENTED_EDGE ( 'NONE', *, *, #1604, .T. ) ;
#4890 =( GEOMETRIC_REPRESENTATION_CONTEXT ( 3 ) GLOBAL_UNCERTAINTY_ASSIGNED_CONTEXT ( ( #10069 ) ) GLOBAL_UNIT_ASSIGNED_CONTEXT ( ( #7687, #554, #6927 ) ) REPRESENTATION_CONTEXT ( 'NONE', 'WORKASPACE' ) );
#4891 = COLOUR_RGB ( '',0.7764705882352941346, 0.7568627450980391913, 0.7372549019607843590 ) ;
#4892 = FILL_AREA_STYLE ('',( #6447 ) ) ;
#4893 = DIRECTION ( 'NONE',  ( 0.000000000000000000, -1.246209393661499619E-16, 1.000000000000000000 ) ) ;
#4894 = CARTESIAN_POINT ( 'NONE',  ( 0.000000000000000000, -0.4349999999999927813, -1.960000000000001741 ) ) ;
#4895 = SURFACE_STYLE_FILL_AREA ( #8226 ) ;
#4896 =( GEOMETRIC_REPRESENTATION_CONTEXT ( 3 ) GLOBAL_UNCERTAINTY_ASSIGNED_CONTEXT ( ( #10052 ) ) GLOBAL_UNIT_ASSIGNED_CONTEXT ( ( #3209, #347, #5041 ) ) REPRESENTATION_CONTEXT ( 'NONE', 'WORKASPACE' ) );
#4897 = STYLED_ITEM ( 'NONE', ( #1258 ), #2644 ) ;
#4898 = PRESENTATION_LAYER_ASSIGNMENT (  '', '', ( #2545 ) ) ;
#4899 = SURFACE_SIDE_STYLE ('',( #1704 ) ) ;
#4900 = EDGE_LOOP ( 'NONE', ( #8231, #1883, #6009 ) ) ;
#4901 = ORIENTED_EDGE ( 'NONE', *, *, #5553, .F. ) ;
#4902 = ADVANCED_FACE ( 'NONE', ( #9967 ), #7717, .T. ) ;
#4903 = EDGE_CURVE ( 'NONE', #2529, #5226, #3843, .T. ) ;
#4904 = CARTESIAN_POINT ( 'NONE',  ( 2.193400286944045430, -4.336808689942017736E-16, -0.1903515064562410486 ) ) ;
#4905 =( GEOMETRIC_REPRESENTATION_CONTEXT ( 3 ) GLOBAL_UNCERTAINTY_ASSIGNED_CONTEXT ( ( #5910 ) ) GLOBAL_UNIT_ASSIGNED_CONTEXT ( ( #3359, #8703, #3247 ) ) REPRESENTATION_CONTEXT ( 'NONE', 'WORKASPACE' ) );
#4906 =( GEOMETRIC_REPRESENTATION_CONTEXT ( 3 ) GLOBAL_UNCERTAINTY_ASSIGNED_CONTEXT ( ( #6967 ) ) GLOBAL_UNIT_ASSIGNED_CONTEXT ( ( #1554, #8892, #326 ) ) REPRESENTATION_CONTEXT ( 'NONE', 'WORKASPACE' ) );
#4907 = DIRECTION ( 'NONE',  ( 0.000000000000000000, 0.000000000000000000, 1.000000000000000000 ) ) ;
#4908 =( NAMED_UNIT ( * ) PLANE_ANGLE_UNIT ( ) SI_UNIT ( $, .RADIAN. ) );
#4909 = DIRECTION ( 'NONE',  ( -0.9938370308809506559, 0.000000000000000000, 0.1108510534444136914 ) ) ;
#4910 = LINE ( 'NONE', #8920, #9279 ) ;
#4911 = DIRECTION ( 'NONE',  ( 0.6663196743247736809, 2.696405268330496226E-15, -0.7456662065614397816 ) ) ;
#4912 = FILL_AREA_STYLE ('',( #5786 ) ) ;
#4913 = ORIENTED_EDGE ( 'NONE', *, *, #894, .F. ) ;
#4914 = AXIS2_PLACEMENT_3D ( 'NONE', #9691, #2517, #962 ) ;
#4915 = PRESENTATION_LAYER_ASSIGNMENT (  '', '', ( #5236 ) ) ;
#4916 = STYLED_ITEM ( 'NONE', ( #2499 ), #2394 ) ;
#4917 = VERTEX_POINT ( 'NONE', #4750 ) ;
#4918 = EDGE_CURVE ( 'NONE', #8333, #6085, #6160, .T. ) ;
#4919 = DIRECTION ( 'NONE',  ( 0.000000000000000000, 0.000000000000000000, 1.000000000000000000 ) ) ;
#4920 = CARTESIAN_POINT ( 'NONE',  ( 2.599999999999998312, 0.000000000000000000, 3.500000000000000000 ) ) ;
#4921 = DIRECTION ( 'NONE',  ( -0.1108510534444137469, -0.9938370308809506559, -3.448999966305766196E-15 ) ) ;
#4922 = PRESENTATION_STYLE_ASSIGNMENT (( #8885 ) ) ;
#4923 = FACE_OUTER_BOUND ( 'NONE', #5380, .T. ) ;
#4924 = MECHANICAL_DESIGN_GEOMETRIC_PRESENTATION_REPRESENTATION (  '', ( #4759 ), #8423 ) ;
#4925 = PRESENTATION_STYLE_ASSIGNMENT (( #7217 ) ) ;
#4926 = ADVANCED_FACE ( 'NONE', ( #9451 ), #3823, .T. ) ;
#4927 = CYLINDRICAL_SURFACE ( 'NONE', #8559, 3.500000000000000444 ) ;
#4928 = ORIENTED_EDGE ( 'NONE', *, *, #6965, .T. ) ;
#4929 = FILL_AREA_STYLE ('',( #8458 ) ) ;
#4930 =( NAMED_UNIT ( * ) PLANE_ANGLE_UNIT ( ) SI_UNIT ( $, .RADIAN. ) );
#4931 = DIRECTION ( 'NONE',  ( 0.6663196743247736809, -0.7456662065614397816, -9.292562311528023527E-17 ) ) ;
#4932 = SURFACE_SIDE_STYLE ('',( #8749 ) ) ;
#4933 = FILL_AREA_STYLE ('',( #8212 ) ) ;
#4934 = PRESENTATION_STYLE_ASSIGNMENT (( #3421 ) ) ;
#4935 = ORIENTED_EDGE ( 'NONE', *, *, #7859, .F. ) ;
#4936 = UNCERTAINTY_MEASURE_WITH_UNIT (LENGTH_MEASURE( 1.000000000000000082E-05 ), #1902, 'distance_accuracy_value', 'NONE');
#4937 = EDGE_CURVE ( 'NONE', #688, #1677, #4651, .T. ) ;
#4938 = CARTESIAN_POINT ( 'NONE',  ( 32.60000000000000142, 1.749999999999999778, 0.000000000000000000 ) ) ;
#4939 = ORIENTED_EDGE ( 'NONE', *, *, #1211, .F. ) ;
#4940 =( GEOMETRIC_REPRESENTATION_CONTEXT ( 3 ) GLOBAL_UNCERTAINTY_ASSIGNED_CONTEXT ( ( #5147 ) ) GLOBAL_UNIT_ASSIGNED_CONTEXT ( ( #8952, #8908, #7301 ) ) REPRESENTATION_CONTEXT ( 'NONE', 'WORKASPACE' ) );
#4941 = PRESENTATION_STYLE_ASSIGNMENT (( #4121 ) ) ;
#4942 =( LENGTH_UNIT ( ) NAMED_UNIT ( * ) SI_UNIT ( .MILLI., .METRE. ) );
#4943 = DIRECTION ( 'NONE',  ( -0.1108510534444136914, 1.257808851980383614E-16, -0.9938370308809506559 ) ) ;
#4944 = PRESENTATION_STYLE_ASSIGNMENT (( #2628 ) ) ;
#4945 = ORIENTED_EDGE ( 'NONE', *, *, #1017, .F. ) ;
#4946 = ORIENTED_EDGE ( 'NONE', *, *, #237, .F. ) ;
#4947 = DIRECTION ( 'NONE',  ( 0.000000000000000000, 0.000000000000000000, 1.000000000000000000 ) ) ;
#4948 = AXIS2_PLACEMENT_3D ( 'NONE', #8325, #10115, #512 ) ;
#4949 = SURFACE_STYLE_FILL_AREA ( #3387 ) ;
#4950 = PRESENTATION_STYLE_ASSIGNMENT (( #5563 ) ) ;
#4951 = CARTESIAN_POINT ( 'NONE',  ( 0.000000000000000000, 1.959999999999999964, 0.4350000000000001088 ) ) ;
#4952 = SURFACE_STYLE_FILL_AREA ( #5613 ) ;
#4953 = FACE_OUTER_BOUND ( 'NONE', #7630, .T. ) ;
#4954 = CARTESIAN_POINT ( 'NONE',  ( 2.599999999999998312, 0.000000000000000000, 0.000000000000000000 ) ) ;
#4955 = CARTESIAN_POINT ( 'NONE',  ( 12.60000000000000320, 2.143131898507868051E-16, -1.749999999999999778 ) ) ;
#4956 = EDGE_CURVE ( 'NONE', #9994, #7119, #10132, .T. ) ;
#4957 = SHAPE_DEFINITION_REPRESENTATION ( #8704, #2704 ) ;
#4958 = UNCERTAINTY_MEASURE_WITH_UNIT (LENGTH_MEASURE( 1.000000000000000082E-05 ), #4468, 'distance_accuracy_value', 'NONE');
#4959 = ORIENTED_EDGE ( 'NONE', *, *, #8682, .F. ) ;
#4961 = PRESENTATION_LAYER_ASSIGNMENT (  '', '', ( #3638 ) ) ;
#4960 = ADVANCED_BREP_SHAPE_REPRESENTATION ( '', ( #8840, #5069 ), #5929 ) ;
#4962 = FACE_OUTER_BOUND ( 'NONE', #5240, .T. ) ;
#4963 =( LENGTH_UNIT ( ) NAMED_UNIT ( * ) SI_UNIT ( .MILLI., .METRE. ) );
#4964 = FILL_AREA_STYLE ('',( #9771 ) ) ;
#4965 = SURFACE_STYLE_USAGE ( .BOTH. , #7374 ) ;
#4966 = EDGE_CURVE ( 'NONE', #9410, #8709, #6214, .T. ) ;
#4967 = CARTESIAN_POINT ( 'NONE',  ( 1.949999999999999956, 0.2174999999999999989, 0.2174999999999999156 ) ) ;
#4968 = VECTOR ( 'NONE', #2749, 1000.000000000000000 ) ;
#4969 = LINE ( 'NONE', #4208, #6360 ) ;
#4970 = CIRCLE ( 'NONE', #5129, 1.749999999999999778 ) ;
#4971 = ORIENTED_EDGE ( 'NONE', *, *, #2339, .F. ) ;
#4972 = FILL_AREA_STYLE ('',( #4058 ) ) ;
#4973 = VERTEX_POINT ( 'NONE', #9349 ) ;
#4974 = CARTESIAN_POINT ( 'NONE',  ( 0.9968214519863044520, 0.000000000000000000, 0.000000000000000000 ) ) ;
#4975 = VECTOR ( 'NONE', #4893, 1000.000000000000000 ) ;
#4976 = CARTESIAN_POINT ( 'NONE',  ( -25.39999999999996305, 0.000000000000000000, 0.000000000000000000 ) ) ;
#4977 = CARTESIAN_POINT ( 'NONE',  ( 27.59999999999999787, 1.749999999999999778, 0.000000000000000000 ) ) ;
#4978 = SURFACE_STYLE_USAGE ( .BOTH. , #9941 ) ;
#4979 = EDGE_CURVE ( 'NONE', #4170, #1108, #2176, .T. ) ;
#4980 = VERTEX_POINT ( 'NONE', #7822 ) ;
#4981 =( NAMED_UNIT ( * ) PLANE_ANGLE_UNIT ( ) SI_UNIT ( $, .RADIAN. ) );
#4982 = VECTOR ( 'NONE', #8679, 1000.000000000000000 ) ;
#4983 = AXIS2_PLACEMENT_3D ( 'NONE', #6886, #3054, #8544 ) ;
#4984 = DIRECTION ( 'NONE',  ( -0.000000000000000000, 1.000000000000000000, 1.224646799147353207E-16 ) ) ;
#4985 = ORIENTED_EDGE ( 'NONE', *, *, #9810, .F. ) ;
#4986 =( REPRESENTATION_RELATIONSHIP ('NONE','NONE', #1962, #3803 ) REPRESENTATION_RELATIONSHIP_WITH_TRANSFORMATION ( #3161 )SHAPE_REPRESENTATION_RELATIONSHIP( ) );
#4987 = DIRECTION ( 'NONE',  ( 0.7456662065614395596, 0.000000000000000000, -0.6663196743247737919 ) ) ;
#4988 =( NAMED_UNIT ( * ) PLANE_ANGLE_UNIT ( ) SI_UNIT ( $, .RADIAN. ) );
#4989 = CARTESIAN_POINT ( 'NONE',  ( 2.193400286944045430, 4.336808689942017736E-16, 0.1903515064562409931 ) ) ;
#4990 = DIRECTION ( 'NONE',  ( -0.1108510534444137469, 2.096348086633972484E-17, 0.9938370308809506559 ) ) ;
#4991 = DIRECTION ( 'NONE',  ( -1.000000000000000000, -0.000000000000000000, -0.000000000000000000 ) ) ;
#4992 = EDGE_CURVE ( 'NONE', #4209, #1438, #686, .T. ) ;
#4993 = STYLED_ITEM ( 'NONE', ( #1878 ), #1059 ) ;
#4994 = ORIENTED_EDGE ( 'NONE', *, *, #4365, .F. ) ;
#4995 = CIRCLE ( 'NONE', #6854, 3.311827956989247479 ) ;
#4996 = SURFACE_SIDE_STYLE ('',( #9016 ) ) ;
#4997 = AXIS2_PLACEMENT_3D ( 'NONE', #1365, #2981, #9360 ) ;
#4998 = SURFACE_SIDE_STYLE ('',( #4949 ) ) ;
#4999 = DIRECTION ( 'NONE',  ( 0.9938370308809507669, 0.000000000000000000, 0.1108510534444137746 ) ) ;
#5000 = CARTESIAN_POINT ( 'NONE',  ( 1.949999999999999956, 0.2174999999999999989, 0.2174999999999999711 ) ) ;
#5001 = AXIS2_PLACEMENT_3D ( 'NONE', #4480, #6936, #9319 ) ;
#5002 = CARTESIAN_POINT ( 'NONE',  ( 0.000000000000000000, 1.959999999999999964, 0.4350000000000001088 ) ) ;
#5003 =( LENGTH_UNIT ( ) NAMED_UNIT ( * ) SI_UNIT ( .MILLI., .METRE. ) );
#5004 = DIRECTION ( 'NONE',  ( 0.9877866216249069353, -0.1101762001043169320, 0.1101762001043165712 ) ) ;
#5005 = DIRECTION ( 'NONE',  ( -1.000000000000000000, -0.000000000000000000, -0.000000000000000000 ) ) ;
#5006 = VERTEX_POINT ( 'NONE', #191 ) ;
#5007 = PRESENTATION_LAYER_ASSIGNMENT (  '', '', ( #4025 ) ) ;
#5008 =( GEOMETRIC_REPRESENTATION_CONTEXT ( 3 ) GLOBAL_UNCERTAINTY_ASSIGNED_CONTEXT ( ( #9632 ) ) GLOBAL_UNIT_ASSIGNED_CONTEXT ( ( #5766, #5812, #3630 ) ) REPRESENTATION_CONTEXT ( 'NONE', 'WORKASPACE' ) );
#5009 = CARTESIAN_POINT ( 'NONE',  ( -25.39999999999996305, 0.000000000000000000, 0.000000000000000000 ) ) ;
#5010 = VERTEX_POINT ( 'NONE', #8114 ) ;
#5011 = AXIS2_PLACEMENT_3D ( 'NONE', #1590, #9685, #7866 ) ;
#5012 = FILL_AREA_STYLE_COLOUR ( '', #491 ) ;
#5013 = STYLED_ITEM ( 'NONE', ( #6363 ), #6239 ) ;
#5014 = SURFACE_SIDE_STYLE ('',( #2769 ) ) ;
#5015 = DIRECTION ( 'NONE',  ( 0.7456662065614396706, 0.6663196743247736809, 0.000000000000000000 ) ) ;
#5016 =( LENGTH_UNIT ( ) NAMED_UNIT ( * ) SI_UNIT ( .MILLI., .METRE. ) );
#5017 = PLANE ( 'NONE',  #6379 ) ;
#5019 = EDGE_CURVE ( 'NONE', #1270, #4434, #2310, .T. ) ;
#5018 = CIRCLE ( 'NONE', #2347, 3.311827956989247479 ) ;
#5020 = EDGE_CURVE ( 'NONE', #8387, #1850, #6477, .T. ) ;
#5021 = ORIENTED_EDGE ( 'NONE', *, *, #7027, .T. ) ;
#5022 = PLANE ( 'NONE',  #1357 ) ;
#5023 = SURFACE_SIDE_STYLE ('',( #1834 ) ) ;
#5024 = DIRECTION ( 'NONE',  ( -0.9938370308809506559, -0.1108510534444136914, -3.870343844922732447E-16 ) ) ;
#5025 = FILL_AREA_STYLE_COLOUR ( '', #1194 ) ;
#5026 = VECTOR ( 'NONE', #4560, 1000.000000000000000 ) ;
#5027 = PRESENTATION_LAYER_ASSIGNMENT (  '', '', ( #4056 ) ) ;
#5028 = ORIENTED_EDGE ( 'NONE', *, *, #8133, .T. ) ;
#5029 = SURFACE_STYLE_FILL_AREA ( #954 ) ;
#5030 = AXIS2_PLACEMENT_3D ( 'NONE', #9757, #9132, #1958 ) ;
#5031 = UNCERTAINTY_MEASURE_WITH_UNIT (LENGTH_MEASURE( 1.000000000000000082E-05 ), #3280, 'distance_accuracy_value', 'NONE');
#5032 =( NAMED_UNIT ( * ) PLANE_ANGLE_UNIT ( ) SI_UNIT ( $, .RADIAN. ) );
#5033 = VERTEX_POINT ( 'NONE', #7350 ) ;
#5034 = EDGE_CURVE ( 'NONE', #4640, #2962, #3378, .T. ) ;
#5035 = PRESENTATION_LAYER_ASSIGNMENT (  '', '', ( #374 ) ) ;
#5036 = FILL_AREA_STYLE_COLOUR ( '', #7904 ) ;
#5037 = CARTESIAN_POINT ( 'NONE',  ( 5.974195292295553905, -0.2313525518329657138, -8.028830871489587498E-16 ) ) ;
#5038 =( GEOMETRIC_REPRESENTATION_CONTEXT ( 3 ) GLOBAL_UNCERTAINTY_ASSIGNED_CONTEXT ( ( #1784 ) ) GLOBAL_UNIT_ASSIGNED_CONTEXT ( ( #8896, #1836, #6606 ) ) REPRESENTATION_CONTEXT ( 'NONE', 'WORKASPACE' ) );
#5039 =( GEOMETRIC_REPRESENTATION_CONTEXT ( 3 ) GLOBAL_UNCERTAINTY_ASSIGNED_CONTEXT ( ( #4557 ) ) GLOBAL_UNIT_ASSIGNED_CONTEXT ( ( #7695, #2096, #5186 ) ) REPRESENTATION_CONTEXT ( 'NONE', 'WORKASPACE' ) );
#5040 = DIRECTION ( 'NONE',  ( -0.7456662065614396706, 0.000000000000000000, -0.6663196743247736809 ) ) ;
#5041 =( NAMED_UNIT ( * ) SI_UNIT ( $, .STERADIAN. ) SOLID_ANGLE_UNIT ( ) );
#5042 = FACE_OUTER_BOUND ( 'NONE', #3355, .T. ) ;
#5043 = UNCERTAINTY_MEASURE_WITH_UNIT (LENGTH_MEASURE( 1.000000000000000082E-05 ), #8139, 'distance_accuracy_value', 'NONE');
#5044 = EDGE_LOOP ( 'NONE', ( #4783, #1373, #8705, #7581 ) ) ;
#5045 = PRESENTATION_LAYER_ASSIGNMENT (  '', '', ( #5712 ) ) ;
#5046 = EDGE_LOOP ( 'NONE', ( #2736, #10234, #3382, #1312 ) ) ;
#5047 = ADVANCED_FACE ( 'NONE', ( #5042 ), #8670, .T. ) ;
#5048 =( LENGTH_UNIT ( ) NAMED_UNIT ( * ) SI_UNIT ( .MILLI., .METRE. ) );
#5049 = FILL_AREA_STYLE ('',( #5202 ) ) ;
#5050 = DIRECTION ( 'NONE',  ( 0.000000000000000000, 0.000000000000000000, 1.000000000000000000 ) ) ;
#5051 = PLANE ( 'NONE',  #2137 ) ;
#5052 = AXIS2_PLACEMENT_3D ( 'NONE', #1444, #3015, #2105 ) ;
#5053 = CARTESIAN_POINT ( 'NONE',  ( 1.949999999999999956, -0.2175000000000000266, -0.2174999999999999989 ) ) ;
#5054 = SURFACE_SIDE_STYLE ('',( #9079 ) ) ;
#5055 = FILL_AREA_STYLE_COLOUR ( '', #2300 ) ;
#5056 = APPLICATION_PROTOCOL_DEFINITION ( 'draft international standard', 'automotive_design', 1998, #3537 ) ;
#5057 = UNCERTAINTY_MEASURE_WITH_UNIT (LENGTH_MEASURE( 1.000000000000000082E-05 ), #5016, 'distance_accuracy_value', 'NONE');
#5058 = MECHANICAL_DESIGN_GEOMETRIC_PRESENTATION_REPRESENTATION (  '', ( #3215 ), #1226 ) ;
#5059 = ORIENTED_EDGE ( 'NONE', *, *, #6526, .T. ) ;
#5060 = CIRCLE ( 'NONE', #7404, 1.749999999999999778 ) ;
#5061 = STYLED_ITEM ( 'NONE', ( #1079 ), #2233 ) ;
#5062 = ADVANCED_FACE ( 'NONE', ( #5656 ), #8863, .T. ) ;
#5063 = PRESENTATION_STYLE_ASSIGNMENT (( #9921 ) ) ;
#5064 = EDGE_LOOP ( 'NONE', ( #29, #3435, #10340 ) ) ;
#5065 =( NAMED_UNIT ( * ) SI_UNIT ( $, .STERADIAN. ) SOLID_ANGLE_UNIT ( ) );
#5066 = DIRECTION ( 'NONE',  ( -1.000000000000000000, 0.000000000000000000, -0.000000000000000000 ) ) ;
#5067 = FILL_AREA_STYLE ('',( #3137 ) ) ;
#5068 = COLOUR_RGB ( '',0.7764705882352941346, 0.7568627450980391913, 0.7372549019607843590 ) ;
#5069 = AXIS2_PLACEMENT_3D ( 'NONE', #9093, #4202, #9712 ) ;
#5070 = COLOUR_RGB ( '',0.7764705882352941346, 0.7568627450980391913, 0.7372549019607843590 ) ;
#5071 = CARTESIAN_POINT ( 'NONE',  ( -25.39999999999996305, 2.143131898507868051E-16, -1.749999999999999778 ) ) ;
#5072 = CARTESIAN_POINT ( 'NONE',  ( 0.03111693966988560850, 0.4315292644214372975, -0.4315292644214357431 ) ) ;
#5073 = DIRECTION ( 'NONE',  ( 0.000000000000000000, 0.000000000000000000, 1.000000000000000000 ) ) ;
#5074 = VECTOR ( 'NONE', #4685, 1000.000000000000000 ) ;
#5075 =( NAMED_UNIT ( * ) PLANE_ANGLE_UNIT ( ) SI_UNIT ( $, .RADIAN. ) );
#5076 = SURFACE_STYLE_USAGE ( .BOTH. , #4473 ) ;
#5077 = AXIS2_PLACEMENT_3D ( 'NONE', #1994, #8603, #7036 ) ;
#5078 = SURFACE_STYLE_FILL_AREA ( #2665 ) ;
#5079 = MECHANICAL_DESIGN_GEOMETRIC_PRESENTATION_REPRESENTATION (  '', ( #8915 ), #2244 ) ;
#5080 = ORIENTED_EDGE ( 'NONE', *, *, #4631, .T. ) ;
#5081 = SURFACE_SIDE_STYLE ('',( #270 ) ) ;
#5082 = CARTESIAN_POINT ( 'NONE',  ( 1.347043950347263763, 0.000000000000000000, 0.000000000000000000 ) ) ;
#5083 = CARTESIAN_POINT ( 'NONE',  ( 2.599999999999998312, 0.000000000000000000, 0.000000000000000000 ) ) ;
#5084 = CARTESIAN_POINT ( 'NONE',  ( -25.39999999999996305, 4.286263797015737088E-16, -3.500000000000000444 ) ) ;
#5085 = SURFACE_SIDE_STYLE ('',( #6779 ) ) ;
#5086 = VERTEX_POINT ( 'NONE', #9518 ) ;
#5087 = MECHANICAL_DESIGN_GEOMETRIC_PRESENTATION_REPRESENTATION (  '', ( #3748 ), #6924 ) ;
#5088 = EDGE_CURVE ( 'NONE', #618, #4055, #4995, .T. ) ;
#5089 = ORIENTED_EDGE ( 'NONE', *, *, #991, .F. ) ;
#5090 = LINE ( 'NONE', #342, #8365 ) ;
#5091 = CARTESIAN_POINT ( 'NONE',  ( 15.60000000000000320, 2.143131898507868051E-16, -1.749999999999999778 ) ) ;
#5092 = CARTESIAN_POINT ( 'NONE',  ( -25.39999999999996305, 0.000000000000000000, 1.749999999999999778 ) ) ;
#5093 = DIRECTION ( 'NONE',  ( 0.000000000000000000, 0.000000000000000000, 1.000000000000000000 ) ) ;
#5094 = DIRECTION ( 'NONE',  ( -0.1108510534444137469, -0.9938370308809506559, -3.448999966305766196E-15 ) ) ;
#5095 = CARTESIAN_POINT ( 'NONE',  ( 2.214116351126373949, 0.1880408685282127790, -0.1880408685282121406 ) ) ;
#5096 = DIRECTION ( 'NONE',  ( -1.000000000000000000, -0.000000000000000000, -0.000000000000000000 ) ) ;
#5097 = ORIENTED_EDGE ( 'NONE', *, *, #3634, .F. ) ;
#5098 = DIRECTION ( 'NONE',  ( 0.6663196743247736809, 0.7456662065614397816, 0.000000000000000000 ) ) ;
#5099 = EDGE_CURVE ( 'NONE', #8140, #7780, #8678, .T. ) ;
#5100 = PRESENTATION_LAYER_ASSIGNMENT (  '', '', ( #7277 ) ) ;
#5101 = ORIENTED_EDGE ( 'NONE', *, *, #8048, .F. ) ;
#5102 = EDGE_LOOP ( 'NONE', ( #2798, #1111, #2964 ) ) ;
#5103 = DIRECTION ( 'NONE',  ( -0.000000000000000000, 0.000000000000000000, -1.000000000000000000 ) ) ;
#5104 = VECTOR ( 'NONE', #1120, 1000.000000000000114 ) ;
#5105 = FILL_AREA_STYLE ('',( #249 ) ) ;
#5106 =( LENGTH_UNIT ( ) NAMED_UNIT ( * ) SI_UNIT ( .MILLI., .METRE. ) );
#5107 = EDGE_CURVE ( 'NONE', #8387, #8557, #4681, .T. ) ;
#5108 = EDGE_LOOP ( 'NONE', ( #6627, #8078, #4546 ) ) ;
#5109 = AXIS2_PLACEMENT_3D ( 'NONE', #2679, #1750, #1894 ) ;
#5110 = CARTESIAN_POINT ( 'NONE',  ( 2.599999999999998312, 0.000000000000000000, 0.000000000000000000 ) ) ;
#5111 = CARTESIAN_POINT ( 'NONE',  ( 1.347043950347265318, 0.000000000000000000, 0.000000000000000000 ) ) ;
#5112 = FILL_AREA_STYLE ('',( #9770 ) ) ;
#5113 = CARTESIAN_POINT ( 'NONE',  ( 4.309938594911940868, -6.606512545546451519E-15, 1.891316923914901693 ) ) ;
#5114 = CLOSED_SHELL ( 'NONE', ( #5927, #7912, #9695, #6299, #4485, #5116, #5137, #3548, #2982, #8981, #10269, #105, #8418, #2094, #4444, #4247, #9459, #10019, #2521, #5337, #2217, #8995, #8569 ) ) ;
#5115 = CARTESIAN_POINT ( 'NONE',  ( 2.193400286944045430, 4.336808689942017736E-16, 0.1903515064562409931 ) ) ;
#5116 = ADVANCED_FACE ( 'NONE', ( #7847 ), #712, .T. ) ;
#5117 = DIRECTION ( 'NONE',  ( 0.000000000000000000, 0.000000000000000000, 1.000000000000000000 ) ) ;
#5118 = SURFACE_STYLE_USAGE ( .BOTH. , #1923 ) ;
#5119 = ORIENTED_EDGE ( 'NONE', *, *, #3166, .F. ) ;
#5120 = CARTESIAN_POINT ( 'NONE',  ( -25.39999999999996305, 0.000000000000000000, 0.000000000000000000 ) ) ;
#5121 = DIRECTION ( 'NONE',  ( 0.000000000000000000, 0.000000000000000000, -1.000000000000000000 ) ) ;
#5122 = ORIENTED_EDGE ( 'NONE', *, *, #5383, .T. ) ;
#5123 =( LENGTH_UNIT ( ) NAMED_UNIT ( * ) SI_UNIT ( .MILLI., .METRE. ) );
#5124 = CARTESIAN_POINT ( 'NONE',  ( 0.9968214519863044520, 4.171041651934668579E-16, -3.311827956989247479 ) ) ;
#5125 = PRESENTATION_STYLE_ASSIGNMENT (( #8210 ) ) ;
#5126 = MANIFOLD_SOLID_BREP ( 'Move Face1', #4141 ) ;
#5127 = AXIS2_PLACEMENT_3D ( 'NONE', #10147, #9988, #8590 ) ;
#5128 = LINE ( 'NONE', #4269, #5329 ) ;
#5129 = AXIS2_PLACEMENT_3D ( 'NONE', #5900, #1910, #9186 ) ;
#5130 =( NAMED_UNIT ( * ) SI_UNIT ( $, .STERADIAN. ) SOLID_ANGLE_UNIT ( ) );
#5131 = VERTEX_POINT ( 'NONE', #3002 ) ;
#5132 = UNCERTAINTY_MEASURE_WITH_UNIT (LENGTH_MEASURE( 1.000000000000000082E-05 ), #9308, 'distance_accuracy_value', 'NONE');
#5133 = DIRECTION ( 'NONE',  ( 1.000000000000000000, 0.000000000000000000, 0.000000000000000000 ) ) ;
#5134 = ORIENTED_EDGE ( 'NONE', *, *, #9496, .T. ) ;
#5135 = PRESENTATION_LAYER_ASSIGNMENT (  '', '', ( #9481 ) ) ;
#5136 = CARTESIAN_POINT ( 'NONE',  ( 4.309938594911940868, -6.606512545546451519E-15, 1.891316923914901693 ) ) ;
#5137 = ADVANCED_FACE ( 'NONE', ( #6091 ), #332, .T. ) ;
#5138 =( LENGTH_UNIT ( ) NAMED_UNIT ( * ) SI_UNIT ( .MILLI., .METRE. ) );
#5139 = DIRECTION ( 'NONE',  ( 0.000000000000000000, 0.000000000000000000, 1.000000000000000000 ) ) ;
#5140 = DIRECTION ( 'NONE',  ( 0.000000000000000000, 0.000000000000000000, 1.000000000000000000 ) ) ;
#5141 = CARTESIAN_POINT ( 'NONE',  ( 0.9968214519863044520, -3.311827956989247035, -4.055819506853600563E-16 ) ) ;
#5142 = SURFACE_STYLE_USAGE ( .BOTH. , #6622 ) ;
#5143 = VECTOR ( 'NONE', #9860, 1000.000000000000114 ) ;
#5144 = ORIENTED_EDGE ( 'NONE', *, *, #4531, .T. ) ;
#5145 =( LENGTH_UNIT ( ) NAMED_UNIT ( * ) SI_UNIT ( .MILLI., .METRE. ) );
#5146 = PRESENTATION_LAYER_ASSIGNMENT (  '', '', ( #2812 ) ) ;
#5147 = UNCERTAINTY_MEASURE_WITH_UNIT (LENGTH_MEASURE( 1.000000000000000082E-05 ), #8952, 'distance_accuracy_value', 'NONE');
#5148 = VERTEX_POINT ( 'NONE', #9222 ) ;
#5149 = ORIENTED_EDGE ( 'NONE', *, *, #1414, .F. ) ;
#5150 = PRESENTATION_STYLE_ASSIGNMENT (( #7622 ) ) ;
#5151 = MECHANICAL_DESIGN_GEOMETRIC_PRESENTATION_REPRESENTATION (  '', ( #2991 ), #7823 ) ;
#5152 = PRESENTATION_LAYER_ASSIGNMENT (  '', '', ( #7006 ) ) ;
#5153 = ADVANCED_FACE ( 'NONE', ( #4481 ), #7797, .F. ) ;
#5154 = EDGE_CURVE ( 'NONE', #7292, #1254, #5487, .T. ) ;
#5155 = CARTESIAN_POINT ( 'NONE',  ( 2.599999999999998312, 4.286263797015736595E-16, -3.500000000000000000 ) ) ;
#5156 = SURFACE_SIDE_STYLE ('',( #9806 ) ) ;
#5157 = FACE_OUTER_BOUND ( 'NONE', #10089, .T. ) ;
#5158 = LINE ( 'NONE', #9192, #4770 ) ;
#5159 = DIRECTION ( 'NONE',  ( -1.000000000000000000, -0.000000000000000000, -0.000000000000000000 ) ) ;
#5160 = MECHANICAL_DESIGN_GEOMETRIC_PRESENTATION_REPRESENTATION (  '', ( #8153 ), #1978 ) ;
#5161 = PRODUCT_DEFINITION_CONTEXT ( 'detailed design', #9057, 'design' ) ;
#5162 = MECHANICAL_DESIGN_GEOMETRIC_PRESENTATION_REPRESENTATION (  '', ( #1745 ), #6487 ) ;
#5163 = ORIENTED_EDGE ( 'NONE', *, *, #10297, .F. ) ;
#5164 = SURFACE_SIDE_STYLE ('',( #9139 ) ) ;
#5165 = MANIFOLD_SOLID_BREP ( 'pan cross head_am-4-solid1', #4639 ) ;
#5166 = CARTESIAN_POINT ( 'NONE',  ( 0.03111693966988647586, 0.4315292644214342443, 0.4315292644214356321 ) ) ;
#5167 = EDGE_CURVE ( 'NONE', #8309, #701, #4833, .T. ) ;
#5168 = AXIS2_PLACEMENT_3D ( 'NONE', #4311, #6777, #8152 ) ;
#5169 = PLANE ( 'NONE',  #298 ) ;
#5170 = COLOUR_RGB ( '',0.7764705882352941346, 0.7568627450980391913, 0.7372549019607843590 ) ;
#5171 = FILL_AREA_STYLE_COLOUR ( '', #3409 ) ;
#5172 = FACE_OUTER_BOUND ( 'NONE', #112, .T. ) ;
#5173 = VERTEX_POINT ( 'NONE', #4726 ) ;
#5174 = AXIS2_PLACEMENT_3D ( 'NONE', #7665, #3109, #5546 ) ;
#5175 = CARTESIAN_POINT ( 'NONE',  ( 6.000000000000000000, 2.326828918379972351E-16, 0.000000000000000000 ) ) ;
#5176 = AXIS2_PLACEMENT_3D ( 'NONE', #1256, #307, #6584 ) ;
#5177 = ORIENTED_EDGE ( 'NONE', *, *, #2352, .T. ) ;
#5178 = FACE_OUTER_BOUND ( 'NONE', #8502, .T. ) ;
#5179 = EDGE_CURVE ( 'NONE', #5694, #8351, #7828, .T. ) ;
#5180 = ORIENTED_EDGE ( 'NONE', *, *, #8105, .F. ) ;
#5181 = MECHANICAL_DESIGN_GEOMETRIC_PRESENTATION_REPRESENTATION (  '', ( #1177 ), #697 ) ;
#5182 = AXIS2_PLACEMENT_3D ( 'NONE', #2868, #5265, #683 ) ;
#5183 = CARTESIAN_POINT ( 'NONE',  ( 2.599999999999998312, 0.000000000000000000, 3.500000000000000000 ) ) ;
#5184 = COLOUR_RGB ( '',0.7764705882352941346, 0.7568627450980391913, 0.7372549019607843590 ) ;
#5185 = AXIS2_PLACEMENT_3D ( 'NONE', #4303, #2716, #3672 ) ;
#5186 =( NAMED_UNIT ( * ) SI_UNIT ( $, .STERADIAN. ) SOLID_ANGLE_UNIT ( ) );
#5187 = AXIS2_PLACEMENT_3D ( 'NONE', #5514, #1504, #5615 ) ;
#5188 = ORIENTED_EDGE ( 'NONE', *, *, #758, .T. ) ;
#5189 = LINE ( 'NONE', #4632, #6905 ) ;
#5190 = CARTESIAN_POINT ( 'NONE',  ( 0.03111693966988647586, 0.4315292644214342443, 0.4315292644214356321 ) ) ;
#5191 =( NAMED_UNIT ( * ) PLANE_ANGLE_UNIT ( ) SI_UNIT ( $, .RADIAN. ) );
#5192 = MECHANICAL_DESIGN_GEOMETRIC_PRESENTATION_REPRESENTATION (  '', ( #7202 ), #196 ) ;
#5193 = CARTESIAN_POINT ( 'NONE',  ( 1.949999999999999956, -0.2175000000000007205, 0.2174999999999993883 ) ) ;
#5194 =( GEOMETRIC_REPRESENTATION_CONTEXT ( 3 ) GLOBAL_UNCERTAINTY_ASSIGNED_CONTEXT ( ( #7338 ) ) GLOBAL_UNIT_ASSIGNED_CONTEXT ( ( #4503, #8760, #8663 ) ) REPRESENTATION_CONTEXT ( 'NONE', 'WORKASPACE' ) );
#5195 = ORIENTED_EDGE ( 'NONE', *, *, #1887, .T. ) ;
#5196 = MANIFOLD_SOLID_BREP ( 'Move Face1', #3632 ) ;
#5197 = DIRECTION ( 'NONE',  ( 0.9938370308809506559, 0.000000000000000000, 0.1108510534444137469 ) ) ;
#5198 = ORIENTED_EDGE ( 'NONE', *, *, #107, .F. ) ;
#5199 = ORIENTED_EDGE ( 'NONE', *, *, #5815, .T. ) ;
#5200 = AXIS2_PLACEMENT_3D ( 'NONE', #6545, #9886, #3302 ) ;
#5201 = CARTESIAN_POINT ( 'NONE',  ( 1.949999999999999956, 0.2175000000000007483, -0.2174999999999992772 ) ) ;
#5202 = FILL_AREA_STYLE_COLOUR ( '', #1244 ) ;
#5203 = AXIS2_PLACEMENT_3D ( 'NONE', #9624, #1525, #1475 ) ;
#5204 = LINE ( 'NONE', #5353, #5853 ) ;
#5205 = DIRECTION ( 'NONE',  ( 0.7456662065614396706, 0.6663196743247736809, 0.000000000000000000 ) ) ;
#5206 = AXIS2_PLACEMENT_3D ( 'NONE', #7657, #5098, #2910 ) ;
#5207 = MECHANICAL_DESIGN_GEOMETRIC_PRESENTATION_REPRESENTATION (  '', ( #8047 ), #5039 ) ;
#5208 = APPLICATION_PROTOCOL_DEFINITION ( 'draft international standard', 'automotive_design', 1998, #3003 ) ;
#5209 = ADVANCED_FACE ( 'NONE', ( #2395 ), #3898, .T. ) ;
#5210 = EDGE_CURVE ( 'NONE', #1035, #2614, #4817, .T. ) ;
#5211 = PRESENTATION_LAYER_ASSIGNMENT (  '', '', ( #3207 ) ) ;
#5212 = ORIENTED_EDGE ( 'NONE', *, *, #1157, .F. ) ;
#5213 = LINE ( 'NONE', #429, #7082 ) ;
#5214 = DIRECTION ( 'NONE',  ( -1.000000000000000000, -0.000000000000000000, -0.000000000000000000 ) ) ;
#5215 = DIRECTION ( 'NONE',  ( 0.7456662065614397816, 0.6663196743247735698, 0.000000000000000000 ) ) ;
#5216 = VECTOR ( 'NONE', #7463, 1000.000000000000000 ) ;
#5217 = MECHANICAL_DESIGN_GEOMETRIC_PRESENTATION_REPRESENTATION (  '', ( #4916 ), #1421 ) ;
#5218 = ORIENTED_EDGE ( 'NONE', *, *, #2994, .F. ) ;
#5219 = CARTESIAN_POINT ( 'NONE',  ( 22.60000000000000142, 0.000000000000000000, 0.000000000000000000 ) ) ;
#5220 = DIRECTION ( 'NONE',  ( 0.000000000000000000, -1.000000000000000000, -1.246209393661499126E-16 ) ) ;
#5221 = ORIENTED_EDGE ( 'NONE', *, *, #6822, .F. ) ;
#5222 = STYLED_ITEM ( 'NONE', ( #9116 ), #8216 ) ;
#5223 = ADVANCED_FACE ( 'NONE', ( #10257 ), #1674, .F. ) ;
#5224 = ORIENTED_EDGE ( 'NONE', *, *, #6564, .F. ) ;
#5225 =( NAMED_UNIT ( * ) SI_UNIT ( $, .STERADIAN. ) SOLID_ANGLE_UNIT ( ) );
#5226 = VERTEX_POINT ( 'NONE', #6593 ) ;
#5227 = AXIS2_PLACEMENT_3D ( 'NONE', #9775, #4207, #8984 ) ;
#5228 = MECHANICAL_DESIGN_GEOMETRIC_PRESENTATION_REPRESENTATION (  '', ( #3217 ), #4748 ) ;
#5229 =( LENGTH_UNIT ( ) NAMED_UNIT ( * ) SI_UNIT ( .MILLI., .METRE. ) );
#5230 = DIRECTION ( 'NONE',  ( 0.9938370308809507669, 0.000000000000000000, 0.1108510534444137746 ) ) ;
#5231 = LINE ( 'NONE', #557, #3691 ) ;
#5232 =( NAMED_UNIT ( * ) PLANE_ANGLE_UNIT ( ) SI_UNIT ( $, .RADIAN. ) );
#5233 = EDGE_CURVE ( 'NONE', #4664, #2510, #8983, .T. ) ;
#5234 = UNCERTAINTY_MEASURE_WITH_UNIT (LENGTH_MEASURE( 1.000000000000000082E-05 ), #910, 'distance_accuracy_value', 'NONE');
#5235 = VECTOR ( 'NONE', #5602, 999.9999999999998863 ) ;
#5236 = STYLED_ITEM ( 'NONE', ( #7213 ), #8935 ) ;
#5237 = AXIS2_PLACEMENT_3D ( 'NONE', #4778, #2504, #4684 ) ;
#5238 = FACE_OUTER_BOUND ( 'NONE', #6108, .T. ) ;
#5239 = DIRECTION ( 'NONE',  ( -0.1108510534444136914, 0.9938370308809506559, 3.595744332370143968E-15 ) ) ;
#5240 = EDGE_LOOP ( 'NONE', ( #8866, #4453, #5437, #4717 ) ) ;
#5241 = SURFACE_SIDE_STYLE ('',( #8543 ) ) ;
#5242 = DIRECTION ( 'NONE',  ( 0.000000000000000000, 0.000000000000000000, 1.000000000000000000 ) ) ;
#5243 =( LENGTH_UNIT ( ) NAMED_UNIT ( * ) SI_UNIT ( .MILLI., .METRE. ) );
#5244 =( LENGTH_UNIT ( ) NAMED_UNIT ( * ) SI_UNIT ( .MILLI., .METRE. ) );
#5245 = AXIS2_PLACEMENT_3D ( 'NONE', #8151, #1685, #7227 ) ;
#5246 = FACE_OUTER_BOUND ( 'NONE', #5046, .T. ) ;
#5247 = PRODUCT_DEFINITION_FORMATION_WITH_SPECIFIED_SOURCE ( 'ANY', '', #3876, .NOT_KNOWN. ) ;
#5248 = LINE ( 'NONE', #3699, #4286 ) ;
#5249 = SURFACE_SIDE_STYLE ('',( #3859 ) ) ;
#5250 = PRESENTATION_STYLE_ASSIGNMENT (( #3757 ) ) ;
#5251 = ORIENTED_EDGE ( 'NONE', *, *, #9681, .F. ) ;
#5252 = LINE ( 'NONE', #8388, #1361 ) ;
#5253 = CARTESIAN_POINT ( 'NONE',  ( 4.309938594911940868, -1.891316923914901471, 0.000000000000000000 ) ) ;
#5254 = EDGE_CURVE ( 'NONE', #4062, #9067, #2133, .T. ) ;
#5255 = MANIFOLD_SOLID_BREP ( 'Move Face1', #5114 ) ;
#5256 = UNCERTAINTY_MEASURE_WITH_UNIT (LENGTH_MEASURE( 1.000000000000000082E-05 ), #3936, 'distance_accuracy_value', 'NONE');
#5257 = ORIENTED_EDGE ( 'NONE', *, *, #4918, .F. ) ;
#5258 = PRESENTATION_LAYER_ASSIGNMENT (  '', '', ( #7428 ) ) ;
#5259 = SURFACE_STYLE_FILL_AREA ( #6054 ) ;
#5260 = FACE_OUTER_BOUND ( 'NONE', #6052, .T. ) ;
#5261 = VERTEX_POINT ( 'NONE', #4261 ) ;
#5262 = SURFACE_STYLE_FILL_AREA ( #8448 ) ;
#5263 = DIRECTION ( 'NONE',  ( 0.6663196743247736809, 0.7456662065614397816, 0.000000000000000000 ) ) ;
#5264 = DIRECTION ( 'NONE',  ( 1.000000000000000000, 0.000000000000000000, 0.000000000000000000 ) ) ;
#5265 = DIRECTION ( 'NONE',  ( -1.000000000000000000, -0.000000000000000000, -0.000000000000000000 ) ) ;
#5266 =( NAMED_UNIT ( * ) PLANE_ANGLE_UNIT ( ) SI_UNIT ( $, .RADIAN. ) );
#5267 = PRESENTATION_STYLE_ASSIGNMENT (( #7673 ) ) ;
#5268 = CONTEXT_DEPENDENT_SHAPE_REPRESENTATION ( #1585, #9454 ) ;
#5269 = ORIENTED_EDGE ( 'NONE', *, *, #6562, .F. ) ;
#5270 =( NAMED_UNIT ( * ) PLANE_ANGLE_UNIT ( ) SI_UNIT ( $, .RADIAN. ) );
#5271 = AXIS2_PLACEMENT_3D ( 'NONE', #8488, #1176, #1285 ) ;
#5272 = SURFACE_STYLE_USAGE ( .BOTH. , #7677 ) ;
#5273 = SURFACE_SIDE_STYLE ('',( #2019 ) ) ;
#5274 = FILL_AREA_STYLE_COLOUR ( '', #452 ) ;
#5275 = PRODUCT_RELATED_PRODUCT_CATEGORY ( 'part', '', ( #10286 ) ) ;
#5276 =( LENGTH_UNIT ( ) NAMED_UNIT ( * ) SI_UNIT ( .MILLI., .METRE. ) );
#5277 = ADVANCED_FACE ( 'NONE', ( #3350 ), #7424, .T. ) ;
#5278 = SHAPE_REPRESENTATION_RELATIONSHIP ( 'NONE' , 'NONE' ,  #10192, #4374 ) ;
#5279 = VERTEX_POINT ( 'NONE', #490 ) ;
#5280 = ORIENTED_EDGE ( 'NONE', *, *, #7150, .F. ) ;
#5281 = DIRECTION ( 'NONE',  ( 0.7431005017819711789, -0.08288428673722218754, 0.6640269868487610472 ) ) ;
#5282 = CARTESIAN_POINT ( 'NONE',  ( 0.000000000000000000, -1.959999999999999964, -0.4349999999999999978 ) ) ;
#5283 = EDGE_LOOP ( 'NONE', ( #3601, #3550, #875, #4364 ) ) ;
#5284 = PRESENTATION_LAYER_ASSIGNMENT (  '', '', ( #8106 ) ) ;
#5285 = EDGE_CURVE ( 'NONE', #3227, #9747, #4571, .T. ) ;
#5286 = MANIFOLD_SOLID_BREP ( 'Move Face1', #8459 ) ;
#5287 = FILL_AREA_STYLE ('',( #4583 ) ) ;
#5288 = PRESENTATION_STYLE_ASSIGNMENT (( #7845 ) ) ;
#5289 = CARTESIAN_POINT ( 'NONE',  ( 0.03111693966988560850, -0.4315292644214371864, 0.4315292644214354101 ) ) ;
#5290 = VERTEX_POINT ( 'NONE', #8580 ) ;
#5291 = FILL_AREA_STYLE_COLOUR ( '', #718 ) ;
#5292 = FILL_AREA_STYLE ('',( #4487 ) ) ;
#5293 = EDGE_CURVE ( 'NONE', #5006, #2062, #7516, .T. ) ;
#5294 = AXIS2_PLACEMENT_3D ( 'NONE', #3842, #1567, #7840 ) ;
#5295 = FILL_AREA_STYLE_COLOUR ( '', #9819 ) ;
#5296 = CARTESIAN_POINT ( 'NONE',  ( 0.000000000000000000, -0.4349999999999927813, -1.960000000000001741 ) ) ;
#5297 = DIRECTION ( 'NONE',  ( 0.000000000000000000, 0.000000000000000000, 1.000000000000000000 ) ) ;
#5298 = DIRECTION ( 'NONE',  ( 0.7431005017819711789, -0.6640269868487613802, -0.08288428673721992546 ) ) ;
#5299 =( NAMED_UNIT ( * ) SI_UNIT ( $, .STERADIAN. ) SOLID_ANGLE_UNIT ( ) );
#5300 =( NAMED_UNIT ( * ) PLANE_ANGLE_UNIT ( ) SI_UNIT ( $, .RADIAN. ) );
#5301 = ORIENTED_EDGE ( 'NONE', *, *, #5107, .T. ) ;
#5302 = DIRECTION ( 'NONE',  ( 0.7431005017819711789, -0.08288428673721758011, -0.6640269868487616023 ) ) ;
#5303 = AXIS2_PLACEMENT_3D ( 'NONE', #548, #7632, #9365 ) ;
#5304 = ORIENTED_EDGE ( 'NONE', *, *, #2140, .T. ) ;
#5305 = STYLED_ITEM ( 'NONE', ( #6002 ), #366 ) ;
#5306 = VERTEX_POINT ( 'NONE', #1309 ) ;
#5307 =( GEOMETRIC_REPRESENTATION_CONTEXT ( 3 ) GLOBAL_UNCERTAINTY_ASSIGNED_CONTEXT ( ( #7764 ) ) GLOBAL_UNIT_ASSIGNED_CONTEXT ( ( #1988, #447, #2039 ) ) REPRESENTATION_CONTEXT ( 'NONE', 'WORKASPACE' ) );
#5308 = EDGE_LOOP ( 'NONE', ( #241, #4600, #2774, #2785, #7563 ) ) ;
#5309 = EDGE_CURVE ( 'NONE', #3578, #2482, #8836, .T. ) ;
#5310 = PRESENTATION_LAYER_ASSIGNMENT (  '', '', ( #2298 ) ) ;
#5311 = AXIS2_PLACEMENT_3D ( 'NONE', #7933, #1507, #6418 ) ;
#5312 = PLANE ( 'NONE',  #3784 ) ;
#5313 = DIRECTION ( 'NONE',  ( 0.000000000000000000, 0.000000000000000000, -1.000000000000000000 ) ) ;
#5314 = CARTESIAN_POINT ( 'NONE',  ( 0.9968214519863044520, 3.311827956989247479, 0.000000000000000000 ) ) ;
#5315 = FILL_AREA_STYLE ('',( #1134 ) ) ;
#5316 = CIRCLE ( 'NONE', #4822, 5.437518987584764929 ) ;
#5317 = EDGE_LOOP ( 'NONE', ( #2005, #9605, #1945, #3417, #9696 ) ) ;
#5318 = STYLED_ITEM ( 'NONE', ( #2243 ), #4604 ) ;
#5319 =( NAMED_UNIT ( * ) SI_UNIT ( $, .STERADIAN. ) SOLID_ANGLE_UNIT ( ) );
#5320 = DIRECTION ( 'NONE',  ( 0.9877866216249069353, 0.1101762001043169042, -0.1101762001043164879 ) ) ;
#5321 = STYLED_ITEM ( 'NONE', ( #8107 ), #5608 ) ;
#5322 =( NAMED_UNIT ( * ) PLANE_ANGLE_UNIT ( ) SI_UNIT ( $, .RADIAN. ) );
#5323 = FILL_AREA_STYLE_COLOUR ( '', #5985 ) ;
#5324 = ORIENTED_EDGE ( 'NONE', *, *, #8115, .F. ) ;
#5325 = PRESENTATION_LAYER_ASSIGNMENT (  '', '', ( #9498 ) ) ;
#5326 = FILL_AREA_STYLE_COLOUR ( '', #7814 ) ;
#5327 = ORIENTED_EDGE ( 'NONE', *, *, #3904, .F. ) ;
#5328 = ADVANCED_BREP_SHAPE_REPRESENTATION ( '', ( #5126, #5069 ), #899 ) ;
#5329 = VECTOR ( 'NONE', #1054, 1000.000000000000114 ) ;
#5330 = CARTESIAN_POINT ( 'NONE',  ( -25.39999999999996305, 0.000000000000000000, 0.000000000000000000 ) ) ;
#5331 = FILL_AREA_STYLE_COLOUR ( '', #8344 ) ;
#5332 = COLOUR_RGB ( '',0.7764705882352941346, 0.7568627450980391913, 0.7372549019607843590 ) ;
#5333 = MECHANICAL_DESIGN_GEOMETRIC_PRESENTATION_REPRESENTATION (  '', ( #8517 ), #3018 ) ;
#5334 = CARTESIAN_POINT ( 'NONE',  ( 1.949999999999999956, -0.2175000000000000266, -0.2174999999999999989 ) ) ;
#5335 = FILL_AREA_STYLE ('',( #6135 ) ) ;
#5336 = EDGE_CURVE ( 'NONE', #8419, #4110, #6152, .T. ) ;
#5337 = ADVANCED_FACE ( 'NONE', ( #6172 ), #7732, .T. ) ;
#5338 = DIRECTION ( 'NONE',  ( 0.000000000000000000, 0.000000000000000000, 1.000000000000000000 ) ) ;
#5339 = ORIENTED_EDGE ( 'NONE', *, *, #8348, .F. ) ;
#5340 = MECHANICAL_DESIGN_GEOMETRIC_PRESENTATION_REPRESENTATION (  '', ( #2492 ), #536 ) ;
#5341 = CIRCLE ( 'NONE', #10196, 5.995482475482741158 ) ;
#5342 = CARTESIAN_POINT ( 'NONE',  ( 0.000000000000000000, 0.000000000000000000, 0.000000000000000000 ) ) ;
#5343 = FILL_AREA_STYLE_COLOUR ( '', #3555 ) ;
#5344 = STYLED_ITEM ( 'NONE', ( #4146 ), #1764 ) ;
#5345 = CARTESIAN_POINT ( 'NONE',  ( 1.949999999999999956, -0.2175000000000007205, 0.2174999999999993883 ) ) ;
#5346 = SURFACE_STYLE_USAGE ( .BOTH. , #10212 ) ;
#5347 = FILL_AREA_STYLE ('',( #10315 ) ) ;
#5348 = CARTESIAN_POINT ( 'NONE',  ( -25.39999999999996305, 0.000000000000000000, 0.000000000000000000 ) ) ;
#5349 = LINE ( 'NONE', #9388, #2327 ) ;
#5350 = CARTESIAN_POINT ( 'NONE',  ( 0.9968214519863044520, 0.000000000000000000, 0.000000000000000000 ) ) ;
#5351 = COLOUR_RGB ( '',0.7764705882352941346, 0.7568627450980391913, 0.7372549019607843590 ) ;
#5352 = EDGE_LOOP ( 'NONE', ( #3817, #7336, #2927, #7420 ) ) ;
#5353 = CARTESIAN_POINT ( 'NONE',  ( 2.214116351126373505, 0.1880408685282115300, 0.1880408685282121406 ) ) ;
#5354 = COLOUR_RGB ( '',0.7764705882352941346, 0.7568627450980391913, 0.7372549019607843590 ) ;
#5355 = UNCERTAINTY_MEASURE_WITH_UNIT (LENGTH_MEASURE( 1.000000000000000082E-05 ), #9285, 'distance_accuracy_value', 'NONE');
#5356 = VERTEX_POINT ( 'NONE', #6021 ) ;
#5357 = EDGE_CURVE ( 'NONE', #170, #4298, #2084, .T. ) ;
#5358 = UNCERTAINTY_MEASURE_WITH_UNIT (LENGTH_MEASURE( 1.000000000000000082E-05 ), #5455, 'distance_accuracy_value', 'NONE');
#5359 = EDGE_LOOP ( 'NONE', ( #8998, #3624, #9944 ) ) ;
#5360 = AXIS2_PLACEMENT_3D ( 'NONE', #4397, #365, #9134 ) ;
#5361 = ORIENTED_EDGE ( 'NONE', *, *, #3609, .F. ) ;
#5362 = SURFACE_STYLE_USAGE ( .BOTH. , #5414 ) ;
#5363 = MECHANICAL_DESIGN_GEOMETRIC_PRESENTATION_REPRESENTATION (  '', ( #7205 ), #7705 ) ;
#5364 =( LENGTH_UNIT ( ) NAMED_UNIT ( * ) SI_UNIT ( .MILLI., .METRE. ) );
#5365 = DIRECTION ( 'NONE',  ( -1.000000000000000000, -0.000000000000000000, -0.000000000000000000 ) ) ;
#5366 = SPHERICAL_SURFACE ( 'NONE', #1184, 6.000000000000000000 ) ;
#5367 = DIRECTION ( 'NONE',  ( 0.7431005017819711789, 0.6640269868487613802, -0.08288428673721975892 ) ) ;
#5368 = MECHANICAL_DESIGN_GEOMETRIC_PRESENTATION_REPRESENTATION (  '', ( #7201 ), #5693 ) ;
#5369 = UNCERTAINTY_MEASURE_WITH_UNIT (LENGTH_MEASURE( 1.000000000000000082E-05 ), #8342, 'distance_accuracy_value', 'NONE');
#5370 = PRESENTATION_LAYER_ASSIGNMENT (  '', '', ( #203 ) ) ;
#5371 = ADVANCED_FACE ( 'NONE', ( #9604 ), #3129, .T. ) ;
#5372 =( GEOMETRIC_REPRESENTATION_CONTEXT ( 3 ) GLOBAL_UNCERTAINTY_ASSIGNED_CONTEXT ( ( #9000 ) ) GLOBAL_UNIT_ASSIGNED_CONTEXT ( ( #8939, #9826, #4378 ) ) REPRESENTATION_CONTEXT ( 'NONE', 'WORKASPACE' ) );
#5373 = ORIENTED_EDGE ( 'NONE', *, *, #6081, .T. ) ;
#5374 = PRESENTATION_LAYER_ASSIGNMENT (  '', '', ( #8375 ) ) ;
#5375 = DIRECTION ( 'NONE',  ( 0.7431005017819711789, 0.6640269868487613802, -0.08288428673721975892 ) ) ;
#5376 = SURFACE_STYLE_FILL_AREA ( #8518 ) ;
#5377 = AXIS2_PLACEMENT_3D ( 'NONE', #7585, #9303, #2766 ) ;
#5378 = SURFACE_STYLE_FILL_AREA ( #2129 ) ;
#5379 = DIRECTION ( 'NONE',  ( -0.000000000000000000, 0.000000000000000000, -1.000000000000000000 ) ) ;
#5380 = EDGE_LOOP ( 'NONE', ( #8100, #6629 ) ) ;
#5381 = VECTOR ( 'NONE', #9384, 1000.000000000000000 ) ;
#5382 = SURFACE_STYLE_USAGE ( .BOTH. , #2187 ) ;
#5383 = EDGE_CURVE ( 'NONE', #10122, #1661, #4335, .T. ) ;
#5384 = STYLED_ITEM ( 'NONE', ( #8953 ), #7978 ) ;
#5385 = ORIENTED_EDGE ( 'NONE', *, *, #2507, .F. ) ;
#5386 = FILL_AREA_STYLE_COLOUR ( '', #2038 ) ;
#5387 = LINE ( 'NONE', #8587, #2238 ) ;
#5388 = LINE ( 'NONE', #1516, #1470 ) ;
#5389 = CARTESIAN_POINT ( 'NONE',  ( 10.60000000000000142, 1.749999999999999778, 0.000000000000000000 ) ) ;
#5390 = FILL_AREA_STYLE ('',( #443 ) ) ;
#5391 = VECTOR ( 'NONE', #6693, 1000.000000000000000 ) ;
#5392 =( GEOMETRIC_REPRESENTATION_CONTEXT ( 3 ) GLOBAL_UNCERTAINTY_ASSIGNED_CONTEXT ( ( #5256 ) ) GLOBAL_UNIT_ASSIGNED_CONTEXT ( ( #3936, #10290, #7930 ) ) REPRESENTATION_CONTEXT ( 'NONE', 'WORKASPACE' ) );
#5393 = DIRECTION ( 'NONE',  ( 0.7431005017819711789, 0.08288428673722224305, -0.6640269868487610472 ) ) ;
#5394 = CARTESIAN_POINT ( 'NONE',  ( 5.974195292295553905, 2.619630734554813543E-16, -0.2313525518329656583 ) ) ;
#5395 = CARTESIAN_POINT ( 'NONE',  ( 4.309938594911940868, 1.891316923914901471, 2.356976916973721757E-16 ) ) ;
#5396 = CARTESIAN_POINT ( 'NONE',  ( 1.347043950347263763, 3.771912141373848894E-16, -3.080000000000000515 ) ) ;
#5397 = ORIENTED_EDGE ( 'NONE', *, *, #4210, .F. ) ;
#5398 = SURFACE_STYLE_USAGE ( .BOTH. , #6186 ) ;
#5399 = MECHANICAL_DESIGN_GEOMETRIC_PRESENTATION_REPRESENTATION (  '', ( #4589 ), #2727 ) ;
#5400 =( LENGTH_UNIT ( ) NAMED_UNIT ( * ) SI_UNIT ( .MILLI., .METRE. ) );
#5401 =( NAMED_UNIT ( * ) PLANE_ANGLE_UNIT ( ) SI_UNIT ( $, .RADIAN. ) );
#5402 = CARTESIAN_POINT ( 'NONE',  ( 2.193400286944045430, -0.1903515064562409931, -2.309278636184418912E-16 ) ) ;
#5403 = CARTESIAN_POINT ( 'NONE',  ( 0.03111693966988647586, -0.4315292644214340778, -0.4315292644214357987 ) ) ;
#5404 =( NAMED_UNIT ( * ) SI_UNIT ( $, .STERADIAN. ) SOLID_ANGLE_UNIT ( ) );
#5405 = CARTESIAN_POINT ( 'NONE',  ( 0.000000000000000000, -0.4349999999999927813, -1.960000000000001741 ) ) ;
#5406 = SURFACE_SIDE_STYLE ('',( #3102 ) ) ;
#5407 = EDGE_CURVE ( 'NONE', #352, #9324, #9493, .T. ) ;
#5408 = PRESENTATION_LAYER_ASSIGNMENT (  '', '', ( #1418 ) ) ;
#5409 = TOROIDAL_SURFACE ( 'NONE', #3226, 3.080000000000000515, 0.4200000000000000400 ) ;
#5410 = VERTEX_POINT ( 'NONE', #4807 ) ;
#5411 = ORIENTED_EDGE ( 'NONE', *, *, #118, .T. ) ;
#5412 = AXIS2_PLACEMENT_3D ( 'NONE', #1283, #1174, #5989 ) ;
#5413 = EDGE_LOOP ( 'NONE', ( #6039, #9137 ) ) ;
#5414 = SURFACE_SIDE_STYLE ('',( #5262 ) ) ;
#5415 = STYLED_ITEM ( 'NONE', ( #5447 ), #10019 ) ;
#5416 = DIRECTION ( 'NONE',  ( -0.000000000000000000, 0.000000000000000000, 1.000000000000000000 ) ) ;
#5417 = DIRECTION ( 'NONE',  ( -0.9938370308809506559, -0.1108510534444136914, -3.870343844922732447E-16 ) ) ;
#5418 = CARTESIAN_POINT ( 'NONE',  ( 4.309938594911940868, -6.606512545546451519E-15, 1.891316923914901693 ) ) ;
#5419 = LINE ( 'NONE', #815, #7090 ) ;
#5420 = LINE ( 'NONE', #2418, #8256 ) ;
#5421 = ADVANCED_FACE ( 'NONE', ( #5435 ), #696, .F. ) ;
#5422 = DIRECTION ( 'NONE',  ( -0.1108510534444137469, -0.9938370308809506559, -3.448999966305766196E-15 ) ) ;
#5423 = DIRECTION ( 'NONE',  ( 0.000000000000000000, 0.000000000000000000, 1.000000000000000000 ) ) ;
#5424 = FILL_AREA_STYLE_COLOUR ( '', #3494 ) ;
#5425 = FACE_OUTER_BOUND ( 'NONE', #653, .T. ) ;
#5426 = ORIENTED_EDGE ( 'NONE', *, *, #453, .F. ) ;
#5427 = PRESENTATION_STYLE_ASSIGNMENT (( #5272 ) ) ;
#5428 = CARTESIAN_POINT ( 'NONE',  ( 0.03111693966988560850, 0.4315292644214372975, -0.4315292644214357431 ) ) ;
#5429 = DIRECTION ( 'NONE',  ( -0.1108510534444136914, 1.257808851980383614E-16, -0.9938370308809506559 ) ) ;
#5430 = PRESENTATION_STYLE_ASSIGNMENT (( #5469 ) ) ;
#5431 = FILL_AREA_STYLE ('',( #4803 ) ) ;
#5432 = ADVANCED_FACE ( 'NONE', ( #6271 ), #1510, .F. ) ;
#5433 = SURFACE_STYLE_USAGE ( .BOTH. , #10035 ) ;
#5434 = ORIENTED_EDGE ( 'NONE', *, *, #8230, .T. ) ;
#5435 = FACE_OUTER_BOUND ( 'NONE', #9648, .T. ) ;
#5436 = ORIENTED_EDGE ( 'NONE', *, *, #1471, .F. ) ;
#5437 = ORIENTED_EDGE ( 'NONE', *, *, #2270, .F. ) ;
#5438 = DIRECTION ( 'NONE',  ( 0.000000000000000000, 0.000000000000000000, 1.000000000000000000 ) ) ;
#5439 = SURFACE_STYLE_FILL_AREA ( #7022 ) ;
#5440 = PRODUCT_DEFINITION_SHAPE ( 'NONE', 'NONE',  #6177 ) ;
#5441 =( LENGTH_UNIT ( ) NAMED_UNIT ( * ) SI_UNIT ( .MILLI., .METRE. ) );
#5442 = EDGE_CURVE ( 'NONE', #5131, #7151, #4001, .T. ) ;
#5443 = ORIENTED_EDGE ( 'NONE', *, *, #4283, .T. ) ;
#5444 = COLOUR_RGB ( '',0.7764705882352941346, 0.7568627450980391913, 0.7372549019607843590 ) ;
#5445 =( NAMED_UNIT ( * ) SI_UNIT ( $, .STERADIAN. ) SOLID_ANGLE_UNIT ( ) );
#5446 = SURFACE_STYLE_FILL_AREA ( #7698 ) ;
#5447 = PRESENTATION_STYLE_ASSIGNMENT (( #5346 ) ) ;
#5448 = SURFACE_STYLE_USAGE ( .BOTH. , #3752 ) ;
#5449 = CARTESIAN_POINT ( 'NONE',  ( 2.599999999999998312, 0.000000000000000000, 3.500000000000000000 ) ) ;
#5450 = CLOSED_SHELL ( 'NONE', ( #1324, #251, #2233, #3508, #7415, #3633, #10271, #8947, #9497, #3191, #2722, #4926, #1127, #1831, #205, #4755, #5575, #9184, #8916, #9313, #3593, #2926, #6707 ) ) ;
#5451 = ORIENTED_EDGE ( 'NONE', *, *, #6326, .F. ) ;
#5452 = UNCERTAINTY_MEASURE_WITH_UNIT (LENGTH_MEASURE( 1.000000000000000082E-05 ), #1223, 'distance_accuracy_value', 'NONE');
#5453 = VERTEX_POINT ( 'NONE', #975 ) ;
#5454 = CARTESIAN_POINT ( 'NONE',  ( 0.2666411873824114376, 0.4052592521765831513, -1.721732169736484019 ) ) ;
#5455 =( LENGTH_UNIT ( ) NAMED_UNIT ( * ) SI_UNIT ( .MILLI., .METRE. ) );
#5456 = FILL_AREA_STYLE ('',( #776 ) ) ;
#5457 = DIRECTION ( 'NONE',  ( -1.000000000000000000, 0.000000000000000000, -0.000000000000000000 ) ) ;
#5458 = CIRCLE ( 'NONE', #957, 5.995482475482740270 ) ;
#5459 = MECHANICAL_DESIGN_GEOMETRIC_PRESENTATION_REPRESENTATION (  '', ( #5981 ), #5802 ) ;
#5460 = UNCERTAINTY_MEASURE_WITH_UNIT (LENGTH_MEASURE( 1.000000000000000082E-05 ), #4501, 'distance_accuracy_value', 'NONE');
#5461 = UNCERTAINTY_MEASURE_WITH_UNIT (LENGTH_MEASURE( 1.000000000000000082E-05 ), #6511, 'distance_accuracy_value', 'NONE');
#5462 = VERTEX_POINT ( 'NONE', #1859 ) ;
#5463 = EDGE_CURVE ( 'NONE', #8936, #8419, #3312, .T. ) ;
#5464 = EDGE_CURVE ( 'NONE', #9067, #4062, #6662, .T. ) ;
#5465 =( LENGTH_UNIT ( ) NAMED_UNIT ( * ) SI_UNIT ( .MILLI., .METRE. ) );
#5466 = DIRECTION ( 'NONE',  ( -1.000000000000000000, -0.000000000000000000, -0.000000000000000000 ) ) ;
#5467 = FACE_OUTER_BOUND ( 'NONE', #2311, .T. ) ;
#5468 = CIRCLE ( 'NONE', #3829, 6.000000000000000000 ) ;
#5469 = SURFACE_STYLE_USAGE ( .BOTH. , #6120 ) ;
#5470 =( LENGTH_UNIT ( ) NAMED_UNIT ( * ) SI_UNIT ( .MILLI., .METRE. ) );
#5471 = FILL_AREA_STYLE ('',( #5171 ) ) ;
#5472 =( LENGTH_UNIT ( ) NAMED_UNIT ( * ) SI_UNIT ( .MILLI., .METRE. ) );
#5473 = CARTESIAN_POINT ( 'NONE',  ( -25.39999999999996305, 0.000000000000000000, 3.500000000000000444 ) ) ;
#5474 = EDGE_LOOP ( 'NONE', ( #8893, #2006, #302, #7501, #7954 ) ) ;
#5475 = STYLED_ITEM ( 'NONE', ( #6646 ), #5255 ) ;
#5476 = CIRCLE ( 'NONE', #4168, 0.4199999999999998179 ) ;
#5477 = UNCERTAINTY_MEASURE_WITH_UNIT (LENGTH_MEASURE( 1.000000000000000082E-05 ), #5547, 'distance_accuracy_value', 'NONE');
#5478 = EDGE_LOOP ( 'NONE', ( #3338, #10301, #5794, #3912 ) ) ;
#5479 = EDGE_CURVE ( 'NONE', #5226, #1152, #1028, .T. ) ;
#5480 = DIRECTION ( 'NONE',  ( -0.1108510534444136914, 0.9938370308809506559, 3.595744332370143179E-15 ) ) ;
#5481 =( NAMED_UNIT ( * ) SI_UNIT ( $, .STERADIAN. ) SOLID_ANGLE_UNIT ( ) );
#5482 = FILL_AREA_STYLE ('',( #8589 ) ) ;
#5483 = AXIS2_PLACEMENT_3D ( 'NONE', #10086, #1297, #4398 ) ;
#5484 = DIRECTION ( 'NONE',  ( -0.000000000000000000, 0.000000000000000000, 1.000000000000000000 ) ) ;
#5485 = SURFACE_SIDE_STYLE ('',( #2297 ) ) ;
#5486 = AXIS2_PLACEMENT_3D ( 'NONE', #7360, #4439, #1654 ) ;
#5487 = CIRCLE ( 'NONE', #6006, 6.000000000000000000 ) ;
#5488 = DIRECTION ( 'NONE',  ( -0.9938370308809506559, 0.000000000000000000, 0.1108510534444136914 ) ) ;
#5489 = EDGE_CURVE ( 'NONE', #6335, #8246, #8881, .T. ) ;
#5490 = DIRECTION ( 'NONE',  ( -0.1108510534444136914, 1.257808851980383614E-16, -0.9938370308809506559 ) ) ;
#5491 = ORIENTED_EDGE ( 'NONE', *, *, #9590, .T. ) ;
#5492 = FACE_OUTER_BOUND ( 'NONE', #7688, .T. ) ;
#5493 =( GEOMETRIC_REPRESENTATION_CONTEXT ( 3 ) GLOBAL_UNCERTAINTY_ASSIGNED_CONTEXT ( ( #955 ) ) GLOBAL_UNIT_ASSIGNED_CONTEXT ( ( #6945, #1479, #5404 ) ) REPRESENTATION_CONTEXT ( 'NONE', 'WORKASPACE' ) );
#5494 =( NAMED_UNIT ( * ) SI_UNIT ( $, .STERADIAN. ) SOLID_ANGLE_UNIT ( ) );
#5495 =( NAMED_UNIT ( * ) PLANE_ANGLE_UNIT ( ) SI_UNIT ( $, .RADIAN. ) );
#5496 = CARTESIAN_POINT ( 'NONE',  ( 0.9968214519863044520, 0.000000000000000000, 0.000000000000000000 ) ) ;
#5497 = SURFACE_STYLE_USAGE ( .BOTH. , #2308 ) ;
#5498 = ORIENTED_EDGE ( 'NONE', *, *, #5553, .T. ) ;
#5499 = EDGE_CURVE ( 'NONE', #170, #8109, #2541, .T. ) ;
#5500 = ORIENTED_EDGE ( 'NONE', *, *, #9422, .F. ) ;
#5501 = AXIS2_PLACEMENT_3D ( 'NONE', #9466, #9424, #3736 ) ;
#5502 =( NAMED_UNIT ( * ) PLANE_ANGLE_UNIT ( ) SI_UNIT ( $, .RADIAN. ) );
#5503 =( NAMED_UNIT ( * ) PLANE_ANGLE_UNIT ( ) SI_UNIT ( $, .RADIAN. ) );
#5504 = STYLED_ITEM ( 'NONE', ( #755 ), #8947 ) ;
#5505 = DIRECTION ( 'NONE',  ( 0.7431005017819711789, 0.08288428673722224305, -0.6640269868487610472 ) ) ;
#5506 = COLOUR_RGB ( '',0.7764705882352941346, 0.7568627450980391913, 0.7372549019607843590 ) ;
#5507 =( REPRESENTATION_RELATIONSHIP ('NONE','NONE', #1962, #1701 ) REPRESENTATION_RELATIONSHIP_WITH_TRANSFORMATION ( #3926 )SHAPE_REPRESENTATION_RELATIONSHIP( ) );
#5508 = PRODUCT_DEFINITION_SHAPE ( 'NONE', 'NONE',  #5926 ) ;
#5509 = ORIENTED_EDGE ( 'NONE', *, *, #393, .F. ) ;
#5510 = AXIS2_PLACEMENT_3D ( 'NONE', #5253, #7619, #6739 ) ;
#5511 = STYLED_ITEM ( 'NONE', ( #381 ), #9254 ) ;
#5512 = AXIS2_PLACEMENT_3D ( 'NONE', #7678, #6919, #1261 ) ;
#5513 = CARTESIAN_POINT ( 'NONE',  ( 1.949999999999999956, -0.2175000000000000266, -0.2174999999999999711 ) ) ;
#5514 = CARTESIAN_POINT ( 'NONE',  ( 2.193400286944045430, 0.1903515064562410486, 2.309278636184420884E-16 ) ) ;
#5515 =( GEOMETRIC_REPRESENTATION_CONTEXT ( 3 ) GLOBAL_UNCERTAINTY_ASSIGNED_CONTEXT ( ( #2411 ) ) GLOBAL_UNIT_ASSIGNED_CONTEXT ( ( #2470, #9639, #8074 ) ) REPRESENTATION_CONTEXT ( 'NONE', 'WORKASPACE' ) );
#5517 = EDGE_CURVE ( 'NONE', #4645, #906, #4246, .T. ) ;
#5516 = MECHANICAL_DESIGN_GEOMETRIC_PRESENTATION_REPRESENTATION (  '', ( #4056 ), #3039 ) ;
#5518 = DIRECTION ( 'NONE',  ( -0.7456662065614397816, -2.326442708608981349E-15, 0.6663196743247735698 ) ) ;
#5519 = ADVANCED_FACE ( 'NONE', ( #1251 ), #1193, .T. ) ;
#5520 = ORIENTED_EDGE ( 'NONE', *, *, #5882, .F. ) ;
#5521 = PRESENTATION_STYLE_ASSIGNMENT (( #2337 ) ) ;
#5522 = VERTEX_POINT ( 'NONE', #8610 ) ;
#5523 = STYLED_ITEM ( 'NONE', ( #1180 ), #7050 ) ;
#5524 = SURFACE_STYLE_USAGE ( .BOTH. , #9513 ) ;
#5525 = CARTESIAN_POINT ( 'NONE',  ( 2.600000000000000089, 1.749999999999999778, 0.000000000000000000 ) ) ;
#5526 = AXIS2_PLACEMENT_3D ( 'NONE', #7697, #9382, #564 ) ;
#5527 =( LENGTH_UNIT ( ) NAMED_UNIT ( * ) SI_UNIT ( .MILLI., .METRE. ) );
#5528 = EDGE_CURVE ( 'NONE', #140, #9852, #5316, .T. ) ;
#5529 = FILL_AREA_STYLE ('',( #6333 ) ) ;
#5530 = ORIENTED_EDGE ( 'NONE', *, *, #4979, .T. ) ;
#5531 = COLOUR_RGB ( '',0.7764705882352941346, 0.7568627450980391913, 0.7372549019607843590 ) ;
#5532 = VECTOR ( 'NONE', #2123, 1000.000000000000000 ) ;
#5533 =( NAMED_UNIT ( * ) PLANE_ANGLE_UNIT ( ) SI_UNIT ( $, .RADIAN. ) );
#5534 = DIRECTION ( 'NONE',  ( -0.7456662065614397816, 0.6663196743247735698, 0.000000000000000000 ) ) ;
#5535 = DIRECTION ( 'NONE',  ( -0.1108510534444136914, 0.9938370308809506559, 3.595744332370143179E-15 ) ) ;
#5536 = EDGE_CURVE ( 'NONE', #6475, #9747, #26, .T. ) ;
#5537 = DIRECTION ( 'NONE',  ( 0.6663196743247735698, -2.603479645215216163E-15, 0.7456662065614397816 ) ) ;
#5538 = EDGE_LOOP ( 'NONE', ( #4889, #2911, #7696, #9242, #6795 ) ) ;
#5539 = DIRECTION ( 'NONE',  ( 0.6663196743247736809, -0.7456662065614397816, -9.292562311528023527E-17 ) ) ;
#5540 = AXIS2_PLACEMENT_3D ( 'NONE', #3754, #10267, #3101 ) ;
#5541 = UNCERTAINTY_MEASURE_WITH_UNIT (LENGTH_MEASURE( 1.000000000000000082E-05 ), #3617, 'distance_accuracy_value', 'NONE');
#5542 = CIRCLE ( 'NONE', #1049, 5.995482475482741158 ) ;
#5543 =( GEOMETRIC_REPRESENTATION_CONTEXT ( 3 ) GLOBAL_UNCERTAINTY_ASSIGNED_CONTEXT ( ( #7365 ) ) GLOBAL_UNIT_ASSIGNED_CONTEXT ( ( #4357, #6644, #2712 ) ) REPRESENTATION_CONTEXT ( 'NONE', 'WORKASPACE' ) );
#5544 = AXIS2_PLACEMENT_3D ( 'NONE', #6010, #596, #8407 ) ;
#5545 = VERTEX_POINT ( 'NONE', #9583 ) ;
#5546 = DIRECTION ( 'NONE',  ( 0.000000000000000000, -1.224646799147354193E-16, 1.000000000000000000 ) ) ;
#5547 =( LENGTH_UNIT ( ) NAMED_UNIT ( * ) SI_UNIT ( .MILLI., .METRE. ) );
#5548 = AXIS2_PLACEMENT_3D ( 'NONE', #4302, #6536, #7483 ) ;
#5549 =( GEOMETRIC_REPRESENTATION_CONTEXT ( 3 ) GLOBAL_UNCERTAINTY_ASSIGNED_CONTEXT ( ( #9125 ) ) GLOBAL_UNIT_ASSIGNED_CONTEXT ( ( #3208, #8224, #9740 ) ) REPRESENTATION_CONTEXT ( 'NONE', 'WORKASPACE' ) );
#5550 = PRESENTATION_LAYER_ASSIGNMENT (  '', '', ( #3583 ) ) ;
#5551 =( GEOMETRIC_REPRESENTATION_CONTEXT ( 3 ) GLOBAL_UNCERTAINTY_ASSIGNED_CONTEXT ( ( #6626 ) ) GLOBAL_UNIT_ASSIGNED_CONTEXT ( ( #4239, #8081, #5730 ) ) REPRESENTATION_CONTEXT ( 'NONE', 'WORKASPACE' ) );
#5552 = CARTESIAN_POINT ( 'NONE',  ( 1.347043950347265318, 4.286263797015737088E-16, -3.500000000000000444 ) ) ;
#5553 = EDGE_CURVE ( 'NONE', #10072, #4181, #4784, .T. ) ;
#5554 = DIRECTION ( 'NONE',  ( 0.000000000000000000, 0.000000000000000000, 1.000000000000000000 ) ) ;
#5555 = ITEM_DEFINED_TRANSFORMATION ( 'NONE', 'NONE', #3931,  #5069 ) ;
#5556 = UNCERTAINTY_MEASURE_WITH_UNIT (LENGTH_MEASURE( 1.000000000000000082E-05 ), #9779, 'distance_accuracy_value', 'NONE');
#5557 = EDGE_LOOP ( 'NONE', ( #7204, #10144, #2386 ) ) ;
#5558 = PRESENTATION_LAYER_ASSIGNMENT (  '', '', ( #3081 ) ) ;
#5559 = COLOUR_RGB ( '',0.7921568627450980005, 0.8196078431372548767, 0.9333333333333333481 ) ;
#5560 = STYLED_ITEM ( 'NONE', ( #3466 ), #10150 ) ;
#5561 = FILL_AREA_STYLE ('',( #2531 ) ) ;
#5562 = FACE_OUTER_BOUND ( 'NONE', #2299, .T. ) ;
#5563 = SURFACE_STYLE_USAGE ( .BOTH. , #4186 ) ;
#5564 = CARTESIAN_POINT ( 'NONE',  ( 0.03111693966988647586, -0.4315292644214340778, -0.4315292644214357987 ) ) ;
#5565 = CARTESIAN_POINT ( 'NONE',  ( 0.03111693966988560850, 0.4315292644214372975, -0.4315292644214357431 ) ) ;
#5566 = PRODUCT_DEFINITION_FORMATION_WITH_SPECIFIED_SOURCE ( 'ANY', '', #9103, .NOT_KNOWN. ) ;
#5567 = COLOUR_RGB ( '',0.7764705882352941346, 0.7568627450980391913, 0.7372549019607843590 ) ;
#5568 = ORIENTED_EDGE ( 'NONE', *, *, #8619, .T. ) ;
#5569 = UNCERTAINTY_MEASURE_WITH_UNIT (LENGTH_MEASURE( 1.000000000000000082E-05 ), #8421, 'distance_accuracy_value', 'NONE');
#5570 = VERTEX_POINT ( 'NONE', #6994 ) ;
#5571 =( LENGTH_UNIT ( ) NAMED_UNIT ( * ) SI_UNIT ( .MILLI., .METRE. ) );
#5572 =( GEOMETRIC_REPRESENTATION_CONTEXT ( 3 ) GLOBAL_UNCERTAINTY_ASSIGNED_CONTEXT ( ( #6106 ) ) GLOBAL_UNIT_ASSIGNED_CONTEXT ( ( #9133, #1248, #2871 ) ) REPRESENTATION_CONTEXT ( 'NONE', 'WORKASPACE' ) );
#5573 = DIRECTION ( 'NONE',  ( -1.000000000000000000, -0.000000000000000000, -0.000000000000000000 ) ) ;
#5574 =( LENGTH_UNIT ( ) NAMED_UNIT ( * ) SI_UNIT ( .MILLI., .METRE. ) );
#5575 = ADVANCED_FACE ( 'NONE', ( #2773 ), #2188, .T. ) ;
#5576 = DIRECTION ( 'NONE',  ( -1.000000000000000000, -0.000000000000000000, -0.000000000000000000 ) ) ;
#5577 =( NAMED_UNIT ( * ) PLANE_ANGLE_UNIT ( ) SI_UNIT ( $, .RADIAN. ) );
#5578 =( LENGTH_UNIT ( ) NAMED_UNIT ( * ) SI_UNIT ( .MILLI., .METRE. ) );
#5579 =( LENGTH_UNIT ( ) NAMED_UNIT ( * ) SI_UNIT ( .MILLI., .METRE. ) );
#5580 = COLOUR_RGB ( '',0.7764705882352941346, 0.7568627450980391913, 0.7372549019607843590 ) ;
#5581 = ORIENTED_EDGE ( 'NONE', *, *, #5179, .F. ) ;
#5582 = DIRECTION ( 'NONE',  ( -0.9938370308809506559, 0.000000000000000000, 0.1108510534444136914 ) ) ;
#5583 = EDGE_CURVE ( 'NONE', #3399, #9366, #4084, .T. ) ;
#5584 =( NAMED_UNIT ( * ) SI_UNIT ( $, .STERADIAN. ) SOLID_ANGLE_UNIT ( ) );
#5585 = ADVANCED_FACE ( 'NONE', ( #9492 ), #2473, .T. ) ;
#5586 = ORIENTED_EDGE ( 'NONE', *, *, #4808, .F. ) ;
#5587 = CIRCLE ( 'NONE', #1097, 5.437518987584765817 ) ;
#5588 = CARTESIAN_POINT ( 'NONE',  ( 1.347043950347265318, 0.000000000000000000, 3.500000000000000444 ) ) ;
#5589 = SURFACE_SIDE_STYLE ('',( #3356 ) ) ;
#5590 = SURFACE_STYLE_FILL_AREA ( #2405 ) ;
#5591 = SURFACE_STYLE_USAGE ( .BOTH. , #4881 ) ;
#5592 = FILL_AREA_STYLE_COLOUR ( '', #9297 ) ;
#5593 = CYLINDRICAL_SURFACE ( 'NONE', #4868, 3.500000000000000444 ) ;
#5594 = ORIENTED_EDGE ( 'NONE', *, *, #4498, .T. ) ;
#5595 = DIRECTION ( 'NONE',  ( 0.7431005017819711789, -0.08288428673721758011, -0.6640269868487616023 ) ) ;
#5596 = CARTESIAN_POINT ( 'NONE',  ( 1.949999999999999956, 0.2174999999999999989, 0.2174999999999999156 ) ) ;
#5597 = ORIENTED_EDGE ( 'NONE', *, *, #599, .F. ) ;
#5598 = EDGE_CURVE ( 'NONE', #9747, #7098, #4642, .T. ) ;
#5599 = CARTESIAN_POINT ( 'NONE',  ( 2.193400286944045430, 4.336808689942017736E-16, 0.1903515064562409931 ) ) ;
#5600 = FACE_OUTER_BOUND ( 'NONE', #7892, .T. ) ;
#5601 = DIRECTION ( 'NONE',  ( -0.1108510534444137469, 2.096348086633972484E-17, 0.9938370308809506559 ) ) ;
#5602 = DIRECTION ( 'NONE',  ( 0.7431005017819711789, 0.08288428673721742745, 0.6640269868487616023 ) ) ;
#5603 = FILL_AREA_STYLE_COLOUR ( '', #8040 ) ;
#5604 = DIRECTION ( 'NONE',  ( -0.1108510534444136914, 1.257808851980383614E-16, -0.9938370308809506559 ) ) ;
#5605 =( NAMED_UNIT ( * ) PLANE_ANGLE_UNIT ( ) SI_UNIT ( $, .RADIAN. ) );
#5606 = COLOUR_RGB ( '',0.7764705882352941346, 0.7568627450980391913, 0.7372549019607843590 ) ;
#5607 = EDGE_LOOP ( 'NONE', ( #5163, #3214, #8358, #5674 ) ) ;
#5608 = ADVANCED_FACE ( 'NONE', ( #677 ), #6296, .F. ) ;
#5609 = FILL_AREA_STYLE ('',( #6632 ) ) ;
#5610 = CYLINDRICAL_SURFACE ( 'NONE', #9413, 3.500000000000000444 ) ;
#5611 = CARTESIAN_POINT ( 'NONE',  ( 5.974195292295553905, 2.619630734554813543E-16, -0.2313525518329656583 ) ) ;
#5612 = CIRCLE ( 'NONE', #8472, 3.500000000000000000 ) ;
#5613 = FILL_AREA_STYLE ('',( #5990 ) ) ;
#5614 = CARTESIAN_POINT ( 'NONE',  ( 0.000000000000000000, -1.959999999999999964, -0.4349999999999999978 ) ) ;
#5615 = DIRECTION ( 'NONE',  ( 0.9938370308809506559, -0.1108510534444137469, -3.870343844922734420E-16 ) ) ;
#5616 = SURFACE_STYLE_USAGE ( .BOTH. , #4757 ) ;
#5617 = MECHANICAL_DESIGN_GEOMETRIC_PRESENTATION_REPRESENTATION (  '', ( #8797 ), #6988 ) ;
#5618 = CARTESIAN_POINT ( 'NONE',  ( 2.214116351126373505, -0.1880408685282114467, -0.1880408685282121684 ) ) ;
#5619 = VERTEX_POINT ( 'NONE', #3687 ) ;
#5620 = ORIENTED_EDGE ( 'NONE', *, *, #3715, .T. ) ;
#5621 = CIRCLE ( 'NONE', #1132, 5.437518987584765817 ) ;
#5622 = AXIS2_PLACEMENT_3D ( 'NONE', #5854, #2493, #5922 ) ;
#5623 = CARTESIAN_POINT ( 'NONE',  ( 1.347043950347263763, 0.000000000000000000, 0.000000000000000000 ) ) ;
#5624 = SURFACE_STYLE_FILL_AREA ( #2439 ) ;
#5625 = CARTESIAN_POINT ( 'NONE',  ( -25.39999999999996305, 0.000000000000000000, 3.500000000000000444 ) ) ;
#5626 = COLOUR_RGB ( '',0.7764705882352941346, 0.7568627450980391913, 0.7372549019607843590 ) ;
#5627 = CARTESIAN_POINT ( 'NONE',  ( 1.949999999999999956, -0.2175000000000006928, 0.2174999999999992495 ) ) ;
#5628 = CIRCLE ( 'NONE', #9989, 1.749999999999999778 ) ;
#5629 = PRESENTATION_STYLE_ASSIGNMENT (( #1572 ) ) ;
#5630 = ORIENTED_EDGE ( 'NONE', *, *, #9579, .T. ) ;
#5631 = FACE_OUTER_BOUND ( 'NONE', #1936, .T. ) ;
#5632 = VECTOR ( 'NONE', #4739, 999.9999999999998863 ) ;
#5633 = CARTESIAN_POINT ( 'NONE',  ( 0.9968214519863044520, 0.000000000000000000, 0.000000000000000000 ) ) ;
#5634 = VECTOR ( 'NONE', #965, 1000.000000000000000 ) ;
#5635 = DIRECTION ( 'NONE',  ( 0.000000000000000000, 1.000000000000000000, 0.000000000000000000 ) ) ;
#5636 = ORIENTED_EDGE ( 'NONE', *, *, #9379, .F. ) ;
#5637 = SURFACE_SIDE_STYLE ('',( #10313 ) ) ;
#5638 = MECHANICAL_DESIGN_GEOMETRIC_PRESENTATION_REPRESENTATION (  '', ( #5321 ), #4514 ) ;
#5639 = AXIS2_PLACEMENT_3D ( 'NONE', #10259, #4628, #5488 ) ;
#5640 = ADVANCED_FACE ( 'NONE', ( #5238 ), #7273, .T. ) ;
#5641 = ORIENTED_EDGE ( 'NONE', *, *, #5598, .F. ) ;
#5642 = CARTESIAN_POINT ( 'NONE',  ( 5.974195292295553905, 2.375629221075779134E-16, 0.2313525518329657416 ) ) ;
#5643 = ADVANCED_FACE ( 'NONE', ( #4201 ), #5686, .T. ) ;
#5644 = CIRCLE ( 'NONE', #9354, 1.749999999999999778 ) ;
#5645 = UNCERTAINTY_MEASURE_WITH_UNIT (LENGTH_MEASURE( 1.000000000000000082E-05 ), #952, 'distance_accuracy_value', 'NONE');
#5646 = DIRECTION ( 'NONE',  ( 0.6663196743247735698, 0.7456662065614397816, 0.000000000000000000 ) ) ;
#5647 = ORIENTED_EDGE ( 'NONE', *, *, #831, .T. ) ;
#5648 = PRESENTATION_LAYER_ASSIGNMENT (  '', '', ( #4814 ) ) ;
#5649 =( NAMED_UNIT ( * ) SI_UNIT ( $, .STERADIAN. ) SOLID_ANGLE_UNIT ( ) );
#5650 = MECHANICAL_DESIGN_GEOMETRIC_PRESENTATION_REPRESENTATION (  '', ( #10004 ), #984 ) ;
#5651 = DIRECTION ( 'NONE',  ( 0.9938370308809506559, -0.1108510534444137469, -3.870343844922734420E-16 ) ) ;
#5652 = PRESENTATION_STYLE_ASSIGNMENT (( #2467 ) ) ;
#5653 = FACE_OUTER_BOUND ( 'NONE', #5557, .T. ) ;
#5654 = AXIS2_PLACEMENT_3D ( 'NONE', #5633, #7327, #9720 ) ;
#5655 = CARTESIAN_POINT ( 'NONE',  ( 5.974195292295553905, 2.375629221075779134E-16, 0.2313525518329657416 ) ) ;
#5656 = FACE_OUTER_BOUND ( 'NONE', #6369, .T. ) ;
#5657 = ADVANCED_FACE ( 'NONE', ( #8327 ), #1941, .T. ) ;
#5658 = AXIS2_PLACEMENT_3D ( 'NONE', #5792, #7530, #1199 ) ;
#5659 = UNCERTAINTY_MEASURE_WITH_UNIT (LENGTH_MEASURE( 1.000000000000000082E-05 ), #6790, 'distance_accuracy_value', 'NONE');
#5660 = EDGE_LOOP ( 'NONE', ( #6715, #2648, #5728, #4683 ) ) ;
#5661 = VERTEX_POINT ( 'NONE', #1761 ) ;
#5662 = FILL_AREA_STYLE_COLOUR ( '', #7091 ) ;
#5663 =( LENGTH_UNIT ( ) NAMED_UNIT ( * ) SI_UNIT ( .MILLI., .METRE. ) );
#5664 = DIRECTION ( 'NONE',  ( -0.7456662065614396706, 0.6663196743247736809, 0.000000000000000000 ) ) ;
#5665 = MECHANICAL_DESIGN_GEOMETRIC_PRESENTATION_REPRESENTATION (  '', ( #8173 ), #3874 ) ;
#5666 = FILL_AREA_STYLE ('',( #7253 ) ) ;
#5667 = CARTESIAN_POINT ( 'NONE',  ( 0.000000000000000000, -0.4349999999999927813, -1.960000000000001741 ) ) ;
#5668 = CARTESIAN_POINT ( 'NONE',  ( -25.39999999999996305, 0.000000000000000000, 0.000000000000000000 ) ) ;
#5669 = FILL_AREA_STYLE_COLOUR ( '', #10043 ) ;
#5670 = FILL_AREA_STYLE_COLOUR ( '', #2087 ) ;
#5671 = AXIS2_PLACEMENT_3D ( 'NONE', #8424, #1269, #1155 ) ;
#5672 = CARTESIAN_POINT ( 'NONE',  ( 2.214116351126373949, -0.1880408685282127235, 0.1880408685282120573 ) ) ;
#5673 = EDGE_CURVE ( 'NONE', #10055, #8725, #1812, .T. ) ;
#5674 = ORIENTED_EDGE ( 'NONE', *, *, #7087, .F. ) ;
#5675 = DIRECTION ( 'NONE',  ( -1.000000000000000000, -0.000000000000000000, -0.000000000000000000 ) ) ;
#5676 =( GEOMETRIC_REPRESENTATION_CONTEXT ( 3 ) GLOBAL_UNCERTAINTY_ASSIGNED_CONTEXT ( ( #4116 ) ) GLOBAL_UNIT_ASSIGNED_CONTEXT ( ( #4700, #6910, #3119 ) ) REPRESENTATION_CONTEXT ( 'NONE', 'WORKASPACE' ) );
#5677 = PRESENTATION_LAYER_ASSIGNMENT (  '', '', ( #5511 ) ) ;
#5678 = VECTOR ( 'NONE', #4565, 1000.000000000000114 ) ;
#5679 = UNCERTAINTY_MEASURE_WITH_UNIT (LENGTH_MEASURE( 1.000000000000000082E-05 ), #3243, 'distance_accuracy_value', 'NONE');
#5680 = ORIENTED_EDGE ( 'NONE', *, *, #549, .F. ) ;
#5681 = SURFACE_STYLE_FILL_AREA ( #9664 ) ;
#5682 = PRODUCT ( 'M3.5 x 20 Screw head', 'M3.5 x 20 Screw head', '', ( #5909 ) ) ;
#5683 = SURFACE_SIDE_STYLE ('',( #1729 ) ) ;
#5684 = VECTOR ( 'NONE', #8278, 1000.000000000000000 ) ;
#5685 = MECHANICAL_DESIGN_GEOMETRIC_PRESENTATION_REPRESENTATION (  '', ( #3542 ), #6890 ) ;
#5686 = PLANE ( 'NONE',  #2828 ) ;
#5687 =( GEOMETRIC_REPRESENTATION_CONTEXT ( 3 ) GLOBAL_UNCERTAINTY_ASSIGNED_CONTEXT ( ( #6393 ) ) GLOBAL_UNIT_ASSIGNED_CONTEXT ( ( #6849, #1353, #2173 ) ) REPRESENTATION_CONTEXT ( 'NONE', 'WORKASPACE' ) );
#5688 = PRESENTATION_STYLE_ASSIGNMENT (( #2549 ) ) ;
#5689 =( NAMED_UNIT ( * ) SI_UNIT ( $, .STERADIAN. ) SOLID_ANGLE_UNIT ( ) );
#5690 = EDGE_CURVE ( 'NONE', #9659, #1774, #3674, .T. ) ;
#5691 =( NAMED_UNIT ( * ) SI_UNIT ( $, .STERADIAN. ) SOLID_ANGLE_UNIT ( ) );
#5692 = ADVANCED_BREP_SHAPE_REPRESENTATION ( '', ( #5255, #5069 ), #3768 ) ;
#5693 =( GEOMETRIC_REPRESENTATION_CONTEXT ( 3 ) GLOBAL_UNCERTAINTY_ASSIGNED_CONTEXT ( ( #9731 ) ) GLOBAL_UNIT_ASSIGNED_CONTEXT ( ( #7899, #1564, #2343 ) ) REPRESENTATION_CONTEXT ( 'NONE', 'WORKASPACE' ) );
#5694 = VERTEX_POINT ( 'NONE', #7307 ) ;
#5695 = AXIS2_PLACEMENT_3D ( 'NONE', #8471, #9939, #5230 ) ;
#5696 =( NAMED_UNIT ( * ) SI_UNIT ( $, .STERADIAN. ) SOLID_ANGLE_UNIT ( ) );
#5697 =( GEOMETRIC_REPRESENTATION_CONTEXT ( 3 ) GLOBAL_UNCERTAINTY_ASSIGNED_CONTEXT ( ( #6322 ) ) GLOBAL_UNIT_ASSIGNED_CONTEXT ( ( #959, #3851, #1390 ) ) REPRESENTATION_CONTEXT ( 'NONE', 'WORKASPACE' ) );
#5698 = ORIENTED_EDGE ( 'NONE', *, *, #9649, .F. ) ;
#5699 =( NAMED_UNIT ( * ) PLANE_ANGLE_UNIT ( ) SI_UNIT ( $, .RADIAN. ) );
#5700 = SURFACE_SIDE_STYLE ('',( #9679 ) ) ;
#5701 = FACE_OUTER_BOUND ( 'NONE', #10067, .T. ) ;
#5702 = MECHANICAL_DESIGN_GEOMETRIC_PRESENTATION_REPRESENTATION (  '', ( #188 ), #9374 ) ;
#5703 = CIRCLE ( 'NONE', #3198, 5.995482475482741158 ) ;
#5704 = SURFACE_STYLE_FILL_AREA ( #9629 ) ;
#5705 = SPHERICAL_SURFACE ( 'NONE', #7541, 6.000000000000000000 ) ;
#5706 =( NAMED_UNIT ( * ) SI_UNIT ( $, .STERADIAN. ) SOLID_ANGLE_UNIT ( ) );
#5707 = ORIENTED_EDGE ( 'NONE', *, *, #8757, .F. ) ;
#5708 = CIRCLE ( 'NONE', #9713, 3.311827956989247479 ) ;
#5709 = ORIENTED_EDGE ( 'NONE', *, *, #6941, .F. ) ;
#5710 = AXIS2_PLACEMENT_3D ( 'NONE', #3960, #5537, #8750 ) ;
#5711 = MECHANICAL_DESIGN_GEOMETRIC_PRESENTATION_REPRESENTATION (  '', ( #10247 ), #8391 ) ;
#5712 = STYLED_ITEM ( 'NONE', ( #7076 ), #2042 ) ;
#5713 = CARTESIAN_POINT ( 'NONE',  ( 0.000000000000000000, 0.000000000000000000, -64.00000000000000000 ) ) ;
#5714 = DIRECTION ( 'NONE',  ( 1.000000000000000000, 0.000000000000000000, 0.000000000000000000 ) ) ;
#5715 = PRESENTATION_STYLE_ASSIGNMENT (( #9950 ) ) ;
#5716 = EDGE_CURVE ( 'NONE', #1967, #303, #3504, .T. ) ;
#5717 = LINE ( 'NONE', #1698, #5809 ) ;
#5718 = CARTESIAN_POINT ( 'NONE',  ( 1.949999999999999956, 0.2175000000000007483, -0.2174999999999992772 ) ) ;
#5719 =( LENGTH_UNIT ( ) NAMED_UNIT ( * ) SI_UNIT ( .MILLI., .METRE. ) );
#5720 = PRESENTATION_STYLE_ASSIGNMENT (( #4022 ) ) ;
#5721 =( LENGTH_UNIT ( ) NAMED_UNIT ( * ) SI_UNIT ( .MILLI., .METRE. ) );
#5722 = CARTESIAN_POINT ( 'NONE',  ( 2.193400286944045430, 4.336808689942017736E-16, 0.1903515064562409931 ) ) ;
#5723 = PRESENTATION_STYLE_ASSIGNMENT (( #1753 ) ) ;
#5724 = PRESENTATION_LAYER_ASSIGNMENT (  '', '', ( #1398 ) ) ;
#5725 = MECHANICAL_DESIGN_GEOMETRIC_PRESENTATION_REPRESENTATION (  '', ( #3211 ), #5392 ) ;
#5726 = CIRCLE ( 'NONE', #4081, 3.311827956989247479 ) ;
#5727 = SURFACE_SIDE_STYLE ('',( #6504 ) ) ;
#5728 = ORIENTED_EDGE ( 'NONE', *, *, #9635, .F. ) ;
#5729 = ORIENTED_EDGE ( 'NONE', *, *, #6489, .F. ) ;
#5730 =( NAMED_UNIT ( * ) SI_UNIT ( $, .STERADIAN. ) SOLID_ANGLE_UNIT ( ) );
#5731 = CIRCLE ( 'NONE', #5548, 3.311827956989247479 ) ;
#5732 = MECHANICAL_DESIGN_GEOMETRIC_PRESENTATION_REPRESENTATION (  '', ( #4422 ), #7096 ) ;
#5733 =( LENGTH_UNIT ( ) NAMED_UNIT ( * ) SI_UNIT ( .MILLI., .METRE. ) );
#5734 = PRESENTATION_LAYER_ASSIGNMENT (  '', '', ( #10247 ) ) ;
#5735 = EDGE_CURVE ( 'NONE', #2607, #124, #3596, .T. ) ;
#5736 = LINE ( 'NONE', #90, #3133 ) ;
#5737 = SURFACE_SIDE_STYLE ('',( #4952 ) ) ;
#5738 = DIRECTION ( 'NONE',  ( -1.000000000000000000, -0.000000000000000000, -0.000000000000000000 ) ) ;
#5739 = FILL_AREA_STYLE_COLOUR ( '', #9218 ) ;
#5740 = DIRECTION ( 'NONE',  ( 0.6663196743247736809, -0.7456662065614397816, -9.292562311528023527E-17 ) ) ;
#5741 = SURFACE_SIDE_STYLE ('',( #1571 ) ) ;
#5742 = CARTESIAN_POINT ( 'NONE',  ( 1.949999999999999956, 0.2174999999999999989, 0.2174999999999999711 ) ) ;
#5743 =( GEOMETRIC_REPRESENTATION_CONTEXT ( 3 ) GLOBAL_UNCERTAINTY_ASSIGNED_CONTEXT ( ( #8625 ) ) GLOBAL_UNIT_ASSIGNED_CONTEXT ( ( #5663, #8871, #42 ) ) REPRESENTATION_CONTEXT ( 'NONE', 'WORKASPACE' ) );
#5744 = MECHANICAL_DESIGN_GEOMETRIC_PRESENTATION_REPRESENTATION (  '', ( #750 ), #4890 ) ;
#5745 = AXIS2_PLACEMENT_3D ( 'NONE', #8061, #4734, #7094 ) ;
#5746 = VERTEX_POINT ( 'NONE', #4854 ) ;
#5747 = SURFACE_STYLE_FILL_AREA ( #1032 ) ;
#5748 = CARTESIAN_POINT ( 'NONE',  ( 5.974195292295553905, 2.619630734554813543E-16, -0.2313525518329656583 ) ) ;
#5749 =( NAMED_UNIT ( * ) PLANE_ANGLE_UNIT ( ) SI_UNIT ( $, .RADIAN. ) );
#5750 = EDGE_CURVE ( 'NONE', #1874, #742, #148, .T. ) ;
#5751 =( NAMED_UNIT ( * ) SI_UNIT ( $, .STERADIAN. ) SOLID_ANGLE_UNIT ( ) );
#5752 = AXIS2_PLACEMENT_3D ( 'NONE', #6831, #9998, #2901 ) ;
#5753 = VECTOR ( 'NONE', #2491, 1000.000000000000000 ) ;
#5754 = CARTESIAN_POINT ( 'NONE',  ( -25.39999999999996305, 0.000000000000000000, 0.000000000000000000 ) ) ;
#5755 = PRESENTATION_STYLE_ASSIGNMENT (( #4260 ) ) ;
#5756 = PRESENTATION_STYLE_ASSIGNMENT (( #2601 ) ) ;
#5757 = DIRECTION ( 'NONE',  ( -1.000000000000000000, -0.000000000000000000, -0.000000000000000000 ) ) ;
#5758 = ORIENTED_EDGE ( 'NONE', *, *, #964, .F. ) ;
#5759 = CIRCLE ( 'NONE', #1747, 0.4199999999999998179 ) ;
#5760 = DIRECTION ( 'NONE',  ( -0.9877866216249070463, 0.1101762001043161965, 0.1101762001043165434 ) ) ;
#5761 =( NAMED_UNIT ( * ) PLANE_ANGLE_UNIT ( ) SI_UNIT ( $, .RADIAN. ) );
#5762 = EDGE_CURVE ( 'NONE', #4917, #5010, #6167, .T. ) ;
#5763 = VERTEX_POINT ( 'NONE', #3273 ) ;
#5764 = CARTESIAN_POINT ( 'NONE',  ( 0.03111693966988647586, 0.4315292644214342443, 0.4315292644214356321 ) ) ;
#5765 = MECHANICAL_DESIGN_GEOMETRIC_PRESENTATION_REPRESENTATION (  '', ( #9594 ), #8770 ) ;
#5766 =( LENGTH_UNIT ( ) NAMED_UNIT ( * ) SI_UNIT ( .MILLI., .METRE. ) );
#5767 = FACE_OUTER_BOUND ( 'NONE', #5833, .T. ) ;
#5768 = SPHERICAL_SURFACE ( 'NONE', #2153, 6.000000000000000000 ) ;
#5769 = UNCERTAINTY_MEASURE_WITH_UNIT (LENGTH_MEASURE( 1.000000000000000082E-05 ), #4189, 'distance_accuracy_value', 'NONE');
#5770 = ORIENTED_EDGE ( 'NONE', *, *, #2604, .T. ) ;
#5771 = LINE ( 'NONE', #4172, #3884 ) ;
#5772 = DIRECTION ( 'NONE',  ( -1.000000000000000000, -0.000000000000000000, -0.000000000000000000 ) ) ;
#5773 = CARTESIAN_POINT ( 'NONE',  ( 1.949999999999999956, -0.2175000000000000266, -0.2174999999999999989 ) ) ;
#5774 = SURFACE_SIDE_STYLE ('',( #8858 ) ) ;
#5775 = UNCERTAINTY_MEASURE_WITH_UNIT (LENGTH_MEASURE( 1.000000000000000082E-05 ), #9673, 'distance_accuracy_value', 'NONE');
#5776 = VERTEX_POINT ( 'NONE', #8873 ) ;
#5777 = ORIENTED_EDGE ( 'NONE', *, *, #7406, .F. ) ;
#5778 = DIRECTION ( 'NONE',  ( 0.7431005017819711789, 0.6640269868487613802, 0.08288428673721986994 ) ) ;
#5779 = CIRCLE ( 'NONE', #8637, 5.995482475482740270 ) ;
#5780 =( NAMED_UNIT ( * ) PLANE_ANGLE_UNIT ( ) SI_UNIT ( $, .RADIAN. ) );
#5781 = SURFACE_STYLE_USAGE ( .BOTH. , #643 ) ;
#5782 = DIRECTION ( 'NONE',  ( -0.1108510534444137469, 2.096348086633972484E-17, 0.9938370308809506559 ) ) ;
#5783 = PLANE ( 'NONE',  #7170 ) ;
#5784 = SURFACE_STYLE_USAGE ( .BOTH. , #2590 ) ;
#5785 =( NAMED_UNIT ( * ) PLANE_ANGLE_UNIT ( ) SI_UNIT ( $, .RADIAN. ) );
#5786 = FILL_AREA_STYLE_COLOUR ( '', #8491 ) ;
#5787 = STYLED_ITEM ( 'NONE', ( #3845 ), #4399 ) ;
#5788 = ADVANCED_FACE ( 'NONE', ( #8034 ), #5783, .T. ) ;
#5789 = ADVANCED_FACE ( 'NONE', ( #5246 ), #7805, .T. ) ;
#5790 = UNCERTAINTY_MEASURE_WITH_UNIT (LENGTH_MEASURE( 1.000000000000000082E-05 ), #5229, 'distance_accuracy_value', 'NONE');
#5791 = ORIENTED_EDGE ( 'NONE', *, *, #9150, .T. ) ;
#5792 = CARTESIAN_POINT ( 'NONE',  ( 2.193400286944045430, -0.1903515064562409931, -2.309278636184418912E-16 ) ) ;
#5793 = DIRECTION ( 'NONE',  ( -0.9938370308809507669, 0.000000000000000000, 0.1108510534444137052 ) ) ;
#5794 = ORIENTED_EDGE ( 'NONE', *, *, #4531, .F. ) ;
#5795 = FILL_AREA_STYLE ('',( #7370 ) ) ;
#5796 = DIRECTION ( 'NONE',  ( 0.9938370308809507669, -0.1108510534444137746, 0.000000000000000000 ) ) ;
#5797 = SURFACE_STYLE_USAGE ( .BOTH. , #313 ) ;
#5798 =( NAMED_UNIT ( * ) PLANE_ANGLE_UNIT ( ) SI_UNIT ( $, .RADIAN. ) );
#5799 = FACE_OUTER_BOUND ( 'NONE', #10145, .T. ) ;
#5800 = COLOUR_RGB ( '',0.7764705882352941346, 0.7568627450980391913, 0.7372549019607843590 ) ;
#5801 = CARTESIAN_POINT ( 'NONE',  ( 5.974195292295553905, 0.2313525518329656860, 8.370432990360215258E-16 ) ) ;
#5802 =( GEOMETRIC_REPRESENTATION_CONTEXT ( 3 ) GLOBAL_UNCERTAINTY_ASSIGNED_CONTEXT ( ( #1600 ) ) GLOBAL_UNIT_ASSIGNED_CONTEXT ( ( #3452, #3078, #6364 ) ) REPRESENTATION_CONTEXT ( 'NONE', 'WORKASPACE' ) );
#5803 = ORIENTED_EDGE ( 'NONE', *, *, #3964, .F. ) ;
#5804 = SURFACE_STYLE_USAGE ( .BOTH. , #4211 ) ;
#5805 = FILL_AREA_STYLE ('',( #8938 ) ) ;
#5806 = CARTESIAN_POINT ( 'NONE',  ( 2.214116351126373505, 0.1880408685282115300, 0.1880408685282121406 ) ) ;
#5807 = VERTEX_POINT ( 'NONE', #3856 ) ;
#5808 = MECHANICAL_DESIGN_GEOMETRIC_PRESENTATION_REPRESENTATION (  '', ( #2450 ), #4657 ) ;
#5809 = VECTOR ( 'NONE', #2466, 1000.000000000000114 ) ;
#5810 = CYLINDRICAL_SURFACE ( 'NONE', #6109, 1.749999999999999778 ) ;
#5811 = FILL_AREA_STYLE ('',( #1779 ) ) ;
#5812 =( NAMED_UNIT ( * ) PLANE_ANGLE_UNIT ( ) SI_UNIT ( $, .RADIAN. ) );
#5813 = DIRECTION ( 'NONE',  ( -0.000000000000000000, 0.000000000000000000, -1.000000000000000000 ) ) ;
#5814 = ORIENTED_EDGE ( 'NONE', *, *, #6631, .T. ) ;
#5815 = EDGE_CURVE ( 'NONE', #8541, #7662, #719, .T. ) ;
#5816 = AXIS2_PLACEMENT_3D ( 'NONE', #8292, #254, #8181 ) ;
#5817 = VECTOR ( 'NONE', #10296, 1000.000000000000114 ) ;
#5818 =( NAMED_UNIT ( * ) SI_UNIT ( $, .STERADIAN. ) SOLID_ANGLE_UNIT ( ) );
#5819 =( GEOMETRIC_REPRESENTATION_CONTEXT ( 3 ) GLOBAL_UNCERTAINTY_ASSIGNED_CONTEXT ( ( #139 ) ) GLOBAL_UNIT_ASSIGNED_CONTEXT ( ( #2304, #5699, #5494 ) ) REPRESENTATION_CONTEXT ( 'NONE', 'WORKASPACE' ) );
#5820 = ORIENTED_EDGE ( 'NONE', *, *, #3918, .F. ) ;
#5821 =( NAMED_UNIT ( * ) PLANE_ANGLE_UNIT ( ) SI_UNIT ( $, .RADIAN. ) );
#5822 = DIRECTION ( 'NONE',  ( 0.9938370308809507669, -0.1108510534444137746, 0.000000000000000000 ) ) ;
#5823 = CARTESIAN_POINT ( 'NONE',  ( 1.347043950347265318, 0.000000000000000000, 3.500000000000000444 ) ) ;
#5824 =( NAMED_UNIT ( * ) PLANE_ANGLE_UNIT ( ) SI_UNIT ( $, .RADIAN. ) );
#5825 = CIRCLE ( 'NONE', #8145, 5.995482475482740270 ) ;
#5826 = CARTESIAN_POINT ( 'NONE',  ( 2.599999999999998312, 2.143131898507868051E-16, -1.749999999999999778 ) ) ;
#5827 =( LENGTH_UNIT ( ) NAMED_UNIT ( * ) SI_UNIT ( .MILLI., .METRE. ) );
#5828 = FACE_OUTER_BOUND ( 'NONE', #631, .T. ) ;
#5829 = EDGE_CURVE ( 'NONE', #6475, #7867, #9180, .T. ) ;
#5830 = ORIENTED_EDGE ( 'NONE', *, *, #8706, .F. ) ;
#5831 = STYLED_ITEM ( 'NONE', ( #2320 ), #8683 ) ;
#5832 = AXIS2_PLACEMENT_3D ( 'NONE', #1529, #9680, #3910 ) ;
#5833 = EDGE_LOOP ( 'NONE', ( #6203, #9545, #6294 ) ) ;
#5834 = COLOUR_RGB ( '',0.7764705882352941346, 0.7568627450980391913, 0.7372549019607843590 ) ;
#5835 = SURFACE_STYLE_USAGE ( .BOTH. , #9803 ) ;
#5836 = DIRECTION ( 'NONE',  ( -0.9938370308809506559, 0.000000000000000000, 0.1108510534444136914 ) ) ;
#5837 = SURFACE_STYLE_FILL_AREA ( #293 ) ;
#5838 = SURFACE_SIDE_STYLE ('',( #8285 ) ) ;
#5840 = DIRECTION ( 'NONE',  ( 0.6663196743247736809, -0.7456662065614397816, -9.292562311528023527E-17 ) ) ;
#5839 = CARTESIAN_POINT ( 'NONE',  ( 1.949999999999999956, 0.2174999999999999989, 0.2174999999999999711 ) ) ;
#5841 = FILL_AREA_STYLE_COLOUR ( '', #7544 ) ;
#5842 = COLOUR_RGB ( '',0.7764705882352941346, 0.7568627450980391913, 0.7372549019607843590 ) ;
#5843 =( LENGTH_UNIT ( ) NAMED_UNIT ( * ) SI_UNIT ( .MILLI., .METRE. ) );
#5844 = PRESENTATION_LAYER_ASSIGNMENT (  '', '', ( #4029 ) ) ;
#5845 = ORIENTED_EDGE ( 'NONE', *, *, #6143, .T. ) ;
#5846 = AXIS2_PLACEMENT_3D ( 'NONE', #311, #7540, #7637 ) ;
#5847 = SURFACE_STYLE_USAGE ( .BOTH. , #7268 ) ;
#5848 = AXIS2_PLACEMENT_3D ( 'NONE', #9017, #8283, #5836 ) ;
#5849 = SURFACE_STYLE_FILL_AREA ( #6585 ) ;
#5850 = AXIS2_PLACEMENT_3D ( 'NONE', #5623, #5573, #7939 ) ;
#5851 = EDGE_CURVE ( 'NONE', #4055, #627, #2154, .T. ) ;
#5852 = ADVANCED_FACE ( 'NONE', ( #2213 ), #6194, .T. ) ;
#5853 = VECTOR ( 'NONE', #1288, 1000.000000000000000 ) ;
#5854 = CARTESIAN_POINT ( 'NONE',  ( 7.600000000000000533, 1.749999999999999778, 0.000000000000000000 ) ) ;
#5855 = TOROIDAL_SURFACE ( 'NONE', #6700, 3.080000000000000515, 0.4200000000000000400 ) ;
#5856 = CARTESIAN_POINT ( 'NONE',  ( 32.60000000000000142, 0.000000000000000000, 0.000000000000000000 ) ) ;
#5857 = DIRECTION ( 'NONE',  ( -1.000000000000000000, -0.000000000000000000, -0.000000000000000000 ) ) ;
#5858 = DIRECTION ( 'NONE',  ( 0.6663196743247736809, 0.7456662065614397816, 0.000000000000000000 ) ) ;
#5859 = EDGE_LOOP ( 'NONE', ( #1419, #5912, #8198, #3903, #9788 ) ) ;
#5860 = CIRCLE ( 'NONE', #3883, 1.749999999999999778 ) ;
#5861 = FILL_AREA_STYLE ('',( #4367 ) ) ;
#5862 = STYLED_ITEM ( 'NONE', ( #2826 ), #9313 ) ;
#5863 =( LENGTH_UNIT ( ) NAMED_UNIT ( * ) SI_UNIT ( .MILLI., .METRE. ) );
#5864 = STYLED_ITEM ( 'NONE', ( #4255 ), #6428 ) ;
#5865 = VERTEX_POINT ( 'NONE', #2159 ) ;
#5866 = EDGE_CURVE ( 'NONE', #9507, #3917, #2262, .T. ) ;
#5867 = SURFACE_SIDE_STYLE ('',( #6918 ) ) ;
#5868 =( NAMED_UNIT ( * ) SI_UNIT ( $, .STERADIAN. ) SOLID_ANGLE_UNIT ( ) );
#5869 = SURFACE_SIDE_STYLE ('',( #7434 ) ) ;
#5870 = FILL_AREA_STYLE_COLOUR ( '', #5842 ) ;
#5871 =( NAMED_UNIT ( * ) SI_UNIT ( $, .STERADIAN. ) SOLID_ANGLE_UNIT ( ) );
#5872 = SURFACE_STYLE_USAGE ( .BOTH. , #7497 ) ;
#5873 = PRESENTATION_LAYER_ASSIGNMENT (  '', '', ( #7550 ) ) ;
#5874 = CIRCLE ( 'NONE', #9698, 5.437518987584765817 ) ;
#5875 = AXIS2_PLACEMENT_3D ( 'NONE', #9191, #6211, #6908 ) ;
#5876 = UNCERTAINTY_MEASURE_WITH_UNIT (LENGTH_MEASURE( 1.000000000000000082E-05 ), #436, 'distance_accuracy_value', 'NONE');
#5877 = SURFACE_STYLE_FILL_AREA ( #1168 ) ;
#5878 = MECHANICAL_DESIGN_GEOMETRIC_PRESENTATION_REPRESENTATION (  '', ( #9393 ), #5697 ) ;
#5879 = VERTEX_POINT ( 'NONE', #9476 ) ;
#5880 =( NAMED_UNIT ( * ) PLANE_ANGLE_UNIT ( ) SI_UNIT ( $, .RADIAN. ) );
#5881 = AXIS2_PLACEMENT_3D ( 'NONE', #3635, #6824, #7752 ) ;
#5882 = EDGE_CURVE ( 'NONE', #9410, #2472, #2454, .T. ) ;
#5883 = DIRECTION ( 'NONE',  ( 0.000000000000000000, 0.000000000000000000, 1.000000000000000000 ) ) ;
#5884 = SPHERICAL_SURFACE ( 'NONE', #4886, 6.000000000000000000 ) ;
#5885 = PRESENTATION_STYLE_ASSIGNMENT (( #1791 ) ) ;
#5886 = DIRECTION ( 'NONE',  ( 0.000000000000000000, 0.000000000000000000, 1.000000000000000000 ) ) ;
#5887 = CARTESIAN_POINT ( 'NONE',  ( 4.309938594911940868, -6.606512545546451519E-15, 1.891316923914901693 ) ) ;
#5888 = DIRECTION ( 'NONE',  ( 1.000000000000000000, 0.000000000000000000, 0.000000000000000000 ) ) ;
#5889 = CARTESIAN_POINT ( 'NONE',  ( 8.600000000000003197, 0.000000000000000000, 0.000000000000000000 ) ) ;
#5890 = VECTOR ( 'NONE', #508, 1000.000000000000000 ) ;
#5891 = EDGE_LOOP ( 'NONE', ( #5021, #5940, #6955, #9494, #6869 ) ) ;
#5892 = AXIS2_PLACEMENT_3D ( 'NONE', #2588, #6517, #8237 ) ;
#5893 = UNCERTAINTY_MEASURE_WITH_UNIT (LENGTH_MEASURE( 1.000000000000000082E-05 ), #6302, 'distance_accuracy_value', 'NONE');
#5894 = ORIENTED_EDGE ( 'NONE', *, *, #9962, .T. ) ;
#5895 = ORIENTED_EDGE ( 'NONE', *, *, #788, .F. ) ;
#5896 = FILL_AREA_STYLE_COLOUR ( '', #7579 ) ;
#5897 = MECHANICAL_DESIGN_GEOMETRIC_PRESENTATION_REPRESENTATION (  '', ( #7070 ), #3563 ) ;
#5898 = SURFACE_STYLE_USAGE ( .BOTH. , #4998 ) ;
#5899 = EDGE_CURVE ( 'NONE', #2960, #1591, #7228, .T. ) ;
#5900 = CARTESIAN_POINT ( 'NONE',  ( 2.599999999999998312, 0.000000000000000000, 0.000000000000000000 ) ) ;
#5901 = CIRCLE ( 'NONE', #584, 0.4199999999999998179 ) ;
#5902 = CARTESIAN_POINT ( 'NONE',  ( 2.193400286944045430, 0.1903515064562410486, 2.309278636184420884E-16 ) ) ;
#5903 = PRESENTATION_LAYER_ASSIGNMENT (  '', '', ( #4897 ) ) ;
#5904 =( GEOMETRIC_REPRESENTATION_CONTEXT ( 3 ) GLOBAL_UNCERTAINTY_ASSIGNED_CONTEXT ( ( #1705 ) ) GLOBAL_UNIT_ASSIGNED_CONTEXT ( ( #4194, #9812, #158 ) ) REPRESENTATION_CONTEXT ( 'NONE', 'WORKASPACE' ) );
#5905 = FILL_AREA_STYLE ('',( #2698 ) ) ;
#5906 = PRESENTATION_STYLE_ASSIGNMENT (( #8287 ) ) ;
#5907 = CARTESIAN_POINT ( 'NONE',  ( -25.39999999999996305, 0.000000000000000000, 0.000000000000000000 ) ) ;
#5908 = PRESENTATION_STYLE_ASSIGNMENT (( #2702 ) ) ;
#5909 = PRODUCT_CONTEXT ( 'NONE', #10332, 'mechanical' ) ;
#5910 = UNCERTAINTY_MEASURE_WITH_UNIT (LENGTH_MEASURE( 1.000000000000000082E-05 ), #3359, 'distance_accuracy_value', 'NONE');
#5911 = MECHANICAL_DESIGN_GEOMETRIC_PRESENTATION_REPRESENTATION (  '', ( #7576 ), #7738 ) ;
#5912 = ORIENTED_EDGE ( 'NONE', *, *, #932, .T. ) ;
#5913 = AXIS2_PLACEMENT_3D ( 'NONE', #7600, #9314, #2999 ) ;
#5914 = AXIS2_PLACEMENT_3D ( 'NONE', #6570, #88, #9752 ) ;
#5915 =( NAMED_UNIT ( * ) PLANE_ANGLE_UNIT ( ) SI_UNIT ( $, .RADIAN. ) );
#5916 = DIRECTION ( 'NONE',  ( -1.000000000000000000, -0.000000000000000000, -0.000000000000000000 ) ) ;
#5917 = CARTESIAN_POINT ( 'NONE',  ( 0.9968214519863044520, 4.171041651934668579E-16, -3.311827956989247479 ) ) ;
#5918 = DIRECTION ( 'NONE',  ( 0.000000000000000000, 0.000000000000000000, 1.000000000000000000 ) ) ;
#5919 = AXIS2_PLACEMENT_3D ( 'NONE', #5627, #7083, #4769 ) ;
#5920 = AXIS2_PLACEMENT_3D ( 'NONE', #1491, #3921, #2172 ) ;
#5921 =( GEOMETRIC_REPRESENTATION_CONTEXT ( 3 ) GLOBAL_UNCERTAINTY_ASSIGNED_CONTEXT ( ( #3721 ) ) GLOBAL_UNIT_ASSIGNED_CONTEXT ( ( #1206, #1306, #6122 ) ) REPRESENTATION_CONTEXT ( 'NONE', 'WORKASPACE' ) );
#5922 = DIRECTION ( 'NONE',  ( 0.000000000000000000, 0.000000000000000000, -1.000000000000000000 ) ) ;
#5923 = CARTESIAN_POINT ( 'NONE',  ( 1.949999999999999956, -0.2175000000000000266, -0.2174999999999999989 ) ) ;
#5924 = DIRECTION ( 'NONE',  ( -0.9938370308809507669, 0.000000000000000000, 0.1108510534444137052 ) ) ;
#5925 = ORIENTED_EDGE ( 'NONE', *, *, #4721, .F. ) ;
#5926 = PRODUCT_DEFINITION ( 'UNKNOWN', '', #7594, #1403 ) ;
#5927 = ADVANCED_FACE ( 'NONE', ( #5701 ), #8996, .T. ) ;
#5928 = CIRCLE ( 'NONE', #3230, 6.000000000000000000 ) ;
#5929 =( GEOMETRIC_REPRESENTATION_CONTEXT ( 3 ) GLOBAL_UNCERTAINTY_ASSIGNED_CONTEXT ( ( #6628 ) ) GLOBAL_UNIT_ASSIGNED_CONTEXT ( ( #145, #3327, #245 ) ) REPRESENTATION_CONTEXT ( 'NONE', 'WORKASPACE' ) );
#5930 = COLOUR_RGB ( '',0.7764705882352941346, 0.7568627450980391913, 0.7372549019607843590 ) ;
#5931 = ORIENTED_EDGE ( 'NONE', *, *, #7475, .T. ) ;
#5932 = FILL_AREA_STYLE ('',( #2608 ) ) ;
#5933 = SURFACE_STYLE_FILL_AREA ( #7384 ) ;
#5934 = DIRECTION ( 'NONE',  ( 0.000000000000000000, 0.000000000000000000, 1.000000000000000000 ) ) ;
#5935 = PRESENTATION_STYLE_ASSIGNMENT (( #4978 ) ) ;
#5936 = CARTESIAN_POINT ( 'NONE',  ( 6.000000000000000000, 2.326828918379972351E-16, 0.000000000000000000 ) ) ;
#5937 = PRESENTATION_STYLE_ASSIGNMENT (( #9889 ) ) ;
#5938 = CIRCLE ( 'NONE', #1430, 5.437518987584765817 ) ;
#5939 = PRODUCT_DEFINITION_FORMATION_WITH_SPECIFIED_SOURCE ( 'ANY', '', #10286, .NOT_KNOWN. ) ;
#5940 = ORIENTED_EDGE ( 'NONE', *, *, #4966, .F. ) ;
#5941 = EDGE_CURVE ( 'NONE', #4417, #5879, #3009, .T. ) ;
#5942 = EDGE_CURVE ( 'NONE', #7305, #4377, #9003, .T. ) ;
#5943 = FILL_AREA_STYLE_COLOUR ( '', #3032 ) ;
#5944 = ORIENTED_EDGE ( 'NONE', *, *, #2585, .F. ) ;
#5945 = SURFACE_STYLE_FILL_AREA ( #9056 ) ;
#5946 = DIRECTION ( 'NONE',  ( -1.000000000000000000, -0.000000000000000000, -0.000000000000000000 ) ) ;
#5947 = CARTESIAN_POINT ( 'NONE',  ( 0.2553644383338094515, -1.731808957027352047, -2.120854295958262972E-16 ) ) ;
#5948 = DIRECTION ( 'NONE',  ( 0.000000000000000000, -1.000000000000000000, 0.000000000000000000 ) ) ;
#5949 = DIRECTION ( 'NONE',  ( 0.000000000000000000, 1.000000000000000000, 1.224646799147353207E-16 ) ) ;
#5950 = ORIENTED_EDGE ( 'NONE', *, *, #8453, .T. ) ;
#5951 = PRESENTATION_LAYER_ASSIGNMENT (  '', '', ( #4622 ) ) ;
#5952 = EDGE_LOOP ( 'NONE', ( #9399, #1278, #1622 ) ) ;
#5953 = EDGE_CURVE ( 'NONE', #8056, #2510, #3777, .T. ) ;
#5954 = ORIENTED_EDGE ( 'NONE', *, *, #8133, .F. ) ;
#5955 =( LENGTH_UNIT ( ) NAMED_UNIT ( * ) SI_UNIT ( .MILLI., .METRE. ) );
#5956 = DIRECTION ( 'NONE',  ( 0.6663196743247735698, -0.7456662065614397816, -9.292562311528023527E-17 ) ) ;
#5957 =( NAMED_UNIT ( * ) PLANE_ANGLE_UNIT ( ) SI_UNIT ( $, .RADIAN. ) );
#5958 = CARTESIAN_POINT ( 'NONE',  ( 1.949999999999999956, -0.2175000000000007205, 0.2174999999999993883 ) ) ;
#5959 = DIRECTION ( 'NONE',  ( 0.000000000000000000, 0.000000000000000000, 1.000000000000000000 ) ) ;
#5960 = APPLICATION_PROTOCOL_DEFINITION ( 'draft international standard', 'automotive_design', 1998, #7465 ) ;
#5961 = ADVANCED_FACE ( 'NONE', ( #2360 ), #8702, .T. ) ;
#5962 = EDGE_LOOP ( 'NONE', ( #9296, #3760, #4834, #9961, #4878 ) ) ;
#5963 = AXIS2_PLACEMENT_3D ( 'NONE', #1587, #4736, #1687 ) ;
#5964 = FILL_AREA_STYLE ('',( #2761 ) ) ;
#5965 =( NAMED_UNIT ( * ) SI_UNIT ( $, .STERADIAN. ) SOLID_ANGLE_UNIT ( ) );
#5966 = EDGE_LOOP ( 'NONE', ( #3732, #9156 ) ) ;
#5967 =( NAMED_UNIT ( * ) SI_UNIT ( $, .STERADIAN. ) SOLID_ANGLE_UNIT ( ) );
#5968 = CARTESIAN_POINT ( 'NONE',  ( 0.2666411873824114376, -1.721732169736485796, -0.4052592521765772116 ) ) ;
#5969 = CARTESIAN_POINT ( 'NONE',  ( 0.2666411873824114376, -1.721732169736485796, 0.4052592521765768785 ) ) ;
#5970 = ORIENTED_EDGE ( 'NONE', *, *, #1872, .F. ) ;
#5971 = LINE ( 'NONE', #5071, #10088 ) ;
#5972 = ORIENTED_EDGE ( 'NONE', *, *, #1820, .T. ) ;
#5973 = FILL_AREA_STYLE ('',( #5386 ) ) ;
#5974 = PRESENTATION_STYLE_ASSIGNMENT (( #495 ) ) ;
#5975 = DIRECTION ( 'NONE',  ( 0.000000000000000000, 0.000000000000000000, 1.000000000000000000 ) ) ;
#5976 = SURFACE_STYLE_USAGE ( .BOTH. , #6675 ) ;
#5977 = ORIENTED_EDGE ( 'NONE', *, *, #8735, .T. ) ;
#5978 = AXIS2_PLACEMENT_3D ( 'NONE', #6775, #6874, #6086 ) ;
#5979 = DIRECTION ( 'NONE',  ( -0.000000000000000000, 1.000000000000000000, 1.224646799147353207E-16 ) ) ;
#5980 = CARTESIAN_POINT ( 'NONE',  ( 37.60000000000000142, 2.143131898507868051E-16, -1.749999999999999778 ) ) ;
#5981 = STYLED_ITEM ( 'NONE', ( #9203 ), #205 ) ;
#5982 = EDGE_LOOP ( 'NONE', ( #7157, #4985 ) ) ;
#5983 = UNCERTAINTY_MEASURE_WITH_UNIT (LENGTH_MEASURE( 1.000000000000000082E-05 ), #3334, 'distance_accuracy_value', 'NONE');
#5984 = ORIENTED_EDGE ( 'NONE', *, *, #1531, .F. ) ;
#5985 = COLOUR_RGB ( '',0.7764705882352941346, 0.7568627450980391913, 0.7372549019607843590 ) ;
#5986 = COLOUR_RGB ( '',0.7764705882352941346, 0.7568627450980391913, 0.7372549019607843590 ) ;
#5987 = AXIS2_PLACEMENT_3D ( 'NONE', #3895, #9312, #4626 ) ;
#5988 = CARTESIAN_POINT ( 'NONE',  ( 0.000000000000000000, -0.4350000000000069367, 1.959999999999998188 ) ) ;
#5989 = DIRECTION ( 'NONE',  ( -0.9938370308809507669, -0.1108510534444137052, 0.000000000000000000 ) ) ;
#5990 = FILL_AREA_STYLE_COLOUR ( '', #2149 ) ;
#5991 = EDGE_CURVE ( 'NONE', #10143, #4298, #5128, .T. ) ;
#5992 = PLANE ( 'NONE',  #3163 ) ;
#5993 = DIRECTION ( 'NONE',  ( 0.000000000000000000, 0.000000000000000000, 1.000000000000000000 ) ) ;
#5994 = EDGE_CURVE ( 'NONE', #678, #2409, #7019, .T. ) ;
#5995 = MECHANICAL_DESIGN_GEOMETRIC_PRESENTATION_REPRESENTATION (  '', ( #4665 ), #8144 ) ;
#5996 = VERTEX_POINT ( 'NONE', #8944 ) ;
#5997 = AXIS2_PLACEMENT_3D ( 'NONE', #6617, #281, #3479 ) ;
#5998 = UNCERTAINTY_MEASURE_WITH_UNIT (LENGTH_MEASURE( 1.000000000000000082E-05 ), #8943, 'distance_accuracy_value', 'NONE');
#5999 = EDGE_LOOP ( 'NONE', ( #4140, #5581 ) ) ;
#6000 = ORIENTED_EDGE ( 'NONE', *, *, #7367, .F. ) ;
#6001 = VECTOR ( 'NONE', #153, 1000.000000000000000 ) ;
#6002 = PRESENTATION_STYLE_ASSIGNMENT (( #1129 ) ) ;
#6003 = EDGE_CURVE ( 'NONE', #4434, #1270, #9671, .T. ) ;
#6004 = DIRECTION ( 'NONE',  ( 0.000000000000000000, -1.000000000000000000, -1.246209393661499126E-16 ) ) ;
#6005 = COLOUR_RGB ( '',0.7764705882352941346, 0.7568627450980391913, 0.7372549019607843590 ) ;
#6006 = AXIS2_PLACEMENT_3D ( 'NONE', #4677, #3684, #3847 ) ;
#6007 = STYLED_ITEM ( 'NONE', ( #2430 ), #1196 ) ;
#6008 = UNCERTAINTY_MEASURE_WITH_UNIT (LENGTH_MEASURE( 1.000000000000000082E-05 ), #4256, 'distance_accuracy_value', 'NONE');
#6009 = ORIENTED_EDGE ( 'NONE', *, *, #1672, .F. ) ;
#6010 = CARTESIAN_POINT ( 'NONE',  ( 5.974195292295553905, 2.619630734554813543E-16, -0.2313525518329656583 ) ) ;
#6011 = ORIENTED_EDGE ( 'NONE', *, *, #8780, .F. ) ;
#6012 = CIRCLE ( 'NONE', #8832, 5.437518987584765817 ) ;
#6013 = DIRECTION ( 'NONE',  ( -1.000000000000000000, -0.000000000000000000, -0.000000000000000000 ) ) ;
#6014 = VECTOR ( 'NONE', #4735, 1000.000000000000000 ) ;
#6015 = DIRECTION ( 'NONE',  ( 0.9938370308809506559, -0.1108510534444137469, -3.870343844922734420E-16 ) ) ;
#6016 = EDGE_CURVE ( 'NONE', #9483, #689, #4219, .T. ) ;
#6017 = CIRCLE ( 'NONE', #1499, 5.437518987584765817 ) ;
#6018 = SURFACE_SIDE_STYLE ('',( #4409 ) ) ;
#6019 = CARTESIAN_POINT ( 'NONE',  ( 5.974195292295553905, 2.375629221075779134E-16, 0.2313525518329657416 ) ) ;
#6020 = ORIENTED_EDGE ( 'NONE', *, *, #4293, .F. ) ;
#6021 = CARTESIAN_POINT ( 'NONE',  ( 0.03111693966988560850, 0.4315292644214372975, -0.4315292644214357431 ) ) ;
#6022 = STYLED_ITEM ( 'NONE', ( #114 ), #8768 ) ;
#6023 = SURFACE_STYLE_USAGE ( .BOTH. , #7591 ) ;
#6024 = AXIS2_PLACEMENT_3D ( 'NONE', #3420, #2565, #3527 ) ;
#6025 = CARTESIAN_POINT ( 'NONE',  ( 5.974195292295553905, 0.2313525518329656860, 8.370432990360215258E-16 ) ) ;
#6026 = SURFACE_STYLE_FILL_AREA ( #9040 ) ;
#6027 = DIRECTION ( 'NONE',  ( 0.000000000000000000, 0.000000000000000000, 1.000000000000000000 ) ) ;
#6028 = ORIENTED_EDGE ( 'NONE', *, *, #6904, .F. ) ;
#6029 = AXIS2_PLACEMENT_3D ( 'NONE', #1397, #2794, #4595 ) ;
#6030 = ADVANCED_FACE ( 'NONE', ( #9887 ), #7496, .T. ) ;
#6031 =( NAMED_UNIT ( * ) PLANE_ANGLE_UNIT ( ) SI_UNIT ( $, .RADIAN. ) );
#6032 = CARTESIAN_POINT ( 'NONE',  ( 2.193400286944045430, 4.336808689942017736E-16, 0.1903515064562409931 ) ) ;
#6033 = PLANE ( 'NONE',  #484 ) ;
#6034 = DIRECTION ( 'NONE',  ( -0.1108510534444136914, 1.257808851980383614E-16, -0.9938370308809506559 ) ) ;
#6035 = DIRECTION ( 'NONE',  ( -0.1108510534444137469, 2.096348086633972484E-17, 0.9938370308809506559 ) ) ;
#6036 = PRESENTATION_LAYER_ASSIGNMENT (  '', '', ( #188 ) ) ;
#6037 = AXIS2_PLACEMENT_3D ( 'NONE', #1266, #4472, #5924 ) ;
#6038 = AXIS2_PLACEMENT_3D ( 'NONE', #3739, #7584, #1142 ) ;
#6039 = ORIENTED_EDGE ( 'NONE', *, *, #2864, .T. ) ;
#6040 = FACE_OUTER_BOUND ( 'NONE', #8765, .T. ) ;
#6041 = DIRECTION ( 'NONE',  ( 0.000000000000000000, 0.000000000000000000, 1.000000000000000000 ) ) ;
#6042 =( NAMED_UNIT ( * ) SI_UNIT ( $, .STERADIAN. ) SOLID_ANGLE_UNIT ( ) );
#6043 = CARTESIAN_POINT ( 'NONE',  ( 4.309938594911940868, -1.891316923914901471, 0.000000000000000000 ) ) ;
#6044 = PRESENTATION_LAYER_ASSIGNMENT (  '', '', ( #7048 ) ) ;
#6045 = SURFACE_SIDE_STYLE ('',( #9007 ) ) ;
#6046 = DIRECTION ( 'NONE',  ( 0.000000000000000000, 0.000000000000000000, 1.000000000000000000 ) ) ;
#6047 = MECHANICAL_DESIGN_GEOMETRIC_PRESENTATION_REPRESENTATION (  '', ( #34 ), #3545 ) ;
#6048 = FACE_OUTER_BOUND ( 'NONE', #4070, .T. ) ;
#6049 = ORIENTED_EDGE ( 'NONE', *, *, #5536, .F. ) ;
#6050 = PLANE ( 'NONE',  #4861 ) ;
#6051 = CARTESIAN_POINT ( 'NONE',  ( 2.193400286944045430, -4.336808689942017736E-16, -0.1903515064562410486 ) ) ;
#6052 = EDGE_LOOP ( 'NONE', ( #192, #5411, #1429, #6997, #3963, #4476, #1756, #10317, #3766, #6957, #6066 ) ) ;
#6053 = EDGE_LOOP ( 'NONE', ( #4809, #1841, #5122 ) ) ;
#6054 = FILL_AREA_STYLE ('',( #5896 ) ) ;
#6055 = DIRECTION ( 'NONE',  ( 0.9938370308809506559, 0.000000000000000000, 0.1108510534444137469 ) ) ;
#6056 = ORIENTED_EDGE ( 'NONE', *, *, #4992, .T. ) ;
#6057 = PLANE ( 'NONE',  #2807 ) ;
#6058 = DIRECTION ( 'NONE',  ( 0.000000000000000000, 0.000000000000000000, -1.000000000000000000 ) ) ;
#6059 = FILL_AREA_STYLE ('',( #1912 ) ) ;
#6060 = CARTESIAN_POINT ( 'NONE',  ( 18.59999999999999787, 1.749999999999999778, 0.000000000000000000 ) ) ;
#6061 = DIRECTION ( 'NONE',  ( -0.9877866216249070463, -0.1101762001043161271, -0.1101762001043165851 ) ) ;
#6062 = AXIS2_PLACEMENT_3D ( 'NONE', #7340, #4984, #3534 ) ;
#6063 = CARTESIAN_POINT ( 'NONE',  ( 0.9968214519863044520, 0.000000000000000000, 0.000000000000000000 ) ) ;
#6064 = SHAPE_DEFINITION_REPRESENTATION ( #6277, #10192 ) ;
#6065 = MECHANICAL_DESIGN_GEOMETRIC_PRESENTATION_REPRESENTATION (  '', ( #2705 ), #4576 ) ;
#6066 = ORIENTED_EDGE ( 'NONE', *, *, #6722, .F. ) ;
#6067 = EDGE_CURVE ( 'NONE', #10225, #4159, #4534, .T. ) ;
#6068 = DIRECTION ( 'NONE',  ( 0.6663196743247735698, -0.7456662065614397816, -9.292562311528023527E-17 ) ) ;
#6069 =( GEOMETRIC_REPRESENTATION_CONTEXT ( 3 ) GLOBAL_UNCERTAINTY_ASSIGNED_CONTEXT ( ( #6422 ) ) GLOBAL_UNIT_ASSIGNED_CONTEXT ( ( #5719, #6341, #2306 ) ) REPRESENTATION_CONTEXT ( 'NONE', 'WORKASPACE' ) );
#6070 = MECHANICAL_DESIGN_GEOMETRIC_PRESENTATION_REPRESENTATION (  '', ( #9240 ), #7905 ) ;
#6071 = CARTESIAN_POINT ( 'NONE',  ( 1.949999999999999956, -0.2175000000000000266, -0.2174999999999999989 ) ) ;
#6072 = DIRECTION ( 'NONE',  ( 0.000000000000000000, 0.000000000000000000, 1.000000000000000000 ) ) ;
#6073 =( LENGTH_UNIT ( ) NAMED_UNIT ( * ) SI_UNIT ( .MILLI., .METRE. ) );
#6074 = FILL_AREA_STYLE ('',( #5323 ) ) ;
#6075 = ORIENTED_EDGE ( 'NONE', *, *, #8058, .F. ) ;
#6076 = DIRECTION ( 'NONE',  ( 0.9938370308809507669, -0.1108510534444137746, 0.000000000000000000 ) ) ;
#6077 = AXIS2_PLACEMENT_3D ( 'NONE', #3655, #4504, #639 ) ;
#6078 = AXIS2_PLACEMENT_3D ( 'NONE', #6131, #614, #2890 ) ;
#6079 = CARTESIAN_POINT ( 'NONE',  ( -25.39999999999996305, 0.000000000000000000, 0.000000000000000000 ) ) ;
#6080 = EDGE_LOOP ( 'NONE', ( #8601, #4945 ) ) ;
#6081 = EDGE_CURVE ( 'NONE', #8839, #206, #2165, .T. ) ;
#6082 = PLANE ( 'NONE',  #9407 ) ;
#6083 = CARTESIAN_POINT ( 'NONE',  ( 2.599999999999998312, 0.000000000000000000, 0.000000000000000000 ) ) ;
#6084 = SURFACE_SIDE_STYLE ('',( #4624 ) ) ;
#6085 = VERTEX_POINT ( 'NONE', #6719 ) ;
#6086 = DIRECTION ( 'NONE',  ( 0.000000000000000000, 0.000000000000000000, 1.000000000000000000 ) ) ;
#6087 = VECTOR ( 'NONE', #6450, 1000.000000000000000 ) ;
#6088 = CIRCLE ( 'NONE', #3069, 3.311827956989247479 ) ;
#6089 = FILL_AREA_STYLE_COLOUR ( '', #5559 ) ;
#6090 = PRESENTATION_STYLE_ASSIGNMENT (( #7601 ) ) ;
#6091 = FACE_OUTER_BOUND ( 'NONE', #6491, .T. ) ;
#6092 = UNCERTAINTY_MEASURE_WITH_UNIT (LENGTH_MEASURE( 1.000000000000000082E-05 ), #5400, 'distance_accuracy_value', 'NONE');
#6093 = CIRCLE ( 'NONE', #4108, 1.749999999999999778 ) ;
#6094 = COLOUR_RGB ( '',0.7764705882352941346, 0.7568627450980391913, 0.7372549019607843590 ) ;
#6095 = EDGE_CURVE ( 'NONE', #9151, #5746, #2487, .T. ) ;
#6096 = DIRECTION ( 'NONE',  ( -0.000000000000000000, 1.000000000000000000, 1.224646799147353207E-16 ) ) ;
#6097 = ORIENTED_EDGE ( 'NONE', *, *, #8468, .T. ) ;
#6098 = DIRECTION ( 'NONE',  ( -0.1108510534444136914, 0.9938370308809506559, 3.595744332370143968E-15 ) ) ;
#6099 = LINE ( 'NONE', #2050, #7103 ) ;
#6100 = PRODUCT_DEFINITION_FORMATION_WITH_SPECIFIED_SOURCE ( 'ANY', '', #6441, .NOT_KNOWN. ) ;
#6101 = DIRECTION ( 'NONE',  ( 0.000000000000000000, 1.000000000000000000, 0.000000000000000000 ) ) ;
#6102 = AXIS2_PLACEMENT_3D ( 'NONE', #6933, #1983, #3678 ) ;
#6103 = DIRECTION ( 'NONE',  ( 0.000000000000000000, 1.224646799147353207E-16, -1.000000000000000000 ) ) ;
#6104 = ORIENTED_EDGE ( 'NONE', *, *, #4085, .T. ) ;
#6105 = SURFACE_SIDE_STYLE ('',( #2909 ) ) ;
#6106 = UNCERTAINTY_MEASURE_WITH_UNIT (LENGTH_MEASURE( 1.000000000000000082E-05 ), #9133, 'distance_accuracy_value', 'NONE');
#6107 = VERTEX_POINT ( 'NONE', #5183 ) ;
#6108 = EDGE_LOOP ( 'NONE', ( #2225, #953, #2110, #572, #8492, #4144, #7863, #3074, #3464, #4117, #4851 ) ) ;
#6109 = AXIS2_PLACEMENT_3D ( 'NONE', #4267, #7433, #9832 ) ;
#6110 =( NAMED_UNIT ( * ) PLANE_ANGLE_UNIT ( ) SI_UNIT ( $, .RADIAN. ) );
#6111 = ORIENTED_EDGE ( 'NONE', *, *, #131, .F. ) ;
#6112 = SURFACE_STYLE_FILL_AREA ( #2170 ) ;
#6113 =( NAMED_UNIT ( * ) SI_UNIT ( $, .STERADIAN. ) SOLID_ANGLE_UNIT ( ) );
#6114 = APPLICATION_PROTOCOL_DEFINITION ( 'draft international standard', 'automotive_design', 1998, #9057 ) ;
#6115 = UNCERTAINTY_MEASURE_WITH_UNIT (LENGTH_MEASURE( 1.000000000000000082E-05 ), #6073, 'distance_accuracy_value', 'NONE');
#6116 = VERTEX_POINT ( 'NONE', #9785 ) ;
#6117 = AXIS2_PLACEMENT_3D ( 'NONE', #7962, #8112, #7348 ) ;
#6118 = LINE ( 'NONE', #1202, #6567 ) ;
#6119 = CARTESIAN_POINT ( 'NONE',  ( 0.000000000000000000, 0.4350000000000068257, -1.959999999999998188 ) ) ;
#6120 = SURFACE_SIDE_STYLE ('',( #600 ) ) ;
#6121 = LINE ( 'NONE', #9302, #764 ) ;
#6122 =( NAMED_UNIT ( * ) SI_UNIT ( $, .STERADIAN. ) SOLID_ANGLE_UNIT ( ) );
#6123 = SURFACE_SIDE_STYLE ('',( #6168 ) ) ;
#6124 = FACE_OUTER_BOUND ( 'NONE', #9753, .T. ) ;
#6125 = ADVANCED_FACE ( 'NONE', ( #998 ), #2669, .T. ) ;
#6126 = ADVANCED_FACE ( 'NONE', ( #6133 ), #2037, .T. ) ;
#6127 = ORIENTED_EDGE ( 'NONE', *, *, #757, .T. ) ;
#6128 =( GEOMETRIC_REPRESENTATION_CONTEXT ( 3 ) GLOBAL_UNCERTAINTY_ASSIGNED_CONTEXT ( ( #1399 ) ) GLOBAL_UNIT_ASSIGNED_CONTEXT ( ( #3150, #625, #4637 ) ) REPRESENTATION_CONTEXT ( 'NONE', 'WORKASPACE' ) );
#6129 = EDGE_LOOP ( 'NONE', ( #7807, #1159 ) ) ;
#6130 =( LENGTH_UNIT ( ) NAMED_UNIT ( * ) SI_UNIT ( .MILLI., .METRE. ) );
#6131 = CARTESIAN_POINT ( 'NONE',  ( 2.193400286944045430, 0.1903515064562410486, 2.309278636184420884E-16 ) ) ;
#6132 = DIRECTION ( 'NONE',  ( 0.7431005017819711789, 0.6640269868487613802, 0.08288428673721986994 ) ) ;
#6133 = FACE_OUTER_BOUND ( 'NONE', #2631, .T. ) ;
#6134 = EDGE_CURVE ( 'NONE', #8279, #4559, #3340, .T. ) ;
#6135 = FILL_AREA_STYLE_COLOUR ( '', #164 ) ;
#6136 = FILL_AREA_STYLE_COLOUR ( '', #6005 ) ;
#6137 = ORIENTED_EDGE ( 'NONE', *, *, #583, .F. ) ;
#6138 = AXIS2_PLACEMENT_3D ( 'NONE', #8733, #6279, #3993 ) ;
#6139 = CARTESIAN_POINT ( 'NONE',  ( 0.000000000000000000, -0.4350000000000069367, 1.959999999999998188 ) ) ;
#6140 = SURFACE_STYLE_FILL_AREA ( #2950 ) ;
#6141 = DIRECTION ( 'NONE',  ( -1.000000000000000000, -0.000000000000000000, -0.000000000000000000 ) ) ;
#6142 = PRESENTATION_STYLE_ASSIGNMENT (( #6290 ) ) ;
#6143 = EDGE_CURVE ( 'NONE', #4180, #1108, #5231, .T. ) ;
#6144 = ORIENTED_EDGE ( 'NONE', *, *, #2958, .T. ) ;
#6145 = EDGE_LOOP ( 'NONE', ( #4533, #4764, #3722, #8305 ) ) ;
#6146 = ORIENTED_EDGE ( 'NONE', *, *, #1426, .T. ) ;
#6147 = AXIS2_PLACEMENT_3D ( 'NONE', #4725, #900, #7030 ) ;
#6148 = DIRECTION ( 'NONE',  ( -0.9938370308809507669, -0.1108510534444137052, 0.000000000000000000 ) ) ;
#6149 = SURFACE_STYLE_FILL_AREA ( #9531 ) ;
#6150 = EDGE_LOOP ( 'NONE', ( #780, #168, #8560 ) ) ;
#6151 = DIRECTION ( 'NONE',  ( -0.7456662065614396706, 0.6663196743247736809, 0.000000000000000000 ) ) ;
#6152 = CIRCLE ( 'NONE', #665, 6.000000000000000000 ) ;
#6153 = CARTESIAN_POINT ( 'NONE',  ( 2.193400286944045430, -4.336808689942017736E-16, -0.1903515064562410486 ) ) ;
#6154 = CARTESIAN_POINT ( 'NONE',  ( 0.2553644383338094515, -1.731808957027352047, -2.120854295958262972E-16 ) ) ;
#6155 = PRESENTATION_LAYER_ASSIGNMENT (  '', '', ( #5318 ) ) ;
#6156 = FILL_AREA_STYLE_COLOUR ( '', #9534 ) ;
#6157 =( NAMED_UNIT ( * ) PLANE_ANGLE_UNIT ( ) SI_UNIT ( $, .RADIAN. ) );
#6158 = ADVANCED_FACE ( 'NONE', ( #8597 ), #1436, .T. ) ;
#6159 = EDGE_LOOP ( 'NONE', ( #8422, #837 ) ) ;
#6160 = CIRCLE ( 'NONE', #976, 5.437518987584764929 ) ;
#6161 = CIRCLE ( 'NONE', #1645, 3.500000000000000444 ) ;
#6162 = DIRECTION ( 'NONE',  ( -1.000000000000000000, 0.000000000000000000, -0.000000000000000000 ) ) ;
#6163 = ORIENTED_EDGE ( 'NONE', *, *, #4796, .T. ) ;
#6164 = LINE ( 'NONE', #6119, #562 ) ;
#6165 = PRESENTATION_STYLE_ASSIGNMENT (( #645 ) ) ;
#6166 = DIRECTION ( 'NONE',  ( 0.6663196743247735698, -2.603479645215216163E-15, 0.7456662065614397816 ) ) ;
#6167 = CIRCLE ( 'NONE', #3004, 5.995482475482741158 ) ;
#6168 = SURFACE_STYLE_FILL_AREA ( #4358 ) ;
#6169 = STYLED_ITEM ( 'NONE', ( #2494 ), #5196 ) ;
#6170 = PRESENTATION_STYLE_ASSIGNMENT (( #1371 ) ) ;
#6171 = EDGE_LOOP ( 'NONE', ( #4656, #5144, #7917, #1448 ) ) ;
#6172 = FACE_OUTER_BOUND ( 'NONE', #5064, .T. ) ;
#6173 = EDGE_LOOP ( 'NONE', ( #912, #679, #9928, #6995, #8059, #489, #5198, #266, #6555, #3535, #8248 ) ) ;
#6174 = CIRCLE ( 'NONE', #2836, 5.995482475482741158 ) ;
#6175 = AXIS2_PLACEMENT_3D ( 'NONE', #7701, #10116, #3810 ) ;
#6176 = VECTOR ( 'NONE', #3671, 1000.000000000000000 ) ;
#6177 = PRODUCT_DEFINITION ( 'UNKNOWN', '', #5247, #2961 ) ;
#6178 = CARTESIAN_POINT ( 'NONE',  ( 0.03111693966988647586, 0.4315292644214342443, 0.4315292644214356321 ) ) ;
#6179 = EDGE_CURVE ( 'NONE', #4417, #7662, #3402, .T. ) ;
#6180 = FACE_OUTER_BOUND ( 'NONE', #6443, .T. ) ;
#6181 = STYLED_ITEM ( 'NONE', ( #6090 ), #6126 ) ;
#6182 = CARTESIAN_POINT ( 'NONE',  ( 2.193400286944045430, -4.336808689942017736E-16, -0.1903515064562410486 ) ) ;
#6183 = COLOUR_RGB ( '',0.7764705882352941346, 0.7568627450980391913, 0.7372549019607843590 ) ;
#6184 = DIRECTION ( 'NONE',  ( 0.000000000000000000, 0.000000000000000000, 1.000000000000000000 ) ) ;
#6185 = ORIENTED_EDGE ( 'NONE', *, *, #2864, .F. ) ;
#6186 = SURFACE_SIDE_STYLE ('',( #8477 ) ) ;
#6187 = AXIS2_PLACEMENT_3D ( 'NONE', #841, #4921, #3991 ) ;
#6188 = EDGE_CURVE ( 'NONE', #1386, #2109, #9676, .T. ) ;
#6189 = MECHANICAL_DESIGN_GEOMETRIC_PRESENTATION_REPRESENTATION (  '', ( #8527 ), #7358 ) ;
#6190 = DIRECTION ( 'NONE',  ( -0.9877866216249070463, 0.1101762001043161965, 0.1101762001043165434 ) ) ;
#6191 = CARTESIAN_POINT ( 'NONE',  ( 1.347043950347265318, 0.000000000000000000, 0.000000000000000000 ) ) ;
#6192 = LINE ( 'NONE', #5296, #7596 ) ;
#6193 = LINE ( 'NONE', #7855, #5074 ) ;
#6194 = PLANE ( 'NONE',  #6175 ) ;
#6195 = FACE_OUTER_BOUND ( 'NONE', #1755, .T. ) ;
#6196 = STYLED_ITEM ( 'NONE', ( #4944 ), #7302 ) ;
#6197 = MECHANICAL_DESIGN_GEOMETRIC_PRESENTATION_REPRESENTATION (  '', ( #5862 ), #8540 ) ;
#6198 = ORIENTED_EDGE ( 'NONE', *, *, #52, .F. ) ;
#6199 =( GEOMETRIC_REPRESENTATION_CONTEXT ( 3 ) GLOBAL_UNCERTAINTY_ASSIGNED_CONTEXT ( ( #6726 ) ) GLOBAL_UNIT_ASSIGNED_CONTEXT ( ( #6619, #5824, #868 ) ) REPRESENTATION_CONTEXT ( 'NONE', 'WORKASPACE' ) );
#6200 = UNCERTAINTY_MEASURE_WITH_UNIT (LENGTH_MEASURE( 1.000000000000000082E-05 ), #7466, 'distance_accuracy_value', 'NONE');
#6201 = DIRECTION ( 'NONE',  ( -0.1108510534444136914, 0.9938370308809506559, 3.595744332370143179E-15 ) ) ;
#6202 = PRODUCT_DEFINITION_CONTEXT ( 'detailed design', #3606, 'design' ) ;
#6203 = ORIENTED_EDGE ( 'NONE', *, *, #6917, .T. ) ;
#6204 = ADVANCED_FACE ( 'NONE', ( #430 ), #2329, .T. ) ;
#6205 = CIRCLE ( 'NONE', #4719, 5.995482475482740270 ) ;
#6206 = ORIENTED_EDGE ( 'NONE', *, *, #4690, .T. ) ;
#6207 = AXIS2_PLACEMENT_3D ( 'NONE', #9342, #1348, #10124 ) ;
#6208 = STYLED_ITEM ( 'NONE', ( #3820 ), #6707 ) ;
#6209 = CARTESIAN_POINT ( 'NONE',  ( 5.974195292295553905, 2.375629221075779134E-16, 0.2313525518329657416 ) ) ;
#6210 = SURFACE_STYLE_FILL_AREA ( #3025 ) ;
#6211 = DIRECTION ( 'NONE',  ( -1.000000000000000000, -0.000000000000000000, -0.000000000000000000 ) ) ;
#6212 = DIRECTION ( 'NONE',  ( -1.000000000000000000, -0.000000000000000000, -0.000000000000000000 ) ) ;
#6213 = DIRECTION ( 'NONE',  ( -0.1108510534444136914, 0.9938370308809506559, 3.595744332370143968E-15 ) ) ;
#6214 = LINE ( 'NONE', #9408, #2993 ) ;
#6215 = COLOUR_RGB ( '',0.7764705882352941346, 0.7568627450980391913, 0.7372549019607843590 ) ;
#6216 = UNCERTAINTY_MEASURE_WITH_UNIT (LENGTH_MEASURE( 1.000000000000000082E-05 ), #6946, 'distance_accuracy_value', 'NONE');
#6217 = ORIENTED_EDGE ( 'NONE', *, *, #7087, .T. ) ;
#6218 = ADVANCED_FACE ( 'NONE', ( #2596 ), #5855, .T. ) ;
#6219 = CARTESIAN_POINT ( 'NONE',  ( 0.000000000000000000, -0.4349999999999927813, -1.960000000000001741 ) ) ;
#6220 = VECTOR ( 'NONE', #3427, 1000.000000000000000 ) ;
#6221 =( NAMED_UNIT ( * ) PLANE_ANGLE_UNIT ( ) SI_UNIT ( $, .RADIAN. ) );
#6222 = COLOUR_RGB ( '',0.7764705882352941346, 0.7568627450980391913, 0.7372549019607843590 ) ;
#6223 = COLOUR_RGB ( '',0.7764705882352941346, 0.7568627450980391913, 0.7372549019607843590 ) ;
#6224 =( NAMED_UNIT ( * ) SI_UNIT ( $, .STERADIAN. ) SOLID_ANGLE_UNIT ( ) );
#6225 = FILL_AREA_STYLE ('',( #4616 ) ) ;
#6226 =( LENGTH_UNIT ( ) NAMED_UNIT ( * ) SI_UNIT ( .MILLI., .METRE. ) );
#6227 = DIRECTION ( 'NONE',  ( -0.000000000000000000, 0.000000000000000000, -1.000000000000000000 ) ) ;
#6228 = LINE ( 'NONE', #3082, #5817 ) ;
#6229 = ORIENTED_EDGE ( 'NONE', *, *, #7086, .T. ) ;
#6230 = AXIS2_PLACEMENT_3D ( 'NONE', #4320, #1230, #3372 ) ;
#6231 = PRESENTATION_LAYER_ASSIGNMENT (  '', '', ( #7894 ) ) ;
#6232 = EDGE_LOOP ( 'NONE', ( #7332, #370, #7909, #7567 ) ) ;
#6233 = COLOUR_RGB ( '',0.7764705882352941346, 0.7568627450980391913, 0.7372549019607843590 ) ;
#6234 = DIRECTION ( 'NONE',  ( -1.000000000000000000, -0.000000000000000000, -0.000000000000000000 ) ) ;
#6235 =( NAMED_UNIT ( * ) SI_UNIT ( $, .STERADIAN. ) SOLID_ANGLE_UNIT ( ) );
#6236 = AXIS2_PLACEMENT_3D ( 'NONE', #3543, #8225, #6734 ) ;
#6237 = CIRCLE ( 'NONE', #1727, 3.500000000000000444 ) ;
#6238 = SURFACE_SIDE_STYLE ('',( #9991 ) ) ;
#6239 = ADVANCED_FACE ( 'NONE', ( #257 ), #6757, .T. ) ;
#6240 = VERTEX_POINT ( 'NONE', #7969 ) ;
#6241 = PRESENTATION_LAYER_ASSIGNMENT (  '', '', ( #3067 ) ) ;
#6242 = MECHANICAL_DESIGN_GEOMETRIC_PRESENTATION_REPRESENTATION (  '', ( #7739 ), #1236 ) ;
#6243 = AXIS2_PLACEMENT_3D ( 'NONE', #6383, #2448, #5635 ) ;
#6244 = DIRECTION ( 'NONE',  ( 0.9938370308809507669, 0.000000000000000000, 0.1108510534444137746 ) ) ;
#6245 =( NAMED_UNIT ( * ) PLANE_ANGLE_UNIT ( ) SI_UNIT ( $, .RADIAN. ) );
#6246 = DIRECTION ( 'NONE',  ( -0.9938370308809507669, 0.000000000000000000, 0.1108510534444137052 ) ) ;
#6247 = DIRECTION ( 'NONE',  ( 0.000000000000000000, 0.000000000000000000, -1.000000000000000000 ) ) ;
#6248 = EDGE_CURVE ( 'NONE', #989, #2236, #4129, .T. ) ;
#6249 = ORIENTED_EDGE ( 'NONE', *, *, #1471, .T. ) ;
#6250 = EDGE_CURVE ( 'NONE', #4388, #5279, #3029, .T. ) ;
#6251 = ORIENTED_EDGE ( 'NONE', *, *, #8668, .F. ) ;
#6252 = ORIENTED_EDGE ( 'NONE', *, *, #9288, .F. ) ;
#6253 = FACE_OUTER_BOUND ( 'NONE', #10009, .T. ) ;
#6254 = STYLED_ITEM ( 'NONE', ( #2403 ), #10101 ) ;
#6255 = DIRECTION ( 'NONE',  ( 0.000000000000000000, 1.000000000000000000, 6.231046968307495628E-17 ) ) ;
#6256 = DIRECTION ( 'NONE',  ( -0.7456662065614396706, 0.000000000000000000, -0.6663196743247736809 ) ) ;
#6257 = FACE_BOUND ( 'NONE', #5413, .T. ) ;
#6258 =( LENGTH_UNIT ( ) NAMED_UNIT ( * ) SI_UNIT ( .MILLI., .METRE. ) );
#6259 = CARTESIAN_POINT ( 'NONE',  ( 2.599999999999998312, 0.000000000000000000, 1.749999999999999778 ) ) ;
#6260 = DIRECTION ( 'NONE',  ( 0.000000000000000000, 0.000000000000000000, 1.000000000000000000 ) ) ;
#6261 = EDGE_LOOP ( 'NONE', ( #6510, #2814 ) ) ;
#6262 = FILL_AREA_STYLE_COLOUR ( '', #7234 ) ;
#6263 = DIRECTION ( 'NONE',  ( -0.9938370308809507669, 0.000000000000000000, 0.1108510534444137052 ) ) ;
#6264 = CARTESIAN_POINT ( 'NONE',  ( 5.974195292295553905, 2.619630734554813543E-16, -0.2313525518329656583 ) ) ;
#6265 = STYLED_ITEM ( 'NONE', ( #4457 ), #3593 ) ;
#6266 = FACE_OUTER_BOUND ( 'NONE', #5962, .T. ) ;
#6267 = PRESENTATION_STYLE_ASSIGNMENT (( #4710 ) ) ;
#6268 = FILL_AREA_STYLE_COLOUR ( '', #5626 ) ;
#6269 = ADVANCED_FACE ( 'NONE', ( #4706 ), #737, .T. ) ;
#6270 = ORIENTED_EDGE ( 'NONE', *, *, #6188, .T. ) ;
#6271 = FACE_OUTER_BOUND ( 'NONE', #5660, .T. ) ;
#6272 = EDGE_LOOP ( 'NONE', ( #2162, #4885 ) ) ;
#6273 = ORIENTED_EDGE ( 'NONE', *, *, #2402, .T. ) ;
#6274 = VECTOR ( 'NONE', #1943, 1000.000000000000000 ) ;
#6275 = PRESENTATION_STYLE_ASSIGNMENT (( #5398 ) ) ;
#6276 = DIRECTION ( 'NONE',  ( -0.1108510534444136914, 0.9938370308809506559, 3.595744332370143179E-15 ) ) ;
#6277 = PRODUCT_DEFINITION_SHAPE ( 'NONE', 'NONE',  #7261 ) ;
#6278 = PRESENTATION_STYLE_ASSIGNMENT (( #3135 ) ) ;
#6279 = DIRECTION ( 'NONE',  ( -1.000000000000000000, -0.000000000000000000, -0.000000000000000000 ) ) ;
#6280 = SURFACE_STYLE_FILL_AREA ( #752 ) ;
#6281 = LINE ( 'NONE', #108, #10082 ) ;
#6282 = CIRCLE ( 'NONE', #2770, 1.749999999999999778 ) ;
#6283 = EDGE_CURVE ( 'NONE', #2692, #8684, #7850, .T. ) ;
#6284 = FILL_AREA_STYLE ('',( #4872 ) ) ;
#6285 =( NAMED_UNIT ( * ) PLANE_ANGLE_UNIT ( ) SI_UNIT ( $, .RADIAN. ) );
#6286 = ORIENTED_EDGE ( 'NONE', *, *, #292, .F. ) ;
#6287 = STYLED_ITEM ( 'NONE', ( #3995 ), #4247 ) ;
#6288 = CARTESIAN_POINT ( 'NONE',  ( 7.600000000000002309, 0.000000000000000000, 0.000000000000000000 ) ) ;
#6289 = DIRECTION ( 'NONE',  ( -0.1108510534444136914, 0.9938370308809506559, 3.595744332370143968E-15 ) ) ;
#6290 = SURFACE_STYLE_USAGE ( .BOTH. , #7095 ) ;
#6291 = PLANE ( 'NONE',  #593 ) ;
#6292 = SURFACE_SIDE_STYLE ('',( #2309 ) ) ;
#6293 = AXIS2_PLACEMENT_3D ( 'NONE', #9937, #7126, #2992 ) ;
#6294 = ORIENTED_EDGE ( 'NONE', *, *, #8230, .F. ) ;
#6295 = UNCERTAINTY_MEASURE_WITH_UNIT (LENGTH_MEASURE( 1.000000000000000082E-05 ), #5106, 'distance_accuracy_value', 'NONE');
#6296 = PLANE ( 'NONE',  #822 ) ;
#6297 = ORIENTED_EDGE ( 'NONE', *, *, #7609, .F. ) ;
#6298 = PLANE ( 'NONE',  #2184 ) ;
#6299 = ADVANCED_FACE ( 'NONE', ( #5260 ), #2501, .T. ) ;
#6300 = EDGE_CURVE ( 'NONE', #8154, #396, #10026, .T. ) ;
#6301 = SURFACE_STYLE_FILL_AREA ( #4745 ) ;
#6302 =( LENGTH_UNIT ( ) NAMED_UNIT ( * ) SI_UNIT ( .MILLI., .METRE. ) );
#6303 =( LENGTH_UNIT ( ) NAMED_UNIT ( * ) SI_UNIT ( .MILLI., .METRE. ) );
#6304 = STYLED_ITEM ( 'NONE', ( #163 ), #6838 ) ;
#6305 = CARTESIAN_POINT ( 'NONE',  ( 4.309938594911940868, 1.891316923914901471, 2.356976916973721757E-16 ) ) ;
#6306 = AXIS2_PLACEMENT_3D ( 'NONE', #1607, #4799, #7973 ) ;
#6307 = ITEM_DEFINED_TRANSFORMATION ( 'NONE', 'NONE', #6411,  #5069 ) ;
#6308 = UNCERTAINTY_MEASURE_WITH_UNIT (LENGTH_MEASURE( 1.000000000000000082E-05 ), #3990, 'distance_accuracy_value', 'NONE');
#6309 = CARTESIAN_POINT ( 'NONE',  ( 0.000000000000000000, 1.959999999999999964, 0.4350000000000001088 ) ) ;
#6310 = PRESENTATION_STYLE_ASSIGNMENT (( #7111 ) ) ;
#6311 = EDGE_CURVE ( 'NONE', #8093, #3986, #1739, .T. ) ;
#6312 =( GEOMETRIC_REPRESENTATION_CONTEXT ( 3 ) GLOBAL_UNCERTAINTY_ASSIGNED_CONTEXT ( ( #7878 ) ) GLOBAL_UNIT_ASSIGNED_CONTEXT ( ( #5364, #4646, #2116 ) ) REPRESENTATION_CONTEXT ( 'NONE', 'WORKASPACE' ) );
#6313 =( NAMED_UNIT ( * ) SI_UNIT ( $, .STERADIAN. ) SOLID_ANGLE_UNIT ( ) );
#6314 = PRESENTATION_STYLE_ASSIGNMENT (( #4802 ) ) ;
#6315 = SURFACE_SIDE_STYLE ('',( #8772 ) ) ;
#6316 = PRESENTATION_STYLE_ASSIGNMENT (( #9364 ) ) ;
#6317 = DIRECTION ( 'NONE',  ( 0.7456662065614396706, 0.6663196743247736809, 0.000000000000000000 ) ) ;
#6318 = PLANE ( 'NONE',  #1317 ) ;
#6319 = ORIENTED_EDGE ( 'NONE', *, *, #8077, .F. ) ;
#6320 = SURFACE_STYLE_FILL_AREA ( #889 ) ;
#6321 = PRESENTATION_LAYER_ASSIGNMENT (  '', '', ( #7817 ) ) ;
#6322 = UNCERTAINTY_MEASURE_WITH_UNIT (LENGTH_MEASURE( 1.000000000000000082E-05 ), #959, 'distance_accuracy_value', 'NONE');
#6323 = ORIENTED_EDGE ( 'NONE', *, *, #5851, .F. ) ;
#6324 = FILL_AREA_STYLE_COLOUR ( '', #2222 ) ;
#6325 = DIRECTION ( 'NONE',  ( 0.9877866216249069353, 0.1101762001043169042, -0.1101762001043164879 ) ) ;
#6326 = EDGE_CURVE ( 'NONE', #9507, #1344, #5341, .T. ) ;
#6327 = COLOUR_RGB ( '',0.7764705882352941346, 0.7568627450980391913, 0.7372549019607843590 ) ;
#6328 = SURFACE_STYLE_FILL_AREA ( #10302 ) ;
#6329 = AXIS2_PLACEMENT_3D ( 'NONE', #6850, #8454, #2071 ) ;
#6330 = FILL_AREA_STYLE ('',( #9426 ) ) ;
#6331 = FILL_AREA_STYLE ('',( #2349 ) ) ;
#6332 =( NAMED_UNIT ( * ) SI_UNIT ( $, .STERADIAN. ) SOLID_ANGLE_UNIT ( ) );
#6333 = FILL_AREA_STYLE_COLOUR ( '', #6930 ) ;
#6334 = PRESENTATION_LAYER_ASSIGNMENT (  '', '', ( #6852 ) ) ;
#6335 = VERTEX_POINT ( 'NONE', #9456 ) ;
#6336 = COLOUR_RGB ( '',0.7764705882352941346, 0.7568627450980391913, 0.7372549019607843590 ) ;
#6337 = CIRCLE ( 'NONE', #4997, 5.437518987584765817 ) ;
#6338 = EDGE_CURVE ( 'NONE', #9800, #3945, #1673, .T. ) ;
#6339 = VECTOR ( 'NONE', #3261, 999.9999999999998863 ) ;
#6340 =( GEOMETRIC_REPRESENTATION_CONTEXT ( 3 ) GLOBAL_UNCERTAINTY_ASSIGNED_CONTEXT ( ( #3473 ) ) GLOBAL_UNIT_ASSIGNED_CONTEXT ( ( #8897, #765, #4779 ) ) REPRESENTATION_CONTEXT ( 'NONE', 'WORKASPACE' ) );
#6341 =( NAMED_UNIT ( * ) PLANE_ANGLE_UNIT ( ) SI_UNIT ( $, .RADIAN. ) );
#6342 = PRESENTATION_STYLE_ASSIGNMENT (( #4066 ) ) ;
#6343 = COLOUR_RGB ( '',0.7764705882352941346, 0.7568627450980391913, 0.7372549019607843590 ) ;
#6344 = CARTESIAN_POINT ( 'NONE',  ( 6.000000000000000000, 2.326828918379972351E-16, 0.000000000000000000 ) ) ;
#6345 = ORIENTED_EDGE ( 'NONE', *, *, #6095, .F. ) ;
#6346 = MECHANICAL_DESIGN_GEOMETRIC_PRESENTATION_REPRESENTATION (  '', ( #4361 ), #7520 ) ;
#6347 = AXIS2_PLACEMENT_3D ( 'NONE', #6032, #445, #4528 ) ;
#6348 = ORIENTED_EDGE ( 'NONE', *, *, #5994, .T. ) ;
#6349 = VECTOR ( 'NONE', #7123, 1000.000000000000114 ) ;
#6350 = DIRECTION ( 'NONE',  ( 0.9938370308809506559, -0.1108510534444137469, -3.870343844922734420E-16 ) ) ;
#6351 = CARTESIAN_POINT ( 'NONE',  ( 0.2666411873824114376, -1.721732169736485796, 0.4052592521765768785 ) ) ;
#6352 = SURFACE_STYLE_FILL_AREA ( #3115 ) ;
#6353 =( GEOMETRIC_REPRESENTATION_CONTEXT ( 3 ) GLOBAL_UNCERTAINTY_ASSIGNED_CONTEXT ( ( #1615 ) ) GLOBAL_UNIT_ASSIGNED_CONTEXT ( ( #7852, #5401, #7802 ) ) REPRESENTATION_CONTEXT ( 'NONE', 'WORKASPACE' ) );
#6354 = DIRECTION ( 'NONE',  ( 0.9938370308809506559, 0.000000000000000000, 0.1108510534444137469 ) ) ;
#6355 = FILL_AREA_STYLE_COLOUR ( '', #3566 ) ;
#6356 = ADVANCED_FACE ( 'NONE', ( #4339 ), #9686, .T. ) ;
#6357 = PRODUCT_DEFINITION_SHAPE ( 'NONE', 'NONE',  #4654 ) ;
#6358 = ORIENTED_EDGE ( 'NONE', *, *, #5673, .F. ) ;
#6359 = CIRCLE ( 'NONE', #8028, 3.311827956989247479 ) ;
#6360 = VECTOR ( 'NONE', #167, 1000.000000000000000 ) ;
#6361 =( LENGTH_UNIT ( ) NAMED_UNIT ( * ) SI_UNIT ( .MILLI., .METRE. ) );
#6362 = AXIS2_PLACEMENT_3D ( 'NONE', #2383, #739, #7975 ) ;
#6363 = PRESENTATION_STYLE_ASSIGNMENT (( #8349 ) ) ;
#6364 =( NAMED_UNIT ( * ) SI_UNIT ( $, .STERADIAN. ) SOLID_ANGLE_UNIT ( ) );
#6365 = FILL_AREA_STYLE_COLOUR ( '', #7833 ) ;
#6366 = DIRECTION ( 'NONE',  ( 0.000000000000000000, -1.000000000000000000, 0.000000000000000000 ) ) ;
#6367 = MECHANICAL_DESIGN_GEOMETRIC_PRESENTATION_REPRESENTATION (  '', ( #7550 ), #1024 ) ;
#6368 = MECHANICAL_DESIGN_GEOMETRIC_PRESENTATION_REPRESENTATION (  '', ( #9215 ), #7553 ) ;
#6369 = EDGE_LOOP ( 'NONE', ( #1694, #6842, #6446 ) ) ;
#6370 = COLOUR_RGB ( '',0.7764705882352941346, 0.7568627450980391913, 0.7372549019607843590 ) ;
#6371 = ADVANCED_FACE ( 'NONE', ( #6847 ), #2318, .T. ) ;
#6372 = ORIENTED_EDGE ( 'NONE', *, *, #5088, .T. ) ;
#6373 =( NAMED_UNIT ( * ) SI_UNIT ( $, .STERADIAN. ) SOLID_ANGLE_UNIT ( ) );
#6374 = AXIS2_PLACEMENT_3D ( 'NONE', #6658, #2505, #3467 ) ;
#6375 = AXIS2_PLACEMENT_3D ( 'NONE', #5396, #6096, #1325 ) ;
#6376 = CARTESIAN_POINT ( 'NONE',  ( 0.2553644383338094515, -1.731808957027352047, -2.120854295958262972E-16 ) ) ;
#6377 = CARTESIAN_POINT ( 'NONE',  ( 2.599999999999998312, 0.000000000000000000, 0.000000000000000000 ) ) ;
#6378 = AXIS2_PLACEMENT_3D ( 'NONE', #3020, #7102, #9398 ) ;
#6379 = AXIS2_PLACEMENT_3D ( 'NONE', #1153, #8201, #1313 ) ;
#6380 = ADVANCED_FACE ( 'NONE', ( #4478 ), #25, .T. ) ;
#6381 = ORIENTED_EDGE ( 'NONE', *, *, #3802, .F. ) ;
#6382 = DIRECTION ( 'NONE',  ( -0.1108510534444136914, 1.257808851980383614E-16, -0.9938370308809506559 ) ) ;
#6383 = CARTESIAN_POINT ( 'NONE',  ( 6.000000000000000000, 2.326828918379972351E-16, 0.000000000000000000 ) ) ;
#6384 = MECHANICAL_DESIGN_GEOMETRIC_PRESENTATION_REPRESENTATION (  '', ( #574 ), #8568 ) ;
#6385 = VECTOR ( 'NONE', #7357, 1000.000000000000000 ) ;
#6386 = SURFACE_SIDE_STYLE ('',( #2452 ) ) ;
#6387 = DIRECTION ( 'NONE',  ( 0.000000000000000000, 0.000000000000000000, 1.000000000000000000 ) ) ;
#6388 = FACE_OUTER_BOUND ( 'NONE', #3813, .T. ) ;
#6389 = FILL_AREA_STYLE ('',( #802 ) ) ;
#6390 = CARTESIAN_POINT ( 'NONE',  ( 4.309938594911940868, 6.836180637525074799E-15, -1.891316923914901693 ) ) ;
#6391 = ORIENTED_EDGE ( 'NONE', *, *, #9496, .F. ) ;
#6392 = EDGE_CURVE ( 'NONE', #2842, #2109, #853, .T. ) ;
#6393 = UNCERTAINTY_MEASURE_WITH_UNIT (LENGTH_MEASURE( 1.000000000000000082E-05 ), #6849, 'distance_accuracy_value', 'NONE');
#6394 = STYLED_ITEM ( 'NONE', ( #10279 ), #2886 ) ;
#6395 = PRESENTATION_LAYER_ASSIGNMENT (  '', '', ( #8228 ) ) ;
#6396 = STYLED_ITEM ( 'NONE', ( #3979 ), #2217 ) ;
#6397 = ORIENTED_EDGE ( 'NONE', *, *, #1944, .T. ) ;
#6398 = DIRECTION ( 'NONE',  ( -1.000000000000000000, -0.000000000000000000, -0.000000000000000000 ) ) ;
#6399 = SURFACE_SIDE_STYLE ('',( #3206 ) ) ;
#6400 =( NAMED_UNIT ( * ) SI_UNIT ( $, .STERADIAN. ) SOLID_ANGLE_UNIT ( ) );
#6401 = DIRECTION ( 'NONE',  ( 0.9938370308809507669, 0.000000000000000000, 0.1108510534444137746 ) ) ;
#6402 = AXIS2_PLACEMENT_3D ( 'NONE', #1699, #8906, #3315 ) ;
#6403 = COLOUR_RGB ( '',0.7921568627450980005, 0.8196078431372548767, 0.9333333333333333481 ) ;
#6404 =( GEOMETRIC_REPRESENTATION_CONTEXT ( 3 ) GLOBAL_UNCERTAINTY_ASSIGNED_CONTEXT ( ( #10165 ) ) GLOBAL_UNIT_ASSIGNED_CONTEXT ( ( #9935, #8307, #7430 ) ) REPRESENTATION_CONTEXT ( 'NONE', 'WORKASPACE' ) );
#6405 = CARTESIAN_POINT ( 'NONE',  ( 2.193400286944045430, -0.1903515064562409931, -2.309278636184418912E-16 ) ) ;
#6406 =( NAMED_UNIT ( * ) PLANE_ANGLE_UNIT ( ) SI_UNIT ( $, .RADIAN. ) );
#6407 = DIRECTION ( 'NONE',  ( -1.000000000000000000, -0.000000000000000000, -0.000000000000000000 ) ) ;
#6408 = ITEM_DEFINED_TRANSFORMATION ( 'NONE', 'NONE', #2556,  #5069 ) ;
#6409 = ORIENTED_EDGE ( 'NONE', *, *, #9810, .T. ) ;
#6410 = COLOUR_RGB ( '',0.7764705882352941346, 0.7568627450980391913, 0.7372549019607843590 ) ;
#6411 = AXIS2_PLACEMENT_3D ( 'NONE', #7946, #798, #1389 ) ;
#6412 = DIRECTION ( 'NONE',  ( 0.7431005017819711789, -0.6640269868487613802, 0.08288428673721989770 ) ) ;
#6413 = FILL_AREA_STYLE ('',( #4707 ) ) ;
#6414 = DIRECTION ( 'NONE',  ( -0.1108510534444136914, 1.257808851980383614E-16, -0.9938370308809506559 ) ) ;
#6415 = DIRECTION ( 'NONE',  ( 0.7431005017819711789, -0.6640269868487613802, -0.08288428673721992546 ) ) ;
#6416 = CARTESIAN_POINT ( 'NONE',  ( 4.309938594911940868, -1.891316923914901471, 0.000000000000000000 ) ) ;
#6417 = STYLED_ITEM ( 'NONE', ( #7116 ), #3428 ) ;
#6418 = DIRECTION ( 'NONE',  ( -0.9938370308809507669, 0.000000000000000000, 0.1108510534444137052 ) ) ;
#6419 = VECTOR ( 'NONE', #1520, 1000.000000000000000 ) ;
#6420 = ORIENTED_EDGE ( 'NONE', *, *, #6904, .T. ) ;
#6421 =( NAMED_UNIT ( * ) SI_UNIT ( $, .STERADIAN. ) SOLID_ANGLE_UNIT ( ) );
#6422 = UNCERTAINTY_MEASURE_WITH_UNIT (LENGTH_MEASURE( 1.000000000000000082E-05 ), #5719, 'distance_accuracy_value', 'NONE');
#6423 = ORIENTED_EDGE ( 'NONE', *, *, #4979, .F. ) ;
#6424 = FACE_OUTER_BOUND ( 'NONE', #9339, .T. ) ;
#6425 = LINE ( 'NONE', #7211, #1670 ) ;
#6426 = SURFACE_SIDE_STYLE ('',( #1665 ) ) ;
#6427 = EDGE_CURVE ( 'NONE', #2569, #1035, #1680, .T. ) ;
#6428 = ADVANCED_FACE ( 'NONE', ( #9092 ), #1918, .F. ) ;
#6429 = CIRCLE ( 'NONE', #10112, 5.995482475482741158 ) ;
#6430 = FILL_AREA_STYLE ('',( #3236 ) ) ;
#6431 = EDGE_LOOP ( 'NONE', ( #2975, #99, #6297, #5177 ) ) ;
#6432 = SURFACE_STYLE_FILL_AREA ( #4972 ) ;
#6433 = CARTESIAN_POINT ( 'NONE',  ( 6.000000000000000000, 2.326828918379972351E-16, 0.000000000000000000 ) ) ;
#6434 = ORIENTED_EDGE ( 'NONE', *, *, #5407, .T. ) ;
#6435 = CARTESIAN_POINT ( 'NONE',  ( -25.39999999999996305, 0.000000000000000000, 0.000000000000000000 ) ) ;
#6436 = EDGE_CURVE ( 'NONE', #2409, #3237, #10037, .T. ) ;
#6437 =( NAMED_UNIT ( * ) PLANE_ANGLE_UNIT ( ) SI_UNIT ( $, .RADIAN. ) );
#6438 = CARTESIAN_POINT ( 'NONE',  ( 2.599999999999998312, 4.286263797015736595E-16, -3.500000000000000000 ) ) ;
#6439 = PRESENTATION_STYLE_ASSIGNMENT (( #8748 ) ) ;
#6440 = DIRECTION ( 'NONE',  ( 0.7431005017819711789, 0.6640269868487613802, -0.08288428673721975892 ) ) ;
#6441 = PRODUCT ( 'M3.5 x 16 Screw head', 'M3.5 x 16 Screw head', '', ( #2873 ) ) ;
#6442 = DIRECTION ( 'NONE',  ( -1.000000000000000000, -0.000000000000000000, -0.000000000000000000 ) ) ;
#6443 = EDGE_LOOP ( 'NONE', ( #9263, #4403, #5251, #5830 ) ) ;
#6444 = FILL_AREA_STYLE_COLOUR ( '', #2610 ) ;
#6445 = AXIS2_PLACEMENT_3D ( 'NONE', #5350, #2102, #8385 ) ;
#6446 = ORIENTED_EDGE ( 'NONE', *, *, #4690, .F. ) ;
#6447 = FILL_AREA_STYLE_COLOUR ( '', #353 ) ;
#6448 = EDGE_CURVE ( 'NONE', #3413, #2278, #3728, .T. ) ;
#6449 = DIRECTION ( 'NONE',  ( 0.7431005017819711789, 0.6640269868487613802, 0.08288428673721986994 ) ) ;
#6450 = DIRECTION ( 'NONE',  ( 0.000000000000000000, 1.000000000000000000, 6.231046968307495628E-17 ) ) ;
#6451 = CARTESIAN_POINT ( 'NONE',  ( 2.599999999999998312, 0.000000000000000000, 1.749999999999999778 ) ) ;
#6452 = SURFACE_STYLE_FILL_AREA ( #8860 ) ;
#6453 = DIRECTION ( 'NONE',  ( -0.1108510534444137469, 2.096348086633972484E-17, 0.9938370308809506559 ) ) ;
#6454 = CARTESIAN_POINT ( 'NONE',  ( 0.9968214519863044520, 3.311827956989247479, 0.000000000000000000 ) ) ;
#6455 = ITEM_DEFINED_TRANSFORMATION ( 'NONE', 'NONE', #1077,  #5069 ) ;
#6456 = ORIENTED_EDGE ( 'NONE', *, *, #2946, .T. ) ;
#6457 = CARTESIAN_POINT ( 'NONE',  ( -25.39999999999996305, 0.000000000000000000, 0.000000000000000000 ) ) ;
#6458 =( LENGTH_UNIT ( ) NAMED_UNIT ( * ) SI_UNIT ( .MILLI., .METRE. ) );
#6459 = ADVANCED_FACE ( 'NONE', ( #2818 ), #2023, .F. ) ;
#6460 = DIRECTION ( 'NONE',  ( 0.000000000000000000, 1.000000000000000000, 0.000000000000000000 ) ) ;
#6461 = DIRECTION ( 'NONE',  ( 0.000000000000000000, 0.000000000000000000, 1.000000000000000000 ) ) ;
#6462 = AXIS2_PLACEMENT_3D ( 'NONE', #5611, #6414, #882 ) ;
#6463 = ORIENTED_EDGE ( 'NONE', *, *, #7038, .T. ) ;
#6464 =( NAMED_UNIT ( * ) PLANE_ANGLE_UNIT ( ) SI_UNIT ( $, .RADIAN. ) );
#6465 = ORIENTED_EDGE ( 'NONE', *, *, #1294, .F. ) ;
#6466 =( GEOMETRIC_REPRESENTATION_CONTEXT ( 3 ) GLOBAL_UNCERTAINTY_ASSIGNED_CONTEXT ( ( #8708 ) ) GLOBAL_UNIT_ASSIGNED_CONTEXT ( ( #1973, #9977, #6974 ) ) REPRESENTATION_CONTEXT ( 'NONE', 'WORKASPACE' ) );
#6467 = VECTOR ( 'NONE', #7504, 1000.000000000000000 ) ;
#6468 = SURFACE_STYLE_USAGE ( .BOTH. , #308 ) ;
#6469 = FILL_AREA_STYLE_COLOUR ( '', #8298 ) ;
#6470 = MECHANICAL_DESIGN_GEOMETRIC_PRESENTATION_REPRESENTATION (  '', ( #9155 ), #3484 ) ;
#6471 = SURFACE_SIDE_STYLE ('',( #1144 ) ) ;
#6472 = AXIS2_PLACEMENT_3D ( 'NONE', #3040, #7068, #7830 ) ;
#6473 = COLOUR_RGB ( '',0.7764705882352941346, 0.7568627450980391913, 0.7372549019607843590 ) ;
#6474 = DIRECTION ( 'NONE',  ( -0.1108510534444137469, -0.9938370308809506559, -3.448999966305766196E-15 ) ) ;
#6475 = VERTEX_POINT ( 'NONE', #6972 ) ;
#6476 = FACE_OUTER_BOUND ( 'NONE', #5359, .T. ) ;
#6477 = CIRCLE ( 'NONE', #1814, 5.995482475482740270 ) ;
#6478 = ORIENTED_EDGE ( 'NONE', *, *, #2140, .F. ) ;
#6479 = DIRECTION ( 'NONE',  ( 0.000000000000000000, 0.000000000000000000, 1.000000000000000000 ) ) ;
#6480 = SURFACE_STYLE_FILL_AREA ( #1628 ) ;
#6481 = FILL_AREA_STYLE ('',( #3301 ) ) ;
#6482 = FILL_AREA_STYLE ('',( #10266 ) ) ;
#6483 = PRESENTATION_STYLE_ASSIGNMENT (( #5497 ) ) ;
#6484 = PRESENTATION_LAYER_ASSIGNMENT (  '', '', ( #6683 ) ) ;
#6485 = ORIENTED_EDGE ( 'NONE', *, *, #8746, .T. ) ;
#6486 = DIRECTION ( 'NONE',  ( 0.6663196743247736809, -0.7456662065614397816, -9.292562311528023527E-17 ) ) ;
#6487 =( GEOMETRIC_REPRESENTATION_CONTEXT ( 3 ) GLOBAL_UNCERTAINTY_ASSIGNED_CONTEXT ( ( #6216 ) ) GLOBAL_UNIT_ASSIGNED_CONTEXT ( ( #6946, #7725, #1551 ) ) REPRESENTATION_CONTEXT ( 'NONE', 'WORKASPACE' ) );
#6488 = UNCERTAINTY_MEASURE_WITH_UNIT (LENGTH_MEASURE( 1.000000000000000082E-05 ), #5470, 'distance_accuracy_value', 'NONE');
#6489 = EDGE_CURVE ( 'NONE', #989, #3945, #4376, .T. ) ;
#6490 = FACE_OUTER_BOUND ( 'NONE', #2689, .T. ) ;
#6491 = EDGE_LOOP ( 'NONE', ( #7382, #4618, #8753 ) ) ;
#6492 = CIRCLE ( 'NONE', #4529, 5.437518987584765817 ) ;
#6493 = DIRECTION ( 'NONE',  ( 1.000000000000000000, 0.000000000000000000, 0.000000000000000000 ) ) ;
#6494 = STYLED_ITEM ( 'NONE', ( #2953 ), #5852 ) ;
#6495 = PRODUCT_CONTEXT ( 'NONE', #8394, 'mechanical' ) ;
#6496 = CARTESIAN_POINT ( 'NONE',  ( 0.2666411873824114376, -1.721732169736485796, 0.4052592521765768785 ) ) ;
#6497 = AXIS2_PLACEMENT_3D ( 'NONE', #1793, #2742, #6046 ) ;
#6498 = CARTESIAN_POINT ( 'NONE',  ( 1.949999999999999956, -0.2175000000000000266, -0.2174999999999999989 ) ) ;
#6499 = CARTESIAN_POINT ( 'NONE',  ( 0.000000000000000000, 1.959999999999999964, -0.4350000000000000533 ) ) ;
#6500 = CARTESIAN_POINT ( 'NONE',  ( -25.39999999999996305, 0.000000000000000000, 0.000000000000000000 ) ) ;
#6501 =( LENGTH_UNIT ( ) NAMED_UNIT ( * ) SI_UNIT ( .MILLI., .METRE. ) );
#6502 = FILL_AREA_STYLE ('',( #3973 ) ) ;
#6503 =( GEOMETRIC_REPRESENTATION_CONTEXT ( 3 ) GLOBAL_UNCERTAINTY_ASSIGNED_CONTEXT ( ( #8728 ) ) GLOBAL_UNIT_ASSIGNED_CONTEXT ( ( #7159, #4352, #8514 ) ) REPRESENTATION_CONTEXT ( 'NONE', 'WORKASPACE' ) );
#6504 = SURFACE_STYLE_FILL_AREA ( #4124 ) ;
#6505 = PRESENTATION_LAYER_ASSIGNMENT (  '', '', ( #690 ) ) ;
#6506 = UNCERTAINTY_MEASURE_WITH_UNIT (LENGTH_MEASURE( 1.000000000000000082E-05 ), #1908, 'distance_accuracy_value', 'NONE');
#6507 = ORIENTED_EDGE ( 'NONE', *, *, #3764, .T. ) ;
#6508 = ADVANCED_FACE ( 'NONE', ( #4661 ), #10137, .T. ) ;
#6509 = CIRCLE ( 'NONE', #7039, 1.749999999999999778 ) ;
#6510 = ORIENTED_EDGE ( 'NONE', *, *, #6630, .F. ) ;
#6511 =( LENGTH_UNIT ( ) NAMED_UNIT ( * ) SI_UNIT ( .MILLI., .METRE. ) );
#6512 = STYLED_ITEM ( 'NONE', ( #4925 ), #9087 ) ;
#6513 = DIRECTION ( 'NONE',  ( -1.000000000000000000, -0.000000000000000000, -0.000000000000000000 ) ) ;
#6514 = COLOUR_RGB ( '',0.7764705882352941346, 0.7568627450980391913, 0.7372549019607843590 ) ;
#6515 = PRESENTATION_STYLE_ASSIGNMENT (( #5781 ) ) ;
#6517 = DIRECTION ( 'NONE',  ( -1.000000000000000000, -0.000000000000000000, -0.000000000000000000 ) ) ;
#6516 = LINE ( 'NONE', #5667, #2674 ) ;
#6518 = PRESENTATION_STYLE_ASSIGNMENT (( #406 ) ) ;
#6519 = DIRECTION ( 'NONE',  ( -1.000000000000000000, -0.000000000000000000, -0.000000000000000000 ) ) ;
#6520 = SURFACE_STYLE_USAGE ( .BOTH. , #8176 ) ;
#6521 = DIRECTION ( 'NONE',  ( 0.000000000000000000, 0.000000000000000000, 1.000000000000000000 ) ) ;
#6522 = PRESENTATION_STYLE_ASSIGNMENT (( #1721 ) ) ;
#6523 = SHAPE_DEFINITION_REPRESENTATION ( #7125, #1701 ) ;
#6524 = COLOUR_RGB ( '',0.7764705882352941346, 0.7568627450980391913, 0.7372549019607843590 ) ;
#6525 = AXIS2_PLACEMENT_3D ( 'NONE', #5801, #8196, #8985 ) ;
#6526 = EDGE_CURVE ( 'NONE', #2482, #935, #8861, .T. ) ;
#6527 = MECHANICAL_DESIGN_GEOMETRIC_PRESENTATION_REPRESENTATION (  '', ( #2866 ), #9210 ) ;
#6528 = UNCERTAINTY_MEASURE_WITH_UNIT (LENGTH_MEASURE( 1.000000000000000082E-05 ), #8503, 'distance_accuracy_value', 'NONE');
#6529 = EDGE_LOOP ( 'NONE', ( #286, #4548, #5212, #2132, #6391 ) ) ;
#6530 = CARTESIAN_POINT ( 'NONE',  ( 0.2666411873824114376, -1.721732169736485796, -0.4052592521765772116 ) ) ;
#6531 = SURFACE_STYLE_USAGE ( .BOTH. , #8096 ) ;
#6532 = DIRECTION ( 'NONE',  ( 0.000000000000000000, 1.000000000000000000, 0.000000000000000000 ) ) ;
#6533 = CIRCLE ( 'NONE', #2015, 6.000000000000000000 ) ;
#6534 = DIRECTION ( 'NONE',  ( 0.000000000000000000, 0.000000000000000000, 1.000000000000000000 ) ) ;
#6535 = FACE_OUTER_BOUND ( 'NONE', #1483, .T. ) ;
#6536 = DIRECTION ( 'NONE',  ( -1.000000000000000000, -0.000000000000000000, -0.000000000000000000 ) ) ;
#6537 = CARTESIAN_POINT ( 'NONE',  ( 1.949999999999999956, 0.2175000000000007483, -0.2174999999999992772 ) ) ;
#6538 = PRESENTATION_LAYER_ASSIGNMENT (  '', '', ( #7201 ) ) ;
#6539 = ORIENTED_EDGE ( 'NONE', *, *, #692, .F. ) ;
#6540 =( GEOMETRIC_REPRESENTATION_CONTEXT ( 3 ) GLOBAL_UNCERTAINTY_ASSIGNED_CONTEXT ( ( #7552 ) ) GLOBAL_UNIT_ASSIGNED_CONTEXT ( ( #487, #1368, #10031 ) ) REPRESENTATION_CONTEXT ( 'NONE', 'WORKASPACE' ) );
#6541 = EDGE_LOOP ( 'NONE', ( #6855, #1840, #714, #5339 ) ) ;
#6542 = PRESENTATION_STYLE_ASSIGNMENT (( #10310 ) ) ;
#6543 =( NAMED_UNIT ( * ) PLANE_ANGLE_UNIT ( ) SI_UNIT ( $, .RADIAN. ) );
#6544 = DIRECTION ( 'NONE',  ( -0.1108510534444136914, 1.257808851980383614E-16, -0.9938370308809506559 ) ) ;
#6545 = CARTESIAN_POINT ( 'NONE',  ( 5.974195292295553905, 0.2313525518329656860, 8.370432990360215258E-16 ) ) ;
#6546 = COLOUR_RGB ( '',0.7764705882352941346, 0.7568627450980391913, 0.7372549019607843590 ) ;
#6547 = PRESENTATION_STYLE_ASSIGNMENT (( #4164 ) ) ;
#6548 = PRESENTATION_LAYER_ASSIGNMENT (  '', '', ( #726 ) ) ;
#6549 = PRESENTATION_LAYER_ASSIGNMENT (  '', '', ( #8047 ) ) ;
#6550 =( NAMED_UNIT ( * ) PLANE_ANGLE_UNIT ( ) SI_UNIT ( $, .RADIAN. ) );
#6551 = DIRECTION ( 'NONE',  ( 0.7431005017819711789, 0.6640269868487613802, 0.08288428673721986994 ) ) ;
#6552 = ORIENTED_EDGE ( 'NONE', *, *, #4034, .T. ) ;
#6553 = CARTESIAN_POINT ( 'NONE',  ( 2.599999999999998312, 0.000000000000000000, 0.000000000000000000 ) ) ;
#6554 = PRESENTATION_LAYER_ASSIGNMENT (  '', '', ( #7070 ) ) ;
#6555 = ORIENTED_EDGE ( 'NONE', *, *, #3715, .F. ) ;
#6556 = AXIS2_PLACEMENT_3D ( 'NONE', #1582, #1528, #5534 ) ;
#6557 = STYLED_ITEM ( 'NONE', ( #3328 ), #2722 ) ;
#6558 = SPHERICAL_SURFACE ( 'NONE', #553, 6.000000000000000000 ) ;
#6559 = CARTESIAN_POINT ( 'NONE',  ( 4.309938594911940868, -6.606512545546451519E-15, 1.891316923914901693 ) ) ;
#6560 = SURFACE_SIDE_STYLE ('',( #4436 ) ) ;
#6561 = PRESENTATION_STYLE_ASSIGNMENT (( #2623 ) ) ;
#6562 = EDGE_CURVE ( 'NONE', #2246, #5453, #47, .T. ) ;
#6563 = LINE ( 'NONE', #7241, #6963 ) ;
#6564 = EDGE_CURVE ( 'NONE', #4417, #4180, #6882, .T. ) ;
#6565 = DIRECTION ( 'NONE',  ( 0.000000000000000000, 1.000000000000000000, 1.224646799147353207E-16 ) ) ;
#6566 = CIRCLE ( 'NONE', #9249, 6.000000000000000000 ) ;
#6567 = VECTOR ( 'NONE', #9143, 1000.000000000000000 ) ;
#6568 = VECTOR ( 'NONE', #478, 1000.000000000000000 ) ;
#6569 = EDGE_LOOP ( 'NONE', ( #9127, #9238, #6423 ) ) ;
#6570 = CARTESIAN_POINT ( 'NONE',  ( 1.949999999999999956, -0.2175000000000006928, 0.2174999999999992495 ) ) ;
#6571 = VECTOR ( 'NONE', #5857, 1000.000000000000000 ) ;
#6572 = MECHANICAL_DESIGN_GEOMETRIC_PRESENTATION_REPRESENTATION (  '', ( #6396 ), #8406 ) ;
#6573 = DIRECTION ( 'NONE',  ( 1.000000000000000000, 0.000000000000000000, 0.000000000000000000 ) ) ;
#6574 =( NAMED_UNIT ( * ) SI_UNIT ( $, .STERADIAN. ) SOLID_ANGLE_UNIT ( ) );
#6575 = CARTESIAN_POINT ( 'NONE',  ( 2.599999999999998312, 0.000000000000000000, 0.000000000000000000 ) ) ;
#6577 =( NAMED_UNIT ( * ) SI_UNIT ( $, .STERADIAN. ) SOLID_ANGLE_UNIT ( ) );
#6576 = CARTESIAN_POINT ( 'NONE',  ( 6.000000000000000000, 2.326828918379972351E-16, 0.000000000000000000 ) ) ;
#6578 = CARTESIAN_POINT ( 'NONE',  ( 2.214116351126373505, -0.1880408685282114467, -0.1880408685282121684 ) ) ;
#6579 = ADVANCED_FACE ( 'NONE', ( #6253 ), #3122, .T. ) ;
#6580 = FILL_AREA_STYLE_COLOUR ( '', #6731 ) ;
#6581 =( GEOMETRIC_REPRESENTATION_CONTEXT ( 3 ) GLOBAL_UNCERTAINTY_ASSIGNED_CONTEXT ( ( #4850 ) ) GLOBAL_UNIT_ASSIGNED_CONTEXT ( ( #5955, #7458, #419 ) ) REPRESENTATION_CONTEXT ( 'NONE', 'WORKASPACE' ) );
#6582 = ORIENTED_EDGE ( 'NONE', *, *, #9754, .F. ) ;
#6583 = FACE_OUTER_BOUND ( 'NONE', #4497, .T. ) ;
#6584 = DIRECTION ( 'NONE',  ( 0.9938370308809507669, -0.1108510534444137746, 0.000000000000000000 ) ) ;
#6585 = FILL_AREA_STYLE ('',( #9814 ) ) ;
#6586 = SURFACE_SIDE_STYLE ('',( #8929 ) ) ;
#6587 =( NAMED_UNIT ( * ) PLANE_ANGLE_UNIT ( ) SI_UNIT ( $, .RADIAN. ) );
#6588 = DIRECTION ( 'NONE',  ( 0.9938370308809506559, -0.1108510534444137469, -3.870343844922734420E-16 ) ) ;
#6589 = PRESENTATION_LAYER_ASSIGNMENT (  '', '', ( #8913 ) ) ;
#6590 = SURFACE_STYLE_FILL_AREA ( #3406 ) ;
#6591 = ADVANCED_FACE ( 'NONE', ( #1552 ), #7256, .T. ) ;
#6592 = CARTESIAN_POINT ( 'NONE',  ( 0.2666411873824114376, 1.721732169736485352, 0.4052592521765772671 ) ) ;
#6593 = CARTESIAN_POINT ( 'NONE',  ( 2.599999999999998312, 4.286263797015736595E-16, -3.500000000000000000 ) ) ;
#6594 = PLANE ( 'NONE',  #851 ) ;
#6595 = ORIENTED_EDGE ( 'NONE', *, *, #2879, .F. ) ;
#6596 = MECHANICAL_DESIGN_GEOMETRIC_PRESENTATION_REPRESENTATION (  '', ( #610 ), #3088 ) ;
#6597 = APPLICATION_CONTEXT ( 'automotive_design' ) ;
#6598 = SURFACE_SIDE_STYLE ('',( #6651 ) ) ;
#6599 = CYLINDRICAL_SURFACE ( 'NONE', #8341, 3.500000000000000444 ) ;
#6600 = FACE_OUTER_BOUND ( 'NONE', #1339, .T. ) ;
#6601 = ORIENTED_EDGE ( 'NONE', *, *, #3204, .T. ) ;
#6602 = ADVANCED_FACE ( 'NONE', ( #885 ), #1718, .T. ) ;
#6603 = FACE_OUTER_BOUND ( 'NONE', #7999, .T. ) ;
#6604 = CARTESIAN_POINT ( 'NONE',  ( 1.949999999999999956, 0.2174999999999999989, 0.2174999999999999711 ) ) ;
#6605 = SURFACE_STYLE_USAGE ( .BOTH. , #5589 ) ;
#6606 =( NAMED_UNIT ( * ) SI_UNIT ( $, .STERADIAN. ) SOLID_ANGLE_UNIT ( ) );
#6607 = CARTESIAN_POINT ( 'NONE',  ( 6.000000000000000000, 2.326828918379972351E-16, 0.000000000000000000 ) ) ;
#6608 = ORIENTED_EDGE ( 'NONE', *, *, #1697, .T. ) ;
#6609 = CARTESIAN_POINT ( 'NONE',  ( -25.39999999999996305, 0.000000000000000000, 0.000000000000000000 ) ) ;
#6610 = UNCERTAINTY_MEASURE_WITH_UNIT (LENGTH_MEASURE( 1.000000000000000082E-05 ), #9859, 'distance_accuracy_value', 'NONE');
#6611 = SURFACE_STYLE_FILL_AREA ( #1004 ) ;
#6612 = ORIENTED_EDGE ( 'NONE', *, *, #7136, .T. ) ;
#6613 = VECTOR ( 'NONE', #3872, 1000.000000000000000 ) ;
#6614 = DIRECTION ( 'NONE',  ( 0.9938370308809506559, -0.1108510534444137469, -3.870343844922734420E-16 ) ) ;
#6615 = DIRECTION ( 'NONE',  ( 0.6663196743247736809, 2.696405268330496226E-15, -0.7456662065614397816 ) ) ;
#6616 = DIRECTION ( 'NONE',  ( 0.9938370308809506559, 0.000000000000000000, 0.1108510534444137469 ) ) ;
#6617 = CARTESIAN_POINT ( 'NONE',  ( -25.39999999999996305, 0.000000000000000000, 0.000000000000000000 ) ) ;
#6618 = DIRECTION ( 'NONE',  ( 0.000000000000000000, 1.000000000000000000, 0.000000000000000000 ) ) ;
#6619 =( LENGTH_UNIT ( ) NAMED_UNIT ( * ) SI_UNIT ( .MILLI., .METRE. ) );
#6620 = DIRECTION ( 'NONE',  ( 0.000000000000000000, 0.000000000000000000, 1.000000000000000000 ) ) ;
#6621 = CARTESIAN_POINT ( 'NONE',  ( 0.9968214519863044520, 0.000000000000000000, 0.000000000000000000 ) ) ;
#6622 = SURFACE_SIDE_STYLE ('',( #2744 ) ) ;
#6623 = AXIS2_PLACEMENT_3D ( 'NONE', #1449, #10229, #529 ) ;
#6624 = CARTESIAN_POINT ( 'NONE',  ( 5.974195292295553905, 2.375629221075779134E-16, 0.2313525518329657416 ) ) ;
#6625 = CARTESIAN_POINT ( 'NONE',  ( 0.9968214519863044520, 3.311827956989247479, 0.000000000000000000 ) ) ;
#6626 = UNCERTAINTY_MEASURE_WITH_UNIT (LENGTH_MEASURE( 1.000000000000000082E-05 ), #4239, 'distance_accuracy_value', 'NONE');
#6627 = ORIENTED_EDGE ( 'NONE', *, *, #4615, .T. ) ;
#6628 = UNCERTAINTY_MEASURE_WITH_UNIT (LENGTH_MEASURE( 1.000000000000000082E-05 ), #145, 'distance_accuracy_value', 'NONE');
#6629 = ORIENTED_EDGE ( 'NONE', *, *, #1239, .F. ) ;
#6630 = EDGE_CURVE ( 'NONE', #431, #9483, #1851, .T. ) ;
#6631 = EDGE_CURVE ( 'NONE', #3929, #1212, #3557, .T. ) ;
#6632 = FILL_AREA_STYLE_COLOUR ( '', #413 ) ;
#6633 = FACE_OUTER_BOUND ( 'NONE', #1532, .T. ) ;
#6634 = CARTESIAN_POINT ( 'NONE',  ( 1.347043950347265318, 0.000000000000000000, 3.500000000000000444 ) ) ;
#6635 = PRESENTATION_STYLE_ASSIGNMENT (( #3445 ) ) ;
#6636 = CARTESIAN_POINT ( 'NONE',  ( 0.000000000000000000, 1.959999999999999964, 0.4350000000000001088 ) ) ;
#6637 = CARTESIAN_POINT ( 'NONE',  ( 0.000000000000000000, 0.4350000000000068257, -1.959999999999998188 ) ) ;
#6638 = UNCERTAINTY_MEASURE_WITH_UNIT (LENGTH_MEASURE( 1.000000000000000082E-05 ), #2020, 'distance_accuracy_value', 'NONE');
#6639 = EDGE_LOOP ( 'NONE', ( #9894, #888, #1308, #5500, #5729 ) ) ;
#6640 = ADVANCED_FACE ( 'NONE', ( #8175 ), #3444, .T. ) ;
#6641 = SURFACE_STYLE_FILL_AREA ( #3450 ) ;
#6642 = LINE ( 'NONE', #979, #8546 ) ;
#6643 = EDGE_LOOP ( 'NONE', ( #3669, #10040, #183, #6111 ) ) ;
#6644 =( NAMED_UNIT ( * ) PLANE_ANGLE_UNIT ( ) SI_UNIT ( $, .RADIAN. ) );
#6645 = SURFACE_SIDE_STYLE ('',( #4259 ) ) ;
#6646 = PRESENTATION_STYLE_ASSIGNMENT (( #985 ) ) ;
#6647 = CARTESIAN_POINT ( 'NONE',  ( -25.39999999999996305, 2.143131898507868051E-16, -1.749999999999999778 ) ) ;
#6648 = LINE ( 'NONE', #847, #1186 ) ;
#6649 = EDGE_LOOP ( 'NONE', ( #2777, #4009, #642, #10098, #10134 ) ) ;
#6650 = ADVANCED_FACE ( 'NONE', ( #5157 ), #6691, .T. ) ;
#6651 = SURFACE_STYLE_FILL_AREA ( #113 ) ;
#6652 = VECTOR ( 'NONE', #6709, 1000.000000000000000 ) ;
#6653 = ORIENTED_EDGE ( 'NONE', *, *, #1508, .T. ) ;
#6654 = PRESENTATION_LAYER_ASSIGNMENT (  '', '', ( #809 ) ) ;
#6655 = COLOUR_RGB ( '',0.7764705882352941346, 0.7568627450980391913, 0.7372549019607843590 ) ;
#6656 =( LENGTH_UNIT ( ) NAMED_UNIT ( * ) SI_UNIT ( .MILLI., .METRE. ) );
#6657 = DIRECTION ( 'NONE',  ( -0.7456662065614397816, -2.326442708608981349E-15, 0.6663196743247735698 ) ) ;
#6658 = CARTESIAN_POINT ( 'NONE',  ( 1.949999999999999956, -0.2175000000000006928, 0.2174999999999992495 ) ) ;
#6659 = DIRECTION ( 'NONE',  ( 0.000000000000000000, -1.224646799147354193E-16, 1.000000000000000000 ) ) ;
#6660 = DIRECTION ( 'NONE',  ( 0.6663196743247736809, -2.603479645215216163E-15, 0.7456662065614397816 ) ) ;
#6661 = FACE_OUTER_BOUND ( 'NONE', #4287, .T. ) ;
#6662 = CIRCLE ( 'NONE', #1315, 1.749999999999999778 ) ;
#6663 = STYLED_ITEM ( 'NONE', ( #2579 ), #5047 ) ;
#6664 = EDGE_CURVE ( 'NONE', #1926, #9035, #6713, .T. ) ;
#6665 = AXIS2_PLACEMENT_3D ( 'NONE', #9996, #1391, #5242 ) ;
#6666 = VERTEX_POINT ( 'NONE', #471 ) ;
#6667 = DIRECTION ( 'NONE',  ( 0.7431005017819711789, 0.08288428673721742745, 0.6640269868487616023 ) ) ;
#6668 =( GEOMETRIC_REPRESENTATION_CONTEXT ( 3 ) GLOBAL_UNCERTAINTY_ASSIGNED_CONTEXT ( ( #9526 ) ) GLOBAL_UNIT_ASSIGNED_CONTEXT ( ( #7260, #4756, #6224 ) ) REPRESENTATION_CONTEXT ( 'NONE', 'WORKASPACE' ) );
#6669 = DIRECTION ( 'NONE',  ( 0.7431005017819711789, 0.08288428673722224305, -0.6640269868487610472 ) ) ;
#6670 = FACE_OUTER_BOUND ( 'NONE', #7389, .T. ) ;
#6671 = SURFACE_STYLE_USAGE ( .BOTH. , #3694 ) ;
#6672 = PRESENTATION_STYLE_ASSIGNMENT (( #133 ) ) ;
#6673 = VECTOR ( 'NONE', #10233, 1000.000000000000000 ) ;
#6674 = DIRECTION ( 'NONE',  ( 0.9938370308809507669, 0.000000000000000000, 0.1108510534444137746 ) ) ;
#6675 = SURFACE_SIDE_STYLE ('',( #4233 ) ) ;
#6676 = MECHANICAL_DESIGN_GEOMETRIC_PRESENTATION_REPRESENTATION (  '', ( #7007 ), #3670 ) ;
#6677 =( NAMED_UNIT ( * ) PLANE_ANGLE_UNIT ( ) SI_UNIT ( $, .RADIAN. ) );
#6678 = ORIENTED_EDGE ( 'NONE', *, *, #8643, .T. ) ;
#6679 = ORIENTED_EDGE ( 'NONE', *, *, #3124, .T. ) ;
#6680 = PRESENTATION_LAYER_ASSIGNMENT (  '', '', ( #1162 ) ) ;
#6681 = MECHANICAL_DESIGN_GEOMETRIC_PRESENTATION_REPRESENTATION (  '', ( #6859 ), #5493 ) ;
#6682 = ORIENTED_EDGE ( 'NONE', *, *, #3609, .T. ) ;
#6683 = STYLED_ITEM ( 'NONE', ( #1382 ), #5153 ) ;
#6684 =( NAMED_UNIT ( * ) SI_UNIT ( $, .STERADIAN. ) SOLID_ANGLE_UNIT ( ) );
#6685 = PRESENTATION_LAYER_ASSIGNMENT (  '', '', ( #835 ) ) ;
#6686 = LINE ( 'NONE', #247, #9144 ) ;
#6688 = CARTESIAN_POINT ( 'NONE',  ( 2.214116351126373949, 0.1880408685282127790, -0.1880408685282121406 ) ) ;
#6687 = PRESENTATION_STYLE_ASSIGNMENT (( #3497 ) ) ;
#6689 = COLOUR_RGB ( '',0.7764705882352941346, 0.7568627450980391913, 0.7372549019607843590 ) ;
#6690 = DIRECTION ( 'NONE',  ( -1.000000000000000000, -0.000000000000000000, -0.000000000000000000 ) ) ;
#6691 = PLANE ( 'NONE',  #8193 ) ;
#6692 = FILL_AREA_STYLE_COLOUR ( '', #4459 ) ;
#6693 = DIRECTION ( 'NONE',  ( 0.7431005017819711789, -0.6640269868487613802, -0.08288428673721992546 ) ) ;
#6694 = PRESENTATION_LAYER_ASSIGNMENT (  '', '', ( #172 ) ) ;
#6695 = PRESENTATION_STYLE_ASSIGNMENT (( #9080 ) ) ;
#6696 =( NAMED_UNIT ( * ) SI_UNIT ( $, .STERADIAN. ) SOLID_ANGLE_UNIT ( ) );
#6697 = EDGE_CURVE ( 'NONE', #2056, #2246, #3720, .T. ) ;
#6698 = CIRCLE ( 'NONE', #3520, 5.995482475482741158 ) ;
#6699 = EDGE_LOOP ( 'NONE', ( #5977, #9837, #9290, #7889 ) ) ;
#6700 = AXIS2_PLACEMENT_3D ( 'NONE', #2650, #5214, #4351 ) ;
#6701 =( NAMED_UNIT ( * ) SI_UNIT ( $, .STERADIAN. ) SOLID_ANGLE_UNIT ( ) );
#6702 = FACE_OUTER_BOUND ( 'NONE', #7244, .T. ) ;
#6703 = FILL_AREA_STYLE ('',( #3992 ) ) ;
#6704 = COLOUR_RGB ( '',0.7764705882352941346, 0.7568627450980391913, 0.7372549019607843590 ) ;
#6705 =( NAMED_UNIT ( * ) PLANE_ANGLE_UNIT ( ) SI_UNIT ( $, .RADIAN. ) );
#6706 = ADVANCED_FACE ( 'NONE', ( #2229 ), #1190, .T. ) ;
#6707 = ADVANCED_FACE ( 'NONE', ( #9251 ), #8565, .T. ) ;
#6708 = PRESENTATION_LAYER_ASSIGNMENT (  '', '', ( #8022 ) ) ;
#6709 = DIRECTION ( 'NONE',  ( -1.000000000000000000, -0.000000000000000000, -0.000000000000000000 ) ) ;
#6710 = DIRECTION ( 'NONE',  ( 0.000000000000000000, 1.224646799147353207E-16, -1.000000000000000000 ) ) ;
#6711 = EDGE_LOOP ( 'NONE', ( #8497, #5845, #8026 ) ) ;
#6712 = STYLED_ITEM ( 'NONE', ( #5250 ), #7526 ) ;
#6713 = CIRCLE ( 'NONE', #4558, 5.437518987584764929 ) ;
#6714 = DIRECTION ( 'NONE',  ( -1.000000000000000000, -0.000000000000000000, -0.000000000000000000 ) ) ;
#6715 = ORIENTED_EDGE ( 'NONE', *, *, #292, .T. ) ;
#6716 = DIRECTION ( 'NONE',  ( -0.1108510534444137469, 2.096348086633972484E-17, 0.9938370308809506559 ) ) ;
#6717 = FACE_OUTER_BOUND ( 'NONE', #10123, .T. ) ;
#6718 = DIRECTION ( 'NONE',  ( -1.000000000000000000, -0.000000000000000000, -0.000000000000000000 ) ) ;
#6719 = CARTESIAN_POINT ( 'NONE',  ( 0.2553644383338094515, -1.731808957027352047, -2.120854295958262972E-16 ) ) ;
#6720 = PRESENTATION_STYLE_ASSIGNMENT (( #5872 ) ) ;
#6721 = SURFACE_SIDE_STYLE ('',( #8262 ) ) ;
#6722 = EDGE_CURVE ( 'NONE', #8528, #5033, #6533, .T. ) ;
#6723 = AXIS2_PLACEMENT_3D ( 'NONE', #9784, #4931, #2609 ) ;
#6724 = ORIENTED_EDGE ( 'NONE', *, *, #1113, .T. ) ;
#6725 = PRESENTATION_LAYER_ASSIGNMENT (  '', '', ( #9871 ) ) ;
#6726 = UNCERTAINTY_MEASURE_WITH_UNIT (LENGTH_MEASURE( 1.000000000000000082E-05 ), #6619, 'distance_accuracy_value', 'NONE');
#6727 = SURFACE_SIDE_STYLE ('',( #3533 ) ) ;
#6728 = CARTESIAN_POINT ( 'NONE',  ( 0.2666411873824114376, -1.721732169736485796, 0.4052592521765768785 ) ) ;
#6729 = ORIENTED_EDGE ( 'NONE', *, *, #504, .T. ) ;
#6730 = CARTESIAN_POINT ( 'NONE',  ( 1.347043950347265318, 0.000000000000000000, 0.000000000000000000 ) ) ;
#6731 = COLOUR_RGB ( '',0.7764705882352941346, 0.7568627450980391913, 0.7372549019607843590 ) ;
#6732 = FACE_OUTER_BOUND ( 'NONE', #1557, .T. ) ;
#6733 = SURFACE_STYLE_FILL_AREA ( #3540 ) ;
#6734 = DIRECTION ( 'NONE',  ( -0.9938370308809506559, -0.1108510534444136914, -3.870343844922732447E-16 ) ) ;
#6735 = CARTESIAN_POINT ( 'NONE',  ( 1.347043950347263763, 0.000000000000000000, 0.000000000000000000 ) ) ;
#6736 = ADVANCED_FACE ( 'NONE', ( #7188 ), #7818, .T. ) ;
#6737 = CARTESIAN_POINT ( 'NONE',  ( 0.2666411873824114376, -0.4052592521765708278, -1.721732169736487128 ) ) ;
#6738 = ORIENTED_EDGE ( 'NONE', *, *, #4106, .F. ) ;
#6739 = DIRECTION ( 'NONE',  ( -0.7456662065614396706, 0.6663196743247736809, 0.000000000000000000 ) ) ;
#6740 = COLOUR_RGB ( '',0.7764705882352941346, 0.7568627450980391913, 0.7372549019607843590 ) ;
#6741 = UNCERTAINTY_MEASURE_WITH_UNIT (LENGTH_MEASURE( 1.000000000000000082E-05 ), #7672, 'distance_accuracy_value', 'NONE');
#6742 = COLOUR_RGB ( '',0.7764705882352941346, 0.7568627450980391913, 0.7372549019607843590 ) ;
#6743 = ORIENTED_EDGE ( 'NONE', *, *, #9946, .T. ) ;
#6744 = EDGE_LOOP ( 'NONE', ( #2058, #6409, #9461, #463 ) ) ;
#6745 = CYLINDRICAL_SURFACE ( 'NONE', #3410, 1.749999999999999778 ) ;
#6746 = FILL_AREA_STYLE_COLOUR ( '', #552 ) ;
#6747 = ORIENTED_EDGE ( 'NONE', *, *, #4956, .T. ) ;
#6748 = DIRECTION ( 'NONE',  ( 0.6663196743247736809, -0.7456662065614397816, -9.292562311528023527E-17 ) ) ;
#6749 = CIRCLE ( 'NONE', #6916, 3.311827956989247479 ) ;
#6750 = CARTESIAN_POINT ( 'NONE',  ( -25.39999999999996305, 0.000000000000000000, 1.749999999999999778 ) ) ;
#6751 = SURFACE_SIDE_STYLE ('',( #2011 ) ) ;
#6752 = CARTESIAN_POINT ( 'NONE',  ( 0.9968214519863044520, 0.000000000000000000, 0.000000000000000000 ) ) ;
#6753 = PRESENTATION_LAYER_ASSIGNMENT (  '', '', ( #7576 ) ) ;
#6754 = EDGE_LOOP ( 'NONE', ( #1165, #7720 ) ) ;
#6755 = CIRCLE ( 'NONE', #9421, 0.4199999999999998179 ) ;
#6756 = COLOUR_RGB ( '',0.7921568627450980005, 0.8196078431372548767, 0.9333333333333333481 ) ;
#6757 = PLANE ( 'NONE',  #9848 ) ;
#6758 = CARTESIAN_POINT ( 'NONE',  ( 1.949999999999999956, -0.2175000000000000266, -0.2174999999999999711 ) ) ;
#6759 = ORIENTED_EDGE ( 'NONE', *, *, #3793, .T. ) ;
#6760 =( NAMED_UNIT ( * ) SI_UNIT ( $, .STERADIAN. ) SOLID_ANGLE_UNIT ( ) );
#6761 = SURFACE_STYLE_FILL_AREA ( #5112 ) ;
#6762 =( GEOMETRIC_REPRESENTATION_CONTEXT ( 3 ) GLOBAL_UNCERTAINTY_ASSIGNED_CONTEXT ( ( #789 ) ) GLOBAL_UNIT_ASSIGNED_CONTEXT ( ( #2334, #9657, #1026 ) ) REPRESENTATION_CONTEXT ( 'NONE', 'WORKASPACE' ) );
#6763 =( GEOMETRIC_REPRESENTATION_CONTEXT ( 3 ) GLOBAL_UNCERTAINTY_ASSIGNED_CONTEXT ( ( #4641 ) ) GLOBAL_UNIT_ASSIGNED_CONTEXT ( ( #8855, #7298, #1847 ) ) REPRESENTATION_CONTEXT ( 'NONE', 'WORKASPACE' ) );
#6764 = VECTOR ( 'NONE', #1156, 999.9999999999998863 ) ;
#6765 = PRESENTATION_STYLE_ASSIGNMENT (( #9094 ) ) ;
#6766 = DIRECTION ( 'NONE',  ( 0.9938370308809507669, 0.000000000000000000, 0.1108510534444137746 ) ) ;
#6767 = ORIENTED_EDGE ( 'NONE', *, *, #8159, .T. ) ;
#6768 = ORIENTED_EDGE ( 'NONE', *, *, #2809, .F. ) ;
#6769 = AXIS2_PLACEMENT_3D ( 'NONE', #3855, #1478, #3909 ) ;
#6770 = CARTESIAN_POINT ( 'NONE',  ( 0.03111693966988647586, 0.4315292644214342443, 0.4315292644214356321 ) ) ;
#6771 = PRODUCT_DEFINITION_FORMATION_WITH_SPECIFIED_SOURCE ( 'ANY', '', #5682, .NOT_KNOWN. ) ;
#6772 = EDGE_CURVE ( 'NONE', #947, #10225, #3554, .T. ) ;
#6773 = EDGE_CURVE ( 'NONE', #155, #1591, #3465, .T. ) ;
#6774 = ORIENTED_EDGE ( 'NONE', *, *, #6631, .F. ) ;
#6775 = CARTESIAN_POINT ( 'NONE',  ( 1.347043950347265318, 0.000000000000000000, 0.000000000000000000 ) ) ;
#6776 = PLANE ( 'NONE',  #7750 ) ;
#6777 = DIRECTION ( 'NONE',  ( -1.000000000000000000, -0.000000000000000000, -0.000000000000000000 ) ) ;
#6778 = FILL_AREA_STYLE ('',( #1056 ) ) ;
#6779 = SURFACE_STYLE_FILL_AREA ( #795 ) ;
#6780 = PRESENTATION_LAYER_ASSIGNMENT (  '', '', ( #610 ) ) ;
#6781 = VERTEX_POINT ( 'NONE', #8310 ) ;
#6782 = ORIENTED_EDGE ( 'NONE', *, *, #7120, .F. ) ;
#6783 = EDGE_CURVE ( 'NONE', #275, #8912, #9634, .T. ) ;
#6784 = AXIS2_PLACEMENT_3D ( 'NONE', #8761, #732, #4749 ) ;
#6785 = LINE ( 'NONE', #9842, #6220 ) ;
#6786 = DIRECTION ( 'NONE',  ( 0.6663196743247736809, 2.696405268330496226E-15, -0.7456662065614397816 ) ) ;
#6787 = DIRECTION ( 'NONE',  ( -1.000000000000000000, -0.000000000000000000, -0.000000000000000000 ) ) ;
#6788 = FILL_AREA_STYLE_COLOUR ( '', #2914 ) ;
#6789 = DIRECTION ( 'NONE',  ( -0.9877866216249070463, -0.1101762001043161271, -0.1101762001043165851 ) ) ;
#6790 =( LENGTH_UNIT ( ) NAMED_UNIT ( * ) SI_UNIT ( .MILLI., .METRE. ) );
#6791 = CARTESIAN_POINT ( 'NONE',  ( 0.2666411873824114376, 0.4052592521765713274, 1.721732169736487794 ) ) ;
#6792 = ORIENTED_EDGE ( 'NONE', *, *, #5528, .F. ) ;
#6793 = PRESENTATION_STYLE_ASSIGNMENT (( #7618 ) ) ;
#6794 = ORIENTED_EDGE ( 'NONE', *, *, #6564, .T. ) ;
#6795 = ORIENTED_EDGE ( 'NONE', *, *, #6796, .F. ) ;
#6796 = EDGE_CURVE ( 'NONE', #8476, #5570, #8463, .T. ) ;
#6797 = CARTESIAN_POINT ( 'NONE',  ( 0.03111693966988560850, -0.4315292644214371864, 0.4315292644214354101 ) ) ;
#6798 = SURFACE_STYLE_USAGE ( .BOTH. , #9910 ) ;
#6799 = SURFACE_STYLE_FILL_AREA ( #1249 ) ;
#6800 = DIRECTION ( 'NONE',  ( 0.000000000000000000, 0.000000000000000000, 1.000000000000000000 ) ) ;
#6801 = APPLICATION_PROTOCOL_DEFINITION ( 'draft international standard', 'automotive_design', 1998, #8538 ) ;
#6802 = ORIENTED_EDGE ( 'NONE', *, *, #8274, .T. ) ;
#6803 = EDGE_CURVE ( 'NONE', #9366, #8557, #9271, .T. ) ;
#6804 = FILL_AREA_STYLE_COLOUR ( '', #4370 ) ;
#6805 = LINE ( 'NONE', #9260, #5026 ) ;
#6806 = ORIENTED_EDGE ( 'NONE', *, *, #4018, .F. ) ;
#6807 = SURFACE_STYLE_USAGE ( .BOTH. , #9867 ) ;
#6808 = FILL_AREA_STYLE_COLOUR ( '', #707 ) ;
#6809 = EDGE_LOOP ( 'NONE', ( #2861, #7171, #7787 ) ) ;
#6810 = SURFACE_STYLE_USAGE ( .BOTH. , #2134 ) ;
#6811 = VERTEX_POINT ( 'NONE', #3045 ) ;
#6812 = CIRCLE ( 'NONE', #7467, 5.995482475482741158 ) ;
#6813 = DIRECTION ( 'NONE',  ( -0.1108510534444136914, 0.9938370308809506559, 3.595744332370143968E-15 ) ) ;
#6814 =( NAMED_UNIT ( * ) SI_UNIT ( $, .STERADIAN. ) SOLID_ANGLE_UNIT ( ) );
#6815 = ORIENTED_EDGE ( 'NONE', *, *, #146, .F. ) ;
#6816 = SURFACE_STYLE_USAGE ( .BOTH. , #10108 ) ;
#6817 = COLOUR_RGB ( '',0.7764705882352941346, 0.7568627450980391913, 0.7372549019607843590 ) ;
#6818 =( NAMED_UNIT ( * ) PLANE_ANGLE_UNIT ( ) SI_UNIT ( $, .RADIAN. ) );
#6819 = CARTESIAN_POINT ( 'NONE',  ( 1.949999999999999956, 0.2174999999999999989, -0.2174999999999999711 ) ) ;
#6820 = FILL_AREA_STYLE ('',( #10048 ) ) ;
#6821 = PRODUCT_RELATED_PRODUCT_CATEGORY ( 'part', '', ( #2345 ) ) ;
#6822 = EDGE_CURVE ( 'NONE', #7598, #4664, #480, .T. ) ;
#6823 = UNCERTAINTY_MEASURE_WITH_UNIT (LENGTH_MEASURE( 1.000000000000000082E-05 ), #5003, 'distance_accuracy_value', 'NONE');
#6824 = DIRECTION ( 'NONE',  ( -0.1108510534444136914, 0.9938370308809506559, 3.595744332370143968E-15 ) ) ;
#6825 = ORIENTED_EDGE ( 'NONE', *, *, #7675, .F. ) ;
#6826 = CIRCLE ( 'NONE', #7809, 5.995482475482740270 ) ;
#6827 = CARTESIAN_POINT ( 'NONE',  ( 2.214116351126373505, 0.1880408685282115300, 0.1880408685282121406 ) ) ;
#6828 = PRESENTATION_STYLE_ASSIGNMENT (( #3637 ) ) ;
#6829 = CARTESIAN_POINT ( 'NONE',  ( 0.2666411873824114376, -0.4052592521765831513, 1.721732169736483131 ) ) ;
#6830 = DIRECTION ( 'NONE',  ( 0.6663196743247735698, 2.696405268330496621E-15, -0.7456662065614397816 ) ) ;
#6831 = CARTESIAN_POINT ( 'NONE',  ( -25.39999999999996305, 0.000000000000000000, 0.000000000000000000 ) ) ;
#6832 = FILL_AREA_STYLE_COLOUR ( '', #3852 ) ;
#6833 = DIRECTION ( 'NONE',  ( -0.7456662065614396706, 0.000000000000000000, -0.6663196743247736809 ) ) ;
#6834 = DIRECTION ( 'NONE',  ( 0.000000000000000000, -1.000000000000000000, 0.000000000000000000 ) ) ;
#6835 = STYLED_ITEM ( 'NONE', ( #5629 ), #5209 ) ;
#6836 = EDGE_LOOP ( 'NONE', ( #8425, #3491, #6463, #901 ) ) ;
#6837 = DIRECTION ( 'NONE',  ( -0.9938370308809506559, -0.1108510534444136914, -3.870343844922732447E-16 ) ) ;
#6838 = ADVANCED_FACE ( 'NONE', ( #2292 ), #9612, .T. ) ;
#6839 = UNCERTAINTY_MEASURE_WITH_UNIT (LENGTH_MEASURE( 1.000000000000000082E-05 ), #1263, 'distance_accuracy_value', 'NONE');
#6840 = CARTESIAN_POINT ( 'NONE',  ( -25.39999999999996305, 0.000000000000000000, 1.749999999999999778 ) ) ;
#6841 = ORIENTED_EDGE ( 'NONE', *, *, #2753, .T. ) ;
#6842 = ORIENTED_EDGE ( 'NONE', *, *, #4722, .T. ) ;
#6843 =( LENGTH_UNIT ( ) NAMED_UNIT ( * ) SI_UNIT ( .MILLI., .METRE. ) );
#6844 = CIRCLE ( 'NONE', #5483, 5.437518987584765817 ) ;
#6845 = ORIENTED_EDGE ( 'NONE', *, *, #8478, .F. ) ;
#6846 = DIRECTION ( 'NONE',  ( -0.1108510534444137469, 2.096348086633972484E-17, 0.9938370308809506559 ) ) ;
#6847 = FACE_OUTER_BOUND ( 'NONE', #2857, .T. ) ;
#6848 = FACE_OUTER_BOUND ( 'NONE', #7800, .T. ) ;
#6849 =( LENGTH_UNIT ( ) NAMED_UNIT ( * ) SI_UNIT ( .MILLI., .METRE. ) );
#6850 = CARTESIAN_POINT ( 'NONE',  ( 5.974195292295553905, -0.2313525518329657138, -8.028830871489587498E-16 ) ) ;
#6851 = EDGE_CURVE ( 'NONE', #5776, #9908, #8649, .T. ) ;
#6852 = STYLED_ITEM ( 'NONE', ( #6518 ), #5788 ) ;
#6853 = ITEM_DEFINED_TRANSFORMATION ( 'NONE', 'NONE', #5077,  #5069 ) ;
#6854 = AXIS2_PLACEMENT_3D ( 'NONE', #9569, #4584, #7751 ) ;
#6855 = ORIENTED_EDGE ( 'NONE', *, *, #1465, .F. ) ;
#6856 = DIRECTION ( 'NONE',  ( -1.000000000000000000, -0.000000000000000000, -0.000000000000000000 ) ) ;
#6857 =( GEOMETRIC_REPRESENTATION_CONTEXT ( 3 ) GLOBAL_UNCERTAINTY_ASSIGNED_CONTEXT ( ( #2341 ) ) GLOBAL_UNIT_ASSIGNED_CONTEXT ( ( #5472, #1307, #8087 ) ) REPRESENTATION_CONTEXT ( 'NONE', 'WORKASPACE' ) );
#6858 =( LENGTH_UNIT ( ) NAMED_UNIT ( * ) SI_UNIT ( .MILLI., .METRE. ) );
#6859 = STYLED_ITEM ( 'NONE', ( #2848 ), #5789 ) ;
#6860 = SURFACE_SIDE_STYLE ('',( #3786 ) ) ;
#6861 = COLOUR_RGB ( '',0.7764705882352941346, 0.7568627450980391913, 0.7372549019607843590 ) ;
#6862 = LINE ( 'NONE', #3666, #9038 ) ;
#6863 = EDGE_CURVE ( 'NONE', #9504, #688, #1946, .T. ) ;
#6864 = EDGE_LOOP ( 'NONE', ( #7219, #7419, #609 ) ) ;
#6865 = DIRECTION ( 'NONE',  ( -0.1108510534444137469, -0.9938370308809506559, -3.448999966305766196E-15 ) ) ;
#6866 = STYLED_ITEM ( 'NONE', ( #3521 ), #8877 ) ;
#6867 =( LENGTH_UNIT ( ) NAMED_UNIT ( * ) SI_UNIT ( .MILLI., .METRE. ) );
#6868 = MECHANICAL_DESIGN_GEOMETRIC_PRESENTATION_REPRESENTATION (  '', ( #1343 ), #8693 ) ;
#6869 = ORIENTED_EDGE ( 'NONE', *, *, #4412, .F. ) ;
#6870 = CIRCLE ( 'NONE', #7353, 3.311827956989247479 ) ;
#6871 = DIRECTION ( 'NONE',  ( -0.9938370308809507669, -0.1108510534444137052, 0.000000000000000000 ) ) ;
#6872 = CARTESIAN_POINT ( 'NONE',  ( 0.9968214519863044520, 4.171041651934668579E-16, -3.311827956989247479 ) ) ;
#6873 = ORIENTED_EDGE ( 'NONE', *, *, #4115, .F. ) ;
#6874 = DIRECTION ( 'NONE',  ( -1.000000000000000000, -0.000000000000000000, -0.000000000000000000 ) ) ;
#6875 = CIRCLE ( 'NONE', #6029, 3.500000000000000444 ) ;
#6876 =( NAMED_UNIT ( * ) PLANE_ANGLE_UNIT ( ) SI_UNIT ( $, .RADIAN. ) );
#6877 = AXIS2_PLACEMENT_3D ( 'NONE', #3463, #905, #3522 ) ;
#6878 = PRESENTATION_STYLE_ASSIGNMENT (( #6816 ) ) ;
#6879 = SURFACE_SIDE_STYLE ('',( #2835 ) ) ;
#6880 = MECHANICAL_DESIGN_GEOMETRIC_PRESENTATION_REPRESENTATION (  '', ( #5511 ), #189 ) ;
#6881 = SURFACE_STYLE_FILL_AREA ( #3688 ) ;
#6882 = CIRCLE ( 'NONE', #3713, 5.437518987584765817 ) ;
#6883 = ORIENTED_EDGE ( 'NONE', *, *, #9326, .F. ) ;
#6884 = DIRECTION ( 'NONE',  ( 1.000000000000000000, 0.000000000000000000, 0.000000000000000000 ) ) ;
#6885 =( NAMED_UNIT ( * ) PLANE_ANGLE_UNIT ( ) SI_UNIT ( $, .RADIAN. ) );
#6886 = CARTESIAN_POINT ( 'NONE',  ( 5.974195292295553905, -0.2313525518329657138, -8.028830871489587498E-16 ) ) ;
#6887 = CARTESIAN_POINT ( 'NONE',  ( 1.949999999999999956, 0.2175000000000007205, -0.2174999999999992772 ) ) ;
#6888 =( NAMED_UNIT ( * ) SI_UNIT ( $, .STERADIAN. ) SOLID_ANGLE_UNIT ( ) );
#6889 = MECHANICAL_DESIGN_GEOMETRIC_PRESENTATION_REPRESENTATION (  '', ( #7868 ), #2013 ) ;
#6890 =( GEOMETRIC_REPRESENTATION_CONTEXT ( 3 ) GLOBAL_UNCERTAINTY_ASSIGNED_CONTEXT ( ( #7642 ) ) GLOBAL_UNIT_ASSIGNED_CONTEXT ( ( #1540, #728, #3919 ) ) REPRESENTATION_CONTEXT ( 'NONE', 'WORKASPACE' ) );
#6891 = CARTESIAN_POINT ( 'NONE',  ( 2.599999999999998312, 0.000000000000000000, 0.000000000000000000 ) ) ;
#6892 = CARTESIAN_POINT ( 'NONE',  ( 1.949999999999999956, -0.2175000000000000266, -0.2174999999999999711 ) ) ;
#6893 = DIRECTION ( 'NONE',  ( 0.000000000000000000, 0.000000000000000000, 1.000000000000000000 ) ) ;
#6894 =( LENGTH_UNIT ( ) NAMED_UNIT ( * ) SI_UNIT ( .MILLI., .METRE. ) );
#6895 = ORIENTED_EDGE ( 'NONE', *, *, #3365, .T. ) ;
#6896 = FILL_AREA_STYLE ('',( #3703 ) ) ;
#6897 = VERTEX_POINT ( 'NONE', #8630 ) ;
#6898 = ORIENTED_EDGE ( 'NONE', *, *, #4293, .T. ) ;
#6899 = AXIS2_PLACEMENT_3D ( 'NONE', #5009, #101, #9865 ) ;
#6900 = VECTOR ( 'NONE', #4527, 1000.000000000000000 ) ;
#6901 =( GEOMETRIC_REPRESENTATION_CONTEXT ( 3 ) GLOBAL_UNCERTAINTY_ASSIGNED_CONTEXT ( ( #240 ) ) GLOBAL_UNIT_ASSIGNED_CONTEXT ( ( #1576, #6285, #10207 ) ) REPRESENTATION_CONTEXT ( 'NONE', 'WORKASPACE' ) );
#6902 = CARTESIAN_POINT ( 'NONE',  ( -25.39999999999996305, 0.000000000000000000, 0.000000000000000000 ) ) ;
#6903 = ORIENTED_EDGE ( 'NONE', *, *, #2141, .F. ) ;
#6904 = EDGE_CURVE ( 'NONE', #1212, #1015, #7801, .T. ) ;
#6905 = VECTOR ( 'NONE', #1328, 1000.000000000000000 ) ;
#6906 = CARTESIAN_POINT ( 'NONE',  ( 0.9968214519863044520, -3.311827956989247035, -4.055819506853600563E-16 ) ) ;
#6907 = SURFACE_STYLE_FILL_AREA ( #1350 ) ;
#6908 = DIRECTION ( 'NONE',  ( 0.000000000000000000, 0.000000000000000000, 1.000000000000000000 ) ) ;
#6909 = FACE_OUTER_BOUND ( 'NONE', #2570, .T. ) ;
#6910 =( NAMED_UNIT ( * ) PLANE_ANGLE_UNIT ( ) SI_UNIT ( $, .RADIAN. ) );
#6911 = DIRECTION ( 'NONE',  ( -1.000000000000000000, -0.000000000000000000, -0.000000000000000000 ) ) ;
#6912 = CARTESIAN_POINT ( 'NONE',  ( 0.000000000000000000, -1.959999999999999964, 0.4349999999999996092 ) ) ;
#6913 = PRESENTATION_LAYER_ASSIGNMENT (  '', '', ( #880 ) ) ;
#6914 = ORIENTED_EDGE ( 'NONE', *, *, #7965, .F. ) ;
#6915 = VECTOR ( 'NONE', #9857, 1000.000000000000114 ) ;
#6916 = AXIS2_PLACEMENT_3D ( 'NONE', #2931, #6013, #4467 ) ;
#6917 = EDGE_CURVE ( 'NONE', #2351, #8246, #3982, .T. ) ;
#6918 = SURFACE_STYLE_FILL_AREA ( #5932 ) ;
#6919 = DIRECTION ( 'NONE',  ( 0.6663196743247735698, -0.7456662065614397816, -9.292562311528023527E-17 ) ) ;
#6920 = SURFACE_SIDE_STYLE ('',( #7680 ) ) ;
#6921 =( NAMED_UNIT ( * ) SI_UNIT ( $, .STERADIAN. ) SOLID_ANGLE_UNIT ( ) );
#6922 = ORIENTED_EDGE ( 'NONE', *, *, #2326, .F. ) ;
#6923 = DIRECTION ( 'NONE',  ( -1.000000000000000000, -0.000000000000000000, -0.000000000000000000 ) ) ;
#6924 =( GEOMETRIC_REPRESENTATION_CONTEXT ( 3 ) GLOBAL_UNCERTAINTY_ASSIGNED_CONTEXT ( ( #977 ) ) GLOBAL_UNIT_ASSIGNED_CONTEXT ( ( #1570, #7079, #8777 ) ) REPRESENTATION_CONTEXT ( 'NONE', 'WORKASPACE' ) );
#6925 = VECTOR ( 'NONE', #1422, 1000.000000000000000 ) ;
#6926 = VERTEX_POINT ( 'NONE', #3388 ) ;
#6927 =( NAMED_UNIT ( * ) SI_UNIT ( $, .STERADIAN. ) SOLID_ANGLE_UNIT ( ) );
#6928 = ADVANCED_FACE ( 'NONE', ( #4132 ), #179, .T. ) ;
#6929 = ORIENTED_EDGE ( 'NONE', *, *, #3658, .T. ) ;
#6930 = COLOUR_RGB ( '',0.7764705882352941346, 0.7568627450980391913, 0.7372549019607843590 ) ;
#6931 = STYLED_ITEM ( 'NONE', ( #4566 ), #2088 ) ;
#6932 = PRESENTATION_LAYER_ASSIGNMENT (  '', '', ( #4589 ) ) ;
#6933 = CARTESIAN_POINT ( 'NONE',  ( 0.9968214519863044520, 0.000000000000000000, 0.000000000000000000 ) ) ;
#6934 = DIRECTION ( 'NONE',  ( 0.000000000000000000, 0.000000000000000000, 1.000000000000000000 ) ) ;
#6935 = DIRECTION ( 'NONE',  ( -0.1108510534444137469, -0.9938370308809506559, -3.448999966305766196E-15 ) ) ;
#6936 = DIRECTION ( 'NONE',  ( 0.6663196743247736809, 0.7456662065614397816, 0.000000000000000000 ) ) ;
#6937 =( NAMED_UNIT ( * ) SI_UNIT ( $, .STERADIAN. ) SOLID_ANGLE_UNIT ( ) );
#6938 = AXIS2_PLACEMENT_3D ( 'NONE', #8484, #7804, #3147 ) ;
#6939 = COLOUR_RGB ( '',0.7764705882352941346, 0.7568627450980391913, 0.7372549019607843590 ) ;
#6940 = ORIENTED_EDGE ( 'NONE', *, *, #9883, .F. ) ;
#6941 = EDGE_CURVE ( 'NONE', #8585, #10122, #5458, .T. ) ;
#6942 = LINE ( 'NONE', #6139, #5890 ) ;
#6943 = DIRECTION ( 'NONE',  ( 0.7456662065614396706, 0.6663196743247736809, 0.000000000000000000 ) ) ;
#6944 = DIRECTION ( 'NONE',  ( -0.000000000000000000, 0.000000000000000000, -1.000000000000000000 ) ) ;
#6945 =( LENGTH_UNIT ( ) NAMED_UNIT ( * ) SI_UNIT ( .MILLI., .METRE. ) );
#6946 =( LENGTH_UNIT ( ) NAMED_UNIT ( * ) SI_UNIT ( .MILLI., .METRE. ) );
#6947 = DIRECTION ( 'NONE',  ( 0.000000000000000000, 0.000000000000000000, 1.000000000000000000 ) ) ;
#6948 = COLOUR_RGB ( '',0.7764705882352941346, 0.7568627450980391913, 0.7372549019607843590 ) ;
#6949 = CARTESIAN_POINT ( 'NONE',  ( 1.949999999999999956, -0.2175000000000000266, -0.2174999999999999989 ) ) ;
#6950 =( LENGTH_UNIT ( ) NAMED_UNIT ( * ) SI_UNIT ( .MILLI., .METRE. ) );
#6951 = ORIENTED_EDGE ( 'NONE', *, *, #4098, .F. ) ;
#6952 = UNCERTAINTY_MEASURE_WITH_UNIT (LENGTH_MEASURE( 1.000000000000000082E-05 ), #857, 'distance_accuracy_value', 'NONE');
#6953 = ORIENTED_EDGE ( 'NONE', *, *, #376, .F. ) ;
#6954 = PRODUCT_DEFINITION_CONTEXT ( 'detailed design', #7986, 'design' ) ;
#6955 = ORIENTED_EDGE ( 'NONE', *, *, #7136, .F. ) ;
#6956 = AXIS2_PLACEMENT_3D ( 'NONE', #10189, #6227, #9417 ) ;
#6957 = ORIENTED_EDGE ( 'NONE', *, *, #3462, .T. ) ;
#6958 = DIRECTION ( 'NONE',  ( -0.9938370308809506559, 0.000000000000000000, 0.1108510534444136914 ) ) ;
#6959 = DIRECTION ( 'NONE',  ( 1.000000000000000000, 0.000000000000000000, 0.000000000000000000 ) ) ;
#6960 = SURFACE_SIDE_STYLE ('',( #8564 ) ) ;
#6961 = FILL_AREA_STYLE ('',( #3558 ) ) ;
#6962 = SURFACE_SIDE_STYLE ('',( #1494 ) ) ;
#6963 = VECTOR ( 'NONE', #81, 1000.000000000000114 ) ;
#6964 = SURFACE_SIDE_STYLE ('',( #3775 ) ) ;
#6965 = EDGE_CURVE ( 'NONE', #6085, #8093, #4650, .T. ) ;
#6966 = EDGE_CURVE ( 'NONE', #8351, #5694, #5612, .T. ) ;
#6967 = UNCERTAINTY_MEASURE_WITH_UNIT (LENGTH_MEASURE( 1.000000000000000082E-05 ), #1554, 'distance_accuracy_value', 'NONE');
#6968 = ORIENTED_EDGE ( 'NONE', *, *, #3061, .T. ) ;
#6969 = CARTESIAN_POINT ( 'NONE',  ( 0.000000000000000000, 1.959999999999999964, -0.4350000000000000533 ) ) ;
#6970 = FILL_AREA_STYLE ('',( #5274 ) ) ;
#6971 = DIRECTION ( 'NONE',  ( -0.9938370308809507669, 0.000000000000000000, 0.1108510534444137052 ) ) ;
#6972 = CARTESIAN_POINT ( 'NONE',  ( 0.2666411873824114376, 0.4052592521765713274, 1.721732169736487794 ) ) ;
#6973 = DIRECTION ( 'NONE',  ( 0.000000000000000000, 0.000000000000000000, 1.000000000000000000 ) ) ;
#6974 =( NAMED_UNIT ( * ) SI_UNIT ( $, .STERADIAN. ) SOLID_ANGLE_UNIT ( ) );
#6975 = FILL_AREA_STYLE ('',( #4567 ) ) ;
#6976 = VERTEX_POINT ( 'NONE', #3202 ) ;
#6977 = CARTESIAN_POINT ( 'NONE',  ( 2.599999999999998312, 0.000000000000000000, 0.000000000000000000 ) ) ;
#6978 = FILL_AREA_STYLE ('',( #8266 ) ) ;
#6979 = EDGE_CURVE ( 'NONE', #8585, #1293, #9683, .T. ) ;
#6980 = ORIENTED_EDGE ( 'NONE', *, *, #8200, .F. ) ;
#6981 = CLOSED_SHELL ( 'NONE', ( #6380, #2082, #5789, #7526, #9509, #6239, #7953, #7262, #5961, #2281, #10223, #6602, #3857, #4060, #1456, #2644, #9809, #8696, #10000, #8886, #4604, #465, #6640 ) ) ;
#6982 = AXIS2_PLACEMENT_3D ( 'NONE', #6892, #9330, #2902 ) ;
#6983 = SURFACE_STYLE_FILL_AREA ( #5287 ) ;
#6984 = SURFACE_SIDE_STYLE ('',( #3744 ) ) ;
#6985 = CARTESIAN_POINT ( 'NONE',  ( 12.60000000000000320, 0.000000000000000000, 0.000000000000000000 ) ) ;
#6986 = EDGE_LOOP ( 'NONE', ( #8959, #7676, #8775, #5944, #9196 ) ) ;
#6987 = AXIS2_PLACEMENT_3D ( 'NONE', #2136, #8525, #1376 ) ;
#6988 =( GEOMETRIC_REPRESENTATION_CONTEXT ( 3 ) GLOBAL_UNCERTAINTY_ASSIGNED_CONTEXT ( ( #1798 ) ) GLOBAL_UNIT_ASSIGNED_CONTEXT ( ( #1713, #4908, #6574 ) ) REPRESENTATION_CONTEXT ( 'NONE', 'WORKASPACE' ) );
#6989 = CARTESIAN_POINT ( 'NONE',  ( 0.000000000000000000, -0.4350000000000069367, 1.959999999999998188 ) ) ;
#6990 = CARTESIAN_POINT ( 'NONE',  ( 5.974195292295553905, -0.2313525518329657138, -8.028830871489587498E-16 ) ) ;
#6991 = DIRECTION ( 'NONE',  ( -1.000000000000000000, -0.000000000000000000, -0.000000000000000000 ) ) ;
#6992 = ORIENTED_EDGE ( 'NONE', *, *, #8927, .F. ) ;
#6993 = ADVANCED_FACE ( 'NONE', ( #8010 ), #4620, .T. ) ;
#6994 = CARTESIAN_POINT ( 'NONE',  ( 0.9968214519863044520, 0.000000000000000000, 3.311827956989247479 ) ) ;
#6995 = ORIENTED_EDGE ( 'NONE', *, *, #5442, .T. ) ;
#6996 = MECHANICAL_DESIGN_GEOMETRIC_PRESENTATION_REPRESENTATION (  '', ( #9983 ), #3998 ) ;
#6997 = ORIENTED_EDGE ( 'NONE', *, *, #3962, .T. ) ;
#6998 = ORIENTED_EDGE ( 'NONE', *, *, #5499, .F. ) ;
#6999 = PLANE ( 'NONE',  #898 ) ;
#7000 = CARTESIAN_POINT ( 'NONE',  ( 4.309938594911940868, 1.891316923914901471, 2.356976916973721757E-16 ) ) ;
#7001 = CARTESIAN_POINT ( 'NONE',  ( 1.347043950347263763, 0.000000000000000000, 3.080000000000000515 ) ) ;
#7002 = CARTESIAN_POINT ( 'NONE',  ( 2.599999999999998312, 0.000000000000000000, 0.000000000000000000 ) ) ;
#7003 = FILL_AREA_STYLE ('',( #5424 ) ) ;
#7004 = VECTOR ( 'NONE', #8636, 1000.000000000000000 ) ;
#7005 = ORIENTED_EDGE ( 'NONE', *, *, #7661, .F. ) ;
#7006 = STYLED_ITEM ( 'NONE', ( #2323 ), #4926 ) ;
#7007 = STYLED_ITEM ( 'NONE', ( #220 ), #1072 ) ;
#7008 = EDGE_LOOP ( 'NONE', ( #1953, #9931, #8104 ) ) ;
#7009 = EDGE_CURVE ( 'NONE', #352, #9841, #2796, .T. ) ;
#7010 =( LENGTH_UNIT ( ) NAMED_UNIT ( * ) SI_UNIT ( .MILLI., .METRE. ) );
#7011 = SURFACE_STYLE_USAGE ( .BOTH. , #3125 ) ;
#7012 = PRESENTATION_STYLE_ASSIGNMENT (( #7200 ) ) ;
#7013 = ORIENTED_EDGE ( 'NONE', *, *, #2119, .T. ) ;
#7014 = MECHANICAL_DESIGN_GEOMETRIC_PRESENTATION_REPRESENTATION (  '', ( #6007 ), #4682 ) ;
#7015 = SURFACE_SIDE_STYLE ('',( #4414 ) ) ;
#7016 = VERTEX_POINT ( 'NONE', #607 ) ;
#7017 = PRESENTATION_LAYER_ASSIGNMENT (  '', '', ( #5831 ) ) ;
#7018 = SURFACE_STYLE_USAGE ( .BOTH. , #839 ) ;
#7019 = CIRCLE ( 'NONE', #8335, 3.311827956989247479 ) ;
#7020 = PRESENTATION_LAYER_ASSIGNMENT (  '', '', ( #5475 ) ) ;
#7021 = DIRECTION ( 'NONE',  ( 0.9938370308809507669, -0.1108510534444137746, 0.000000000000000000 ) ) ;
#7022 = FILL_AREA_STYLE ('',( #8588 ) ) ;
#7023 = AXIS2_PLACEMENT_3D ( 'NONE', #2663, #9102, #4418 ) ;
#7024 = CARTESIAN_POINT ( 'NONE',  ( 0.2666411873824114376, 0.4052592521765831513, -1.721732169736484019 ) ) ;
#7025 = ADVANCED_FACE ( 'NONE', ( #6661 ), #9266, .T. ) ;
#7026 = SHAPE_REPRESENTATION_RELATIONSHIP ( 'NONE' , 'NONE' ,  #4192, #5692 ) ;
#7027 = EDGE_CURVE ( 'NONE', #4517, #8709, #2797, .T. ) ;
#7028 = PRESENTATION_STYLE_ASSIGNMENT (( #2198 ) ) ;
#7029 = MECHANICAL_DESIGN_GEOMETRIC_PRESENTATION_REPRESENTATION (  '', ( #4025 ), #8164 ) ;
#7030 = DIRECTION ( 'NONE',  ( 0.7456662065614396706, 0.6663196743247736809, 0.000000000000000000 ) ) ;
#7031 = CARTESIAN_POINT ( 'NONE',  ( 1.347043950347265318, 0.000000000000000000, 0.000000000000000000 ) ) ;
#7032 = AXIS2_PLACEMENT_3D ( 'NONE', #1013, #5094, #9956 ) ;
#7033 = ORIENTED_EDGE ( 'NONE', *, *, #1211, .T. ) ;
#7034 = PRESENTATION_LAYER_ASSIGNMENT (  '', '', ( #5504 ) ) ;
#7035 =( NAMED_UNIT ( * ) PLANE_ANGLE_UNIT ( ) SI_UNIT ( $, .RADIAN. ) );
#7036 = DIRECTION ( 'NONE',  ( 1.000000000000000000, 0.000000000000000000, 0.000000000000000000 ) ) ;
#7037 =( LENGTH_UNIT ( ) NAMED_UNIT ( * ) SI_UNIT ( .MILLI., .METRE. ) );
#7038 = EDGE_CURVE ( 'NONE', #4388, #9949, #1240, .T. ) ;
#7039 = AXIS2_PLACEMENT_3D ( 'NONE', #6083, #2089, #8202 ) ;
#7040 = CARTESIAN_POINT ( 'NONE',  ( -25.39999999999996305, 0.000000000000000000, 1.749999999999999778 ) ) ;
#7041 = CARTESIAN_POINT ( 'NONE',  ( 0.9968214519863044520, 0.000000000000000000, 3.311827956989247479 ) ) ;
#7042 = DIRECTION ( 'NONE',  ( -0.000000000000000000, 0.000000000000000000, 1.000000000000000000 ) ) ;
#7043 = AXIS2_PLACEMENT_3D ( 'NONE', #5902, #3330, #7462 ) ;
#7044 = ORIENTED_EDGE ( 'NONE', *, *, #2939, .T. ) ;
#7045 = MECHANICAL_DESIGN_GEOMETRIC_PRESENTATION_REPRESENTATION (  '', ( #2010 ), #9854 ) ;
#7046 = UNCERTAINTY_MEASURE_WITH_UNIT (LENGTH_MEASURE( 1.000000000000000082E-05 ), #3160, 'distance_accuracy_value', 'NONE');
#7047 = VERTEX_POINT ( 'NONE', #10008 ) ;
#7048 = STYLED_ITEM ( 'NONE', ( #330 ), #7625 ) ;
#7049 = ORIENTED_EDGE ( 'NONE', *, *, #9394, .T. ) ;
#7050 = ADVANCED_FACE ( 'NONE', ( #2855 ), #9126, .F. ) ;
#7051 = AXIS2_PLACEMENT_3D ( 'NONE', #4954, #6519, #8122 ) ;
#7052 = CARTESIAN_POINT ( 'NONE',  ( 0.9968214519863044520, 3.311827956989247479, 0.000000000000000000 ) ) ;
#7053 = CARTESIAN_POINT ( 'NONE',  ( 0.2553644383338094515, 1.731808957027352269, 0.000000000000000000 ) ) ;
#7054 = LINE ( 'NONE', #8664, #1439 ) ;
#7055 = CARTESIAN_POINT ( 'NONE',  ( -25.39999999999996305, 0.000000000000000000, 3.500000000000000444 ) ) ;
#7056 = ITEM_DEFINED_TRANSFORMATION ( 'NONE', 'NONE', #3415,  #5069 ) ;
#7057 = UNCERTAINTY_MEASURE_WITH_UNIT (LENGTH_MEASURE( 1.000000000000000082E-05 ), #1979, 'distance_accuracy_value', 'NONE');
#7058 = VECTOR ( 'NONE', #2834, 1000.000000000000000 ) ;
#7059 = ORIENTED_EDGE ( 'NONE', *, *, #2784, .T. ) ;
#7060 = VERTEX_POINT ( 'NONE', #1741 ) ;
#7061 = DIRECTION ( 'NONE',  ( -0.9938370308809507669, 0.000000000000000000, 0.1108510534444137052 ) ) ;
#7062 =( GEOMETRIC_REPRESENTATION_CONTEXT ( 3 ) GLOBAL_UNCERTAINTY_ASSIGNED_CONTEXT ( ( #6092 ) ) GLOBAL_UNIT_ASSIGNED_CONTEXT ( ( #5400, #8378, #715 ) ) REPRESENTATION_CONTEXT ( 'NONE', 'WORKASPACE' ) );
#7063 = DIRECTION ( 'NONE',  ( 0.7431005017819711789, 0.08288428673722224305, -0.6640269868487610472 ) ) ;
#7064 = CIRCLE ( 'NONE', #5881, 5.995482475482741158 ) ;
#7065 = DIRECTION ( 'NONE',  ( -1.000000000000000000, -0.000000000000000000, -0.000000000000000000 ) ) ;
#7066 = PRESENTATION_STYLE_ASSIGNMENT (( #7115 ) ) ;
#7067 = DIRECTION ( 'NONE',  ( 0.000000000000000000, 0.000000000000000000, -1.000000000000000000 ) ) ;
#7068 = DIRECTION ( 'NONE',  ( -1.000000000000000000, 0.000000000000000000, -0.000000000000000000 ) ) ;
#7069 = ORIENTED_EDGE ( 'NONE', *, *, #7329, .F. ) ;
#7070 = STYLED_ITEM ( 'NONE', ( #5652 ), #9870 ) ;
#7071 = DIRECTION ( 'NONE',  ( 0.6663196743247735698, 0.7456662065614397816, 0.000000000000000000 ) ) ;
#7072 = UNCERTAINTY_MEASURE_WITH_UNIT (LENGTH_MEASURE( 1.000000000000000082E-05 ), #2622, 'distance_accuracy_value', 'NONE');
#7073 = COLOUR_RGB ( '',0.7764705882352941346, 0.7568627450980391913, 0.7372549019607843590 ) ;
#7074 = ORIENTED_EDGE ( 'NONE', *, *, #7702, .F. ) ;
#7075 = VECTOR ( 'NONE', #5281, 1000.000000000000000 ) ;
#7076 = PRESENTATION_STYLE_ASSIGNMENT (( #7018 ) ) ;
#7077 = CARTESIAN_POINT ( 'NONE',  ( 0.9968214519863044520, -3.311827956989247035, -4.055819506853600563E-16 ) ) ;
#7078 = DIRECTION ( 'NONE',  ( -0.9938370308809507669, -0.1108510534444137052, 0.000000000000000000 ) ) ;
#7079 =( NAMED_UNIT ( * ) PLANE_ANGLE_UNIT ( ) SI_UNIT ( $, .RADIAN. ) );
#7080 = VECTOR ( 'NONE', #5365, 1000.000000000000000 ) ;
#7081 =( GEOMETRIC_REPRESENTATION_CONTEXT ( 3 ) GLOBAL_UNCERTAINTY_ASSIGNED_CONTEXT ( ( #3812 ) ) GLOBAL_UNIT_ASSIGNED_CONTEXT ( ( #1652, #6221, #7826 ) ) REPRESENTATION_CONTEXT ( 'NONE', 'WORKASPACE' ) );
#7082 = VECTOR ( 'NONE', #4463, 1000.000000000000000 ) ;
#7083 = DIRECTION ( 'NONE',  ( 0.6663196743247735698, -2.603479645215216163E-15, 0.7456662065614397816 ) ) ;
#7084 = SURFACE_STYLE_FILL_AREA ( #4676 ) ;
#7085 =( NAMED_UNIT ( * ) SI_UNIT ( $, .STERADIAN. ) SOLID_ANGLE_UNIT ( ) );
#7086 = EDGE_CURVE ( 'NONE', #7366, #2661, #874, .T. ) ;
#7087 = EDGE_CURVE ( 'NONE', #7407, #4114, #9543, .T. ) ;
#7088 = EDGE_LOOP ( 'NONE', ( #1981, #6998, #3746, #141, #10183 ) ) ;
#7089 = CIRCLE ( 'NONE', #9571, 5.437518987584764929 ) ;
#7090 = VECTOR ( 'NONE', #636, 1000.000000000000000 ) ;
#7091 = COLOUR_RGB ( '',0.7764705882352941346, 0.7568627450980391913, 0.7372549019607843590 ) ;
#7092 = DIRECTION ( 'NONE',  ( 1.000000000000000000, 0.000000000000000000, 0.000000000000000000 ) ) ;
#7093 =( NAMED_UNIT ( * ) SI_UNIT ( $, .STERADIAN. ) SOLID_ANGLE_UNIT ( ) );
#7094 = DIRECTION ( 'NONE',  ( -0.000000000000000000, 0.000000000000000000, 1.000000000000000000 ) ) ;
#7095 = SURFACE_SIDE_STYLE ('',( #9385 ) ) ;
#7096 =( GEOMETRIC_REPRESENTATION_CONTEXT ( 3 ) GLOBAL_UNCERTAINTY_ASSIGNED_CONTEXT ( ( #575 ) ) GLOBAL_UNIT_ASSIGNED_CONTEXT ( ( #10326, #4791, #10127 ) ) REPRESENTATION_CONTEXT ( 'NONE', 'WORKASPACE' ) );
#7097 =( GEOMETRIC_REPRESENTATION_CONTEXT ( 3 ) GLOBAL_UNCERTAINTY_ASSIGNED_CONTEXT ( ( #2223 ) ) GLOBAL_UNIT_ASSIGNED_CONTEXT ( ( #60, #1668, #4674 ) ) REPRESENTATION_CONTEXT ( 'NONE', 'WORKASPACE' ) );
#7098 = VERTEX_POINT ( 'NONE', #4268 ) ;
#7099 = PRESENTATION_LAYER_ASSIGNMENT (  '', '', ( #8915 ) ) ;
#7100 = ADVANCED_FACE ( 'NONE', ( #9726 ), #8314, .T. ) ;
#7101 = ORIENTED_EDGE ( 'NONE', *, *, #7644, .F. ) ;
#7102 = DIRECTION ( 'NONE',  ( -1.000000000000000000, -0.000000000000000000, -0.000000000000000000 ) ) ;
#7103 = VECTOR ( 'NONE', #4322, 1000.000000000000000 ) ;
#7104 = CARTESIAN_POINT ( 'NONE',  ( 2.599999999999998312, 4.286263797015736595E-16, -3.500000000000000000 ) ) ;
#7105 = SURFACE_STYLE_USAGE ( .BOTH. , #10077 ) ;
#7106 = FILL_AREA_STYLE_COLOUR ( '', #9443 ) ;
#7107 = SURFACE_STYLE_USAGE ( .BOTH. , #820 ) ;
#7108 = MECHANICAL_DESIGN_GEOMETRIC_PRESENTATION_REPRESENTATION (  '', ( #7605 ), #7435 ) ;
#7109 = SURFACE_SIDE_STYLE ('',( #8671 ) ) ;
#7110 = FILL_AREA_STYLE ('',( #3935 ) ) ;
#7111 = SURFACE_STYLE_USAGE ( .BOTH. , #8674 ) ;
#7112 = DIRECTION ( 'NONE',  ( 0.000000000000000000, 0.000000000000000000, 1.000000000000000000 ) ) ;
#7113 = AXIS2_PLACEMENT_3D ( 'NONE', #5907, #3333, #7464 ) ;
#7114 = DIRECTION ( 'NONE',  ( 0.000000000000000000, 0.000000000000000000, 1.000000000000000000 ) ) ;
#7115 = SURFACE_STYLE_USAGE ( .BOTH. , #3173 ) ;
#7116 = PRESENTATION_STYLE_ASSIGNMENT (( #5616 ) ) ;
#7117 = CARTESIAN_POINT ( 'NONE',  ( 0.9968214519863044520, 0.000000000000000000, 3.311827956989247479 ) ) ;
#7118 = ORIENTED_EDGE ( 'NONE', *, *, #10003, .F. ) ;
#7119 = VERTEX_POINT ( 'NONE', #122 ) ;
#7120 = EDGE_CURVE ( 'NONE', #2569, #124, #720, .T. ) ;
#7121 = ORIENTED_EDGE ( 'NONE', *, *, #2167, .T. ) ;
#7122 =( GEOMETRIC_REPRESENTATION_CONTEXT ( 3 ) GLOBAL_UNCERTAINTY_ASSIGNED_CONTEXT ( ( #3602 ) ) GLOBAL_UNIT_ASSIGNED_CONTEXT ( ( #6303, #4698, #7819 ) ) REPRESENTATION_CONTEXT ( 'NONE', 'WORKASPACE' ) );
#7123 = DIRECTION ( 'NONE',  ( 0.9877866216249069353, 0.1101762001043169042, -0.1101762001043164879 ) ) ;
#7124 = PRESENTATION_STYLE_ASSIGNMENT (( #3948 ) ) ;
#7125 = PRODUCT_DEFINITION_SHAPE ( 'NONE', 'NONE',  #3100 ) ;
#7126 = DIRECTION ( 'NONE',  ( -0.1108510534444137469, 2.096348086633972484E-17, 0.9938370308809506559 ) ) ;
#7127 = SURFACE_STYLE_FILL_AREA ( #753 ) ;
#7128 = FACE_OUTER_BOUND ( 'NONE', #2400, .T. ) ;
#7129 = CARTESIAN_POINT ( 'NONE',  ( 0.2666411873824114376, 0.4052592521765713274, 1.721732169736487794 ) ) ;
#7130 = DIRECTION ( 'NONE',  ( 0.7456662065614397816, -2.326442708608981349E-15, 0.6663196743247735698 ) ) ;
#7131 = CARTESIAN_POINT ( 'NONE',  ( 18.60000000000000142, 2.143131898507868051E-16, -1.749999999999999778 ) ) ;
#7132 = FILL_AREA_STYLE_COLOUR ( '', #2064 ) ;
#7133 =( NAMED_UNIT ( * ) SI_UNIT ( $, .STERADIAN. ) SOLID_ANGLE_UNIT ( ) );
#7134 = CARTESIAN_POINT ( 'NONE',  ( 2.193400286944045430, 4.336808689942017736E-16, 0.1903515064562409931 ) ) ;
#7135 = FILL_AREA_STYLE_COLOUR ( '', #629 ) ;
#7136 = EDGE_CURVE ( 'NONE', #7780, #9410, #4217, .T. ) ;
#7137 = ORIENTED_EDGE ( 'NONE', *, *, #4237, .F. ) ;
#7138 = DIRECTION ( 'NONE',  ( 0.9938370308809506559, -0.1108510534444137469, -3.870343844922734420E-16 ) ) ;
#7139 = UNCERTAINTY_MEASURE_WITH_UNIT (LENGTH_MEASURE( 1.000000000000000082E-05 ), #5579, 'distance_accuracy_value', 'NONE');
#7140 = ORIENTED_EDGE ( 'NONE', *, *, #5336, .F. ) ;
#7141 = CARTESIAN_POINT ( 'NONE',  ( 4.309938594911940868, 1.891316923914901471, 2.356976916973721757E-16 ) ) ;
#7142 = SURFACE_STYLE_USAGE ( .BOTH. , #2230 ) ;
#7143 = EDGE_CURVE ( 'NONE', #8816, #8255, #8596, .T. ) ;
#7144 = ORIENTED_EDGE ( 'NONE', *, *, #6783, .T. ) ;
#7145 = AXIS2_PLACEMENT_3D ( 'NONE', #6019, #10034, #4516 ) ;
#7146 = DIRECTION ( 'NONE',  ( -0.7456662065614397816, 0.6663196743247735698, 0.000000000000000000 ) ) ;
#7147 = COLOUR_RGB ( '',0.7764705882352941346, 0.7568627450980391913, 0.7372549019607843590 ) ;
#7148 =( LENGTH_UNIT ( ) NAMED_UNIT ( * ) SI_UNIT ( .MILLI., .METRE. ) );
#7149 = DIRECTION ( 'NONE',  ( -0.1108510534444137469, 2.096348086633972484E-17, 0.9938370308809506559 ) ) ;
#7150 = EDGE_CURVE ( 'NONE', #4114, #7407, #2193, .T. ) ;
#7151 = VERTEX_POINT ( 'NONE', #9990 ) ;
#7152 = AXIS2_PLACEMENT_3D ( 'NONE', #6752, #934, #301 ) ;
#7153 = SURFACE_SIDE_STYLE ('',( #4859 ) ) ;
#7154 = MECHANICAL_DESIGN_GEOMETRIC_PRESENTATION_REPRESENTATION (  '', ( #8136 ), #1473 ) ;
#7155 = VECTOR ( 'NONE', #1173, 1000.000000000000000 ) ;
#7156 = UNCERTAINTY_MEASURE_WITH_UNIT (LENGTH_MEASURE( 1.000000000000000082E-05 ), #2954, 'distance_accuracy_value', 'NONE');
#7157 = ORIENTED_EDGE ( 'NONE', *, *, #5716, .F. ) ;
#7158 = FILL_AREA_STYLE_COLOUR ( '', #4891 ) ;
#7159 =( LENGTH_UNIT ( ) NAMED_UNIT ( * ) SI_UNIT ( .MILLI., .METRE. ) );
#7160 = PLANE ( 'NONE',  #8347 ) ;
#7161 = PRESENTATION_LAYER_ASSIGNMENT (  '', '', ( #8826 ) ) ;
#7162 =( NAMED_UNIT ( * ) PLANE_ANGLE_UNIT ( ) SI_UNIT ( $, .RADIAN. ) );
#7163 = COLOUR_RGB ( '',0.7764705882352941346, 0.7568627450980391913, 0.7372549019607843590 ) ;
#7164 = EDGE_CURVE ( 'NONE', #10143, #7770, #4229, .T. ) ;
#7165 = AXIS2_PLACEMENT_3D ( 'NONE', #4976, #948, #9105 ) ;
#7166 = SURFACE_STYLE_FILL_AREA ( #6330 ) ;
#7167 = CARTESIAN_POINT ( 'NONE',  ( 1.949999999999999956, 0.2175000000000007205, -0.2174999999999992772 ) ) ;
#7168 = FILL_AREA_STYLE_COLOUR ( '', #1650 ) ;
#7169 = MECHANICAL_DESIGN_GEOMETRIC_PRESENTATION_REPRESENTATION (  '', ( #3331 ), #6857 ) ;
#7170 = AXIS2_PLACEMENT_3D ( 'NONE', #9434, #8547, #9387 ) ;
#7171 = ORIENTED_EDGE ( 'NONE', *, *, #1647, .T. ) ;
#7172 = DIRECTION ( 'NONE',  ( 0.000000000000000000, 0.000000000000000000, 1.000000000000000000 ) ) ;
#7173 = CARTESIAN_POINT ( 'NONE',  ( 0.2666411873824114376, 0.4052592521765713274, 1.721732169736487794 ) ) ;
#7174 = DIRECTION ( 'NONE',  ( 0.000000000000000000, 0.000000000000000000, 1.000000000000000000 ) ) ;
#7175 = CARTESIAN_POINT ( 'NONE',  ( 1.949999999999999956, -0.2175000000000000266, -0.2174999999999999989 ) ) ;
#7176 = AXIS2_PLACEMENT_3D ( 'NONE', #1083, #6690, #8238 ) ;
#7177 = CARTESIAN_POINT ( 'NONE',  ( 0.03111693966988560850, 0.4315292644214372975, -0.4315292644214357431 ) ) ;
#7178 = ORIENTED_EDGE ( 'NONE', *, *, #3730, .T. ) ;
#7179 = COLOUR_RGB ( '',0.7764705882352941346, 0.7568627450980391913, 0.7372549019607843590 ) ;
#7180 = DIRECTION ( 'NONE',  ( -0.9938370308809506559, -0.1108510534444136914, -3.870343844922732447E-16 ) ) ;
#7181 = CARTESIAN_POINT ( 'NONE',  ( 4.309938594911940868, 1.891316923914901471, 2.356976916973721757E-16 ) ) ;
#7182 = MECHANICAL_DESIGN_GEOMETRIC_PRESENTATION_REPRESENTATION (  '', ( #5013 ), #8012 ) ;
#7183 = ORIENTED_EDGE ( 'NONE', *, *, #440, .T. ) ;
#7184 = FACE_OUTER_BOUND ( 'NONE', #3702, .T. ) ;
#7185 =( LENGTH_UNIT ( ) NAMED_UNIT ( * ) SI_UNIT ( .MILLI., .METRE. ) );
#7186 = SURFACE_SIDE_STYLE ('',( #8018 ) ) ;
#7187 = COLOUR_RGB ( '',0.7764705882352941346, 0.7568627450980391913, 0.7372549019607843590 ) ;
#7188 = FACE_OUTER_BOUND ( 'NONE', #4333, .T. ) ;
#7189 = DIRECTION ( 'NONE',  ( 0.000000000000000000, 0.000000000000000000, 1.000000000000000000 ) ) ;
#7190 = COLOUR_RGB ( '',0.7764705882352941346, 0.7568627450980391913, 0.7372549019607843590 ) ;
#7191 =( NAMED_UNIT ( * ) SI_UNIT ( $, .STERADIAN. ) SOLID_ANGLE_UNIT ( ) );
#7192 = ORIENTED_EDGE ( 'NONE', *, *, #5233, .T. ) ;
#7193 = CIRCLE ( 'NONE', #8867, 5.995482475482741158 ) ;
#7194 = EDGE_CURVE ( 'NONE', #1360, #4451, #1696, .T. ) ;
#7195 = EDGE_CURVE ( 'NONE', #1774, #275, #4425, .T. ) ;
#7196 = PRESENTATION_LAYER_ASSIGNMENT (  '', '', ( #5864 ) ) ;
#7197 = FILL_AREA_STYLE ('',( #6365 ) ) ;
#7198 =( NAMED_UNIT ( * ) PLANE_ANGLE_UNIT ( ) SI_UNIT ( $, .RADIAN. ) );
#7199 = FACE_OUTER_BOUND ( 'NONE', #8442, .T. ) ;
#7200 = SURFACE_STYLE_USAGE ( .BOTH. , #6018 ) ;
#7201 = STYLED_ITEM ( 'NONE', ( #6275 ), #7704 ) ;
#7202 = STYLED_ITEM ( 'NONE', ( #8561 ), #9447 ) ;
#7203 = DIRECTION ( 'NONE',  ( -0.1108510534444137469, -0.9938370308809506559, -3.448999966305766196E-15 ) ) ;
#7204 = ORIENTED_EDGE ( 'NONE', *, *, #5309, .T. ) ;
#7205 = STYLED_ITEM ( 'NONE', ( #1809 ), #6650 ) ;
#7206 = PLANE ( 'NONE',  #1605 ) ;
#7207 = ORIENTED_EDGE ( 'NONE', *, *, #4160, .F. ) ;
#7208 = EDGE_CURVE ( 'NONE', #3790, #8154, #8199, .T. ) ;
#7209 = CARTESIAN_POINT ( 'NONE',  ( 2.599999999999998312, 2.143131898507868051E-16, -1.749999999999999778 ) ) ;
#7210 = CIRCLE ( 'NONE', #725, 5.437518987584764929 ) ;
#7211 = CARTESIAN_POINT ( 'NONE',  ( 0.000000000000000000, -1.959999999999999964, -0.4349999999999999978 ) ) ;
#7212 =( GEOMETRIC_REPRESENTATION_CONTEXT ( 3 ) GLOBAL_UNCERTAINTY_ASSIGNED_CONTEXT ( ( #5983 ) ) GLOBAL_UNIT_ASSIGNED_CONTEXT ( ( #3334, #2131, #6921 ) ) REPRESENTATION_CONTEXT ( 'NONE', 'WORKASPACE' ) );
#7213 = PRESENTATION_STYLE_ASSIGNMENT (( #4050 ) ) ;
#7214 = DIRECTION ( 'NONE',  ( -0.1108510534444137469, 2.096348086633972484E-17, 0.9938370308809506559 ) ) ;
#7215 = AXIS2_PLACEMENT_3D ( 'NONE', #404, #4281, #9059 ) ;
#7216 = CIRCLE ( 'NONE', #1388, 5.995482475482740270 ) ;
#7217 = SURFACE_STYLE_USAGE ( .BOTH. , #6105 ) ;
#7218 = MECHANICAL_DESIGN_GEOMETRIC_PRESENTATION_REPRESENTATION (  '', ( #7897 ), #9888 ) ;
#7219 = ORIENTED_EDGE ( 'NONE', *, *, #818, .T. ) ;
#7220 = ADVANCED_FACE ( 'NONE', ( #10148 ), #560, .T. ) ;
#7221 = DIRECTION ( 'NONE',  ( -1.000000000000000000, -0.000000000000000000, -0.000000000000000000 ) ) ;
#7222 = ORIENTED_EDGE ( 'NONE', *, *, #9947, .T. ) ;
#7223 = MECHANICAL_DESIGN_GEOMETRIC_PRESENTATION_REPRESENTATION (  '', ( #1398 ), #4896 ) ;
#7224 = AXIS2_PLACEMENT_3D ( 'NONE', #1019, #3271, #5664 ) ;
#7225 = CARTESIAN_POINT ( 'NONE',  ( 2.193400286944045430, 0.1903515064562410486, 2.309278636184420884E-16 ) ) ;
#7226 = CARTESIAN_POINT ( 'NONE',  ( 2.599999999999998312, 0.000000000000000000, 0.000000000000000000 ) ) ;
#7227 = DIRECTION ( 'NONE',  ( 0.000000000000000000, 0.000000000000000000, 1.000000000000000000 ) ) ;
#7228 = LINE ( 'NONE', #3148, #3682 ) ;
#7229 = DIRECTION ( 'NONE',  ( 0.000000000000000000, 0.000000000000000000, 1.000000000000000000 ) ) ;
#7230 = VERTEX_POINT ( 'NONE', #2599 ) ;
#7231 = CIRCLE ( 'NONE', #4087, 3.311827956989247479 ) ;
#7232 = UNCERTAINTY_MEASURE_WITH_UNIT (LENGTH_MEASURE( 1.000000000000000082E-05 ), #6458, 'distance_accuracy_value', 'NONE');
#7233 = CIRCLE ( 'NONE', #10081, 1.749999999999999778 ) ;
#7234 = COLOUR_RGB ( '',0.7764705882352941346, 0.7568627450980391913, 0.7372549019607843590 ) ;
#7235 = EDGE_CURVE ( 'NONE', #5462, #6781, #6862, .T. ) ;
#7236 = ORIENTED_EDGE ( 'NONE', *, *, #8090, .F. ) ;
#7237 = SURFACE_STYLE_USAGE ( .BOTH. , #774 ) ;
#7238 = CARTESIAN_POINT ( 'NONE',  ( 2.193400286944045430, 0.1903515064562410486, 2.309278636184420884E-16 ) ) ;
#7239 = COLOUR_RGB ( '',0.7921568627450980005, 0.8196078431372548767, 0.9333333333333333481 ) ;
#7240 = STYLED_ITEM ( 'NONE', ( #4941 ), #2926 ) ;
#7241 = CARTESIAN_POINT ( 'NONE',  ( 2.214116351126373949, 0.1880408685282127790, -0.1880408685282121406 ) ) ;
#7242 = DIRECTION ( 'NONE',  ( -0.9877866216249070463, 0.1101762001043161965, 0.1101762001043165434 ) ) ;
#7243 = DIRECTION ( 'NONE',  ( 0.000000000000000000, 0.000000000000000000, 1.000000000000000000 ) ) ;
#7244 = EDGE_LOOP ( 'NONE', ( #7682, #8783 ) ) ;
#7245 = FILL_AREA_STYLE ('',( #8720 ) ) ;
#7246 = EDGE_LOOP ( 'NONE', ( #464, #956, #5218, #2342 ) ) ;
#7247 = PRESENTATION_LAYER_ASSIGNMENT (  '', '', ( #4759 ) ) ;
#7248 = COLOUR_RGB ( '',0.7921568627450980005, 0.8196078431372548767, 0.9333333333333333481 ) ;
#7249 = PRESENTATION_LAYER_ASSIGNMENT (  '', '', ( #4441 ) ) ;
#7250 = SURFACE_SIDE_STYLE ('',( #3783 ) ) ;
#7251 =( NAMED_UNIT ( * ) PLANE_ANGLE_UNIT ( ) SI_UNIT ( $, .RADIAN. ) );
#7252 = DIRECTION ( 'NONE',  ( 0.9938370308809507669, 0.000000000000000000, 0.1108510534444137746 ) ) ;
#7253 = FILL_AREA_STYLE_COLOUR ( '', #4804 ) ;
#7254 = PRESENTATION_STYLE_ASSIGNMENT (( #92 ) ) ;
#7255 = LINE ( 'NONE', #6750, #4839 ) ;
#7256 = SPHERICAL_SURFACE ( 'NONE', #3366, 6.000000000000000000 ) ;
#7257 = CARTESIAN_POINT ( 'NONE',  ( 0.2666411873824114376, 0.4052592521765713274, 1.721732169736487794 ) ) ;
#7258 = PLANE ( 'NONE',  #1213 ) ;
#7259 = PRESENTATION_LAYER_ASSIGNMENT (  '', '', ( #3426 ) ) ;
#7260 =( LENGTH_UNIT ( ) NAMED_UNIT ( * ) SI_UNIT ( .MILLI., .METRE. ) );
#7261 = PRODUCT_DEFINITION ( 'UNKNOWN', '', #8755, #5161 ) ;
#7262 = ADVANCED_FACE ( 'NONE', ( #6124 ), #1920, .T. ) ;
#7263 = ORIENTED_EDGE ( 'NONE', *, *, #9706, .F. ) ;
#7264 = SURFACE_STYLE_USAGE ( .BOTH. , #7153 ) ;
#7265 = ORIENTED_EDGE ( 'NONE', *, *, #3411, .T. ) ;
#7266 = UNCERTAINTY_MEASURE_WITH_UNIT (LENGTH_MEASURE( 1.000000000000000082E-05 ), #9293, 'distance_accuracy_value', 'NONE');
#7267 = VERTEX_POINT ( 'NONE', #5968 ) ;
#7268 = SURFACE_SIDE_STYLE ('',( #5747 ) ) ;
#7269 = CARTESIAN_POINT ( 'NONE',  ( 1.949999999999999956, 0.2175000000000001377, 0.2174999999999999711 ) ) ;
#7270 = CIRCLE ( 'NONE', #6784, 6.000000000000000000 ) ;
#7271 = CARTESIAN_POINT ( 'NONE',  ( 1.949999999999999956, 0.2175000000000001377, 0.2174999999999999711 ) ) ;
#7272 = CARTESIAN_POINT ( 'NONE',  ( 2.600000000000000089, 1.749999999999999778, 0.000000000000000000 ) ) ;
#7273 = SPHERICAL_SURFACE ( 'NONE', #1486, 6.000000000000000000 ) ;
#7274 = DIRECTION ( 'NONE',  ( 0.9938370308809506559, 0.000000000000000000, 0.1108510534444137469 ) ) ;
#7275 = ADVANCED_FACE ( 'NONE', ( #5172 ), #1146, .T. ) ;
#7276 = SURFACE_STYLE_USAGE ( .BOTH. , #2350 ) ;
#7277 = STYLED_ITEM ( 'NONE', ( #7401 ), #3831 ) ;
#7278 = DIRECTION ( 'NONE',  ( 0.000000000000000000, 0.000000000000000000, 1.000000000000000000 ) ) ;
#7279 = ORIENTED_EDGE ( 'NONE', *, *, #477, .F. ) ;
#7280 = CARTESIAN_POINT ( 'NONE',  ( 1.949999999999999956, 0.2174999999999999989, 0.2174999999999999711 ) ) ;
#7281 = ORIENTED_EDGE ( 'NONE', *, *, #4903, .T. ) ;
#7282 = CARTESIAN_POINT ( 'NONE',  ( 0.9968214519863044520, 4.171041651934668579E-16, -3.311827956989247479 ) ) ;
#7283 = SURFACE_STYLE_USAGE ( .BOTH. , #717 ) ;
#7284 = PRESENTATION_STYLE_ASSIGNMENT (( #6605 ) ) ;
#7285 = DIRECTION ( 'NONE',  ( -0.1108510534444137469, -0.9938370308809506559, -3.448999966305766196E-15 ) ) ;
#7286 = SURFACE_SIDE_STYLE ('',( #5704 ) ) ;
#7287 = ADVANCED_FACE ( 'NONE', ( #1372 ), #3668, .T. ) ;
#7288 = EDGE_LOOP ( 'NONE', ( #5301, #4596, #8613, #1445, #2856 ) ) ;
#7289 = VECTOR ( 'NONE', #8655, 1000.000000000000000 ) ;
#7290 =( NAMED_UNIT ( * ) PLANE_ANGLE_UNIT ( ) SI_UNIT ( $, .RADIAN. ) );
#7291 = PRESENTATION_STYLE_ASSIGNMENT (( #862 ) ) ;
#7292 = VERTEX_POINT ( 'NONE', #6625 ) ;
#7293 = DIRECTION ( 'NONE',  ( 0.000000000000000000, 0.000000000000000000, 1.000000000000000000 ) ) ;
#7294 = SURFACE_STYLE_FILL_AREA ( #3111 ) ;
#7295 = CARTESIAN_POINT ( 'NONE',  ( 2.193400286944045430, -4.336808689942017736E-16, -0.1903515064562410486 ) ) ;
#7296 = DIRECTION ( 'NONE',  ( 0.6663196743247736809, -2.603479645215216163E-15, 0.7456662065614397816 ) ) ;
#7297 = FILL_AREA_STYLE ('',( #1643 ) ) ;
#7298 =( NAMED_UNIT ( * ) PLANE_ANGLE_UNIT ( ) SI_UNIT ( $, .RADIAN. ) );
#7299 = SURFACE_SIDE_STYLE ('',( #7447 ) ) ;
#7300 = SURFACE_STYLE_USAGE ( .BOTH. , #5741 ) ;
#7301 =( NAMED_UNIT ( * ) SI_UNIT ( $, .STERADIAN. ) SOLID_ANGLE_UNIT ( ) );
#7302 = ADVANCED_FACE ( 'NONE', ( #8165 ), #8024, .T. ) ;
#7303 = FILL_AREA_STYLE_COLOUR ( '', #10163 ) ;
#7304 = ORIENTED_EDGE ( 'NONE', *, *, #4602, .T. ) ;
#7305 = VERTEX_POINT ( 'NONE', #6454 ) ;
#7306 = DIRECTION ( 'NONE',  ( -1.000000000000000000, -0.000000000000000000, -0.000000000000000000 ) ) ;
#7307 = CARTESIAN_POINT ( 'NONE',  ( 2.599999999999998312, 4.286263797015736595E-16, -3.500000000000000000 ) ) ;
#7308 = CARTESIAN_POINT ( 'NONE',  ( 0.2553644383338094515, 1.731808957027352269, 0.000000000000000000 ) ) ;
#7309 = SURFACE_STYLE_FILL_AREA ( #4135 ) ;
#7310 = COLOUR_RGB ( '',0.7764705882352941346, 0.7568627450980391913, 0.7372549019607843590 ) ;
#7311 = DIRECTION ( 'NONE',  ( 0.6663196743247736809, 2.696405268330496226E-15, -0.7456662065614397816 ) ) ;
#7312 =( GEOMETRIC_REPRESENTATION_CONTEXT ( 3 ) GLOBAL_UNCERTAINTY_ASSIGNED_CONTEXT ( ( #7566 ) ) GLOBAL_UNIT_ASSIGNED_CONTEXT ( ( #3455, #4204, #2714 ) ) REPRESENTATION_CONTEXT ( 'NONE', 'WORKASPACE' ) );
#7313 = FACE_OUTER_BOUND ( 'NONE', #8346, .T. ) ;
#7314 = SHAPE_DEFINITION_REPRESENTATION ( #7616, #4192 ) ;
#7315 = ORIENTED_EDGE ( 'NONE', *, *, #3073, .T. ) ;
#7316 = VECTOR ( 'NONE', #6669, 1000.000000000000000 ) ;
#7317 = DIRECTION ( 'NONE',  ( 0.7431005017819711789, 0.6640269868487613802, 0.08288428673721986994 ) ) ;
#7318 =( NAMED_UNIT ( * ) SI_UNIT ( $, .STERADIAN. ) SOLID_ANGLE_UNIT ( ) );
#7319 = EDGE_CURVE ( 'NONE', #2960, #3643, #2471, .T. ) ;
#7320 = FILL_AREA_STYLE_COLOUR ( '', #8185 ) ;
#7321 = SURFACE_SIDE_STYLE ('',( #4151 ) ) ;
#7322 = FILL_AREA_STYLE_COLOUR ( '', #8304 ) ;
#7323 = AXIS2_PLACEMENT_3D ( 'NONE', #9431, #2261, #10059 ) ;
#7324 = ORIENTED_EDGE ( 'NONE', *, *, #3294, .F. ) ;
#7325 = FILL_AREA_STYLE_COLOUR ( '', #6223 ) ;
#7326 = PRESENTATION_LAYER_ASSIGNMENT (  '', '', ( #8817 ) ) ;
#7327 = DIRECTION ( 'NONE',  ( -1.000000000000000000, -0.000000000000000000, -0.000000000000000000 ) ) ;
#7328 = AXIS2_PLACEMENT_3D ( 'NONE', #8623, #4026, #5554 ) ;
#7329 = EDGE_CURVE ( 'NONE', #3278, #170, #3547, .T. ) ;
#7330 = EDGE_CURVE ( 'NONE', #2086, #1254, #4882, .T. ) ;
#7331 = CIRCLE ( 'NONE', #8672, 5.995482475482741158 ) ;
#7332 = ORIENTED_EDGE ( 'NONE', *, *, #7831, .F. ) ;
#7333 =( NAMED_UNIT ( * ) SI_UNIT ( $, .STERADIAN. ) SOLID_ANGLE_UNIT ( ) );
#7334 = CARTESIAN_POINT ( 'NONE',  ( 2.193400286944045430, 4.336808689942017736E-16, 0.1903515064562409931 ) ) ;
#7335 = PRESENTATION_STYLE_ASSIGNMENT (( #1106 ) ) ;
#7336 = ORIENTED_EDGE ( 'NONE', *, *, #5598, .T. ) ;
#7337 = AXIS2_PLACEMENT_3D ( 'NONE', #1503, #4564, #7114 ) ;
#7338 = UNCERTAINTY_MEASURE_WITH_UNIT (LENGTH_MEASURE( 1.000000000000000082E-05 ), #4503, 'distance_accuracy_value', 'NONE');
#7339 = CARTESIAN_POINT ( 'NONE',  ( 1.949999999999999956, 0.2175000000000007205, -0.2174999999999992772 ) ) ;
#7340 = CARTESIAN_POINT ( 'NONE',  ( 1.347043950347263763, 3.771912141373848894E-16, -3.080000000000000515 ) ) ;
#7341 = ORIENTED_EDGE ( 'NONE', *, *, #9528, .F. ) ;
#7342 = EDGE_CURVE ( 'NONE', #3734, #8206, #3559, .T. ) ;
#7343 = MECHANICAL_DESIGN_GEOMETRIC_PRESENTATION_REPRESENTATION (  '', ( #1497 ), #6340 ) ;
#7344 = AXIS2_PLACEMENT_3D ( 'NONE', #9900, #4990, #6674 ) ;
#7345 = CYLINDRICAL_SURFACE ( 'NONE', #5997, 1.749999999999999778 ) ;
#7346 = PLANE ( 'NONE',  #6402 ) ;
#7347 = DIRECTION ( 'NONE',  ( -0.000000000000000000, 0.000000000000000000, -1.000000000000000000 ) ) ;
#7348 = DIRECTION ( 'NONE',  ( -0.9938370308809507669, 0.000000000000000000, 0.1108510534444137052 ) ) ;
#7349 = PRESENTATION_LAYER_ASSIGNMENT (  '', '', ( #4361 ) ) ;
#7350 = CARTESIAN_POINT ( 'NONE',  ( 0.2553644383338094515, 1.731808957027352269, 0.000000000000000000 ) ) ;
#7351 = CARTESIAN_POINT ( 'NONE',  ( -25.39999999999996305, 0.000000000000000000, 0.000000000000000000 ) ) ;
#7352 = UNCERTAINTY_MEASURE_WITH_UNIT (LENGTH_MEASURE( 1.000000000000000082E-05 ), #9469, 'distance_accuracy_value', 'NONE');
#7353 = AXIS2_PLACEMENT_3D ( 'NONE', #8825, #1664, #3404 ) ;
#7354 = ORIENTED_EDGE ( 'NONE', *, *, #10323, .F. ) ;
#7355 = ADVANCED_FACE ( 'NONE', ( #9905 ), #7258, .F. ) ;
#7356 = CARTESIAN_POINT ( 'NONE',  ( 2.599999999999998312, 0.000000000000000000, 3.500000000000000000 ) ) ;
#7357 = DIRECTION ( 'NONE',  ( 0.7431005017819711789, -0.6640269868487613802, 0.08288428673721989770 ) ) ;
#7358 =( GEOMETRIC_REPRESENTATION_CONTEXT ( 3 ) GLOBAL_UNCERTAINTY_ASSIGNED_CONTEXT ( ( #3155 ) ) GLOBAL_UNIT_ASSIGNED_CONTEXT ( ( #7851, #7035, #5445 ) ) REPRESENTATION_CONTEXT ( 'NONE', 'WORKASPACE' ) );
#7359 = CARTESIAN_POINT ( 'NONE',  ( 1.949999999999999956, 0.2175000000000001377, 0.2174999999999999711 ) ) ;
#7360 = CARTESIAN_POINT ( 'NONE',  ( 5.974195292295553905, 0.2313525518329656860, 8.370432990360215258E-16 ) ) ;
#7361 = CARTESIAN_POINT ( 'NONE',  ( 5.974195292295553905, 2.619630734554813543E-16, -0.2313525518329656583 ) ) ;
#7362 = PRESENTATION_STYLE_ASSIGNMENT (( #6520 ) ) ;
#7363 = SURFACE_STYLE_USAGE ( .BOTH. , #4190 ) ;
#7364 = CIRCLE ( 'NONE', #5185, 3.500000000000000444 ) ;
#7365 = UNCERTAINTY_MEASURE_WITH_UNIT (LENGTH_MEASURE( 1.000000000000000082E-05 ), #4357, 'distance_accuracy_value', 'NONE');
#7366 = VERTEX_POINT ( 'NONE', #8125 ) ;
#7367 = EDGE_CURVE ( 'NONE', #630, #8684, #2346, .T. ) ;
#7368 = SURFACE_STYLE_FILL_AREA ( #3283 ) ;
#7369 =( NAMED_UNIT ( * ) PLANE_ANGLE_UNIT ( ) SI_UNIT ( $, .RADIAN. ) );
#7370 = FILL_AREA_STYLE_COLOUR ( '', #390 ) ;
#7371 = CIRCLE ( 'NONE', #9697, 6.000000000000000000 ) ;
#7372 = AXIS2_PLACEMENT_3D ( 'NONE', #6576, #1715, #6460 ) ;
#7373 = MECHANICAL_DESIGN_GEOMETRIC_PRESENTATION_REPRESENTATION (  '', ( #2355 ), #1380 ) ;
#7374 = SURFACE_SIDE_STYLE ('',( #1867 ) ) ;
#7375 = FILL_AREA_STYLE_COLOUR ( '', #4837 ) ;
#7376 = CARTESIAN_POINT ( 'NONE',  ( 1.347043950347265318, 0.000000000000000000, 0.000000000000000000 ) ) ;
#7377 = CARTESIAN_POINT ( 'NONE',  ( 0.9968214519863044520, 0.000000000000000000, 0.000000000000000000 ) ) ;
#7378 = AXIS2_PLACEMENT_3D ( 'NONE', #479, #6162, #3565 ) ;
#7379 = COLOUR_RGB ( '',0.7764705882352941346, 0.7568627450980391913, 0.7372549019607843590 ) ;
#7380 = FACE_OUTER_BOUND ( 'NONE', #1924, .T. ) ;
#7381 = SURFACE_STYLE_FILL_AREA ( #5805 ) ;
#7382 = ORIENTED_EDGE ( 'NONE', *, *, #9822, .T. ) ;
#7383 =( NAMED_UNIT ( * ) PLANE_ANGLE_UNIT ( ) SI_UNIT ( $, .RADIAN. ) );
#7384 = FILL_AREA_STYLE ('',( #1052 ) ) ;
#7385 = CARTESIAN_POINT ( 'NONE',  ( 0.000000000000000000, -1.959999999999999964, -0.4349999999999999978 ) ) ;
#7386 = VECTOR ( 'NONE', #4275, 999.9999999999998863 ) ;
#7387 = PLANE ( 'NONE',  #3454 ) ;
#7388 = ADVANCED_FACE ( 'NONE', ( #3394 ), #8967, .F. ) ;
#7389 = EDGE_LOOP ( 'NONE', ( #6397, #6774, #3251 ) ) ;
#7390 = EDGE_CURVE ( 'NONE', #1344, #1181, #2029, .T. ) ;
#7391 = STYLED_ITEM ( 'NONE', ( #3066 ), #9809 ) ;
#7392 = SURFACE_SIDE_STYLE ('',( #5877 ) ) ;
#7393 = VERTEX_POINT ( 'NONE', #5314 ) ;
#7394 = AXIS2_PLACEMENT_3D ( 'NONE', #9924, #2978, #8410 ) ;
#7395 = SURFACE_STYLE_FILL_AREA ( #4892 ) ;
#7396 = FILL_AREA_STYLE ('',( #8271 ) ) ;
#7397 = SURFACE_SIDE_STYLE ('',( #7444 ) ) ;
#7398 = FILL_AREA_STYLE ('',( #4231 ) ) ;
#7399 =( NAMED_UNIT ( * ) SI_UNIT ( $, .STERADIAN. ) SOLID_ANGLE_UNIT ( ) );
#7400 = SURFACE_SIDE_STYLE ('',( #4232 ) ) ;
#7401 = PRESENTATION_STYLE_ASSIGNMENT (( #2520 ) ) ;
#7402 = SURFACE_STYLE_USAGE ( .BOTH. , #4325 ) ;
#7403 = PRESENTATION_LAYER_ASSIGNMENT (  '', '', ( #3215 ) ) ;
#7404 = AXIS2_PLACEMENT_3D ( 'NONE', #1319, #501, #8595 ) ;
#7405 = FILL_AREA_STYLE ('',( #38 ) ) ;
#7406 = EDGE_CURVE ( 'NONE', #6475, #2218, #3531, .T. ) ;
#7407 = VERTEX_POINT ( 'NONE', #8621 ) ;
#7408 = ORIENTED_EDGE ( 'NONE', *, *, #4744, .F. ) ;
#7409 = AXIS2_PLACEMENT_3D ( 'NONE', #2468, #7446, #8272 ) ;
#7410 = LINE ( 'NONE', #5000, #5216 ) ;
#7411 = LINE ( 'NONE', #1655, #3515 ) ;
#7412 =( NAMED_UNIT ( * ) SI_UNIT ( $, .STERADIAN. ) SOLID_ANGLE_UNIT ( ) );
#7413 = DIRECTION ( 'NONE',  ( -0.9938370308809506559, 0.000000000000000000, 0.1108510534444136914 ) ) ;
#7414 = CARTESIAN_POINT ( 'NONE',  ( 0.000000000000000000, -1.959999999999999964, 0.4349999999999996092 ) ) ;
#7415 = ADVANCED_FACE ( 'NONE', ( #4649 ), #5366, .T. ) ;
#7416 = CARTESIAN_POINT ( 'NONE',  ( -25.39999999999996305, 2.143131898507868051E-16, -1.749999999999999778 ) ) ;
#7417 = CIRCLE ( 'NONE', #5412, 5.995482475482741158 ) ;
#7418 =( GEOMETRIC_REPRESENTATION_CONTEXT ( 3 ) GLOBAL_UNCERTAINTY_ASSIGNED_CONTEXT ( ( #1291 ) ) GLOBAL_UNIT_ASSIGNED_CONTEXT ( ( #3495, #2693, #4338 ) ) REPRESENTATION_CONTEXT ( 'NONE', 'WORKASPACE' ) );
#7419 = ORIENTED_EDGE ( 'NONE', *, *, #1634, .T. ) ;
#7420 = ORIENTED_EDGE ( 'NONE', *, *, #5829, .F. ) ;
#7421 = CIRCLE ( 'NONE', #1260, 6.000000000000000000 ) ;
#7422 = CIRCLE ( 'NONE', #8756, 3.500000000000000000 ) ;
#7423 = ADVANCED_FACE ( 'NONE', ( #2175 ), #8023, .T. ) ;
#7424 = PLANE ( 'NONE',  #8308 ) ;
#7425 = CARTESIAN_POINT ( 'NONE',  ( 1.347043950347265318, 0.000000000000000000, 3.500000000000000444 ) ) ;
#7426 = DIRECTION ( 'NONE',  ( -0.7456662065614397816, 0.6663196743247735698, 0.000000000000000000 ) ) ;
#7427 = ORIENTED_EDGE ( 'NONE', *, *, #6863, .T. ) ;
#7428 = STYLED_ITEM ( 'NONE', ( #6439 ), #3310 ) ;
#7429 = PLANE ( 'NONE',  #1662 ) ;
#7430 =( NAMED_UNIT ( * ) SI_UNIT ( $, .STERADIAN. ) SOLID_ANGLE_UNIT ( ) );
#7431 = ORIENTED_EDGE ( 'NONE', *, *, #8647, .T. ) ;
#7432 = PLANE ( 'NONE',  #5913 ) ;
#7433 = DIRECTION ( 'NONE',  ( -1.000000000000000000, -0.000000000000000000, -0.000000000000000000 ) ) ;
#7434 = SURFACE_STYLE_FILL_AREA ( #5811 ) ;
#7435 =( GEOMETRIC_REPRESENTATION_CONTEXT ( 3 ) GLOBAL_UNCERTAINTY_ASSIGNED_CONTEXT ( ( #354 ) ) GLOBAL_UNIT_ASSIGNED_CONTEXT ( ( #3174, #2332, #4095 ) ) REPRESENTATION_CONTEXT ( 'NONE', 'WORKASPACE' ) );
#7436 = FILL_AREA_STYLE_COLOUR ( '', #9 ) ;
#7437 = DIRECTION ( 'NONE',  ( 0.000000000000000000, 1.224646799147353207E-16, -1.000000000000000000 ) ) ;
#7438 =( LENGTH_UNIT ( ) NAMED_UNIT ( * ) SI_UNIT ( .MILLI., .METRE. ) );
#7439 = ORIENTED_EDGE ( 'NONE', *, *, #2518, .F. ) ;
#7440 = UNCERTAINTY_MEASURE_WITH_UNIT (LENGTH_MEASURE( 1.000000000000000082E-05 ), #5048, 'distance_accuracy_value', 'NONE');
#7441 = ORIENTED_EDGE ( 'NONE', *, *, #3530, .T. ) ;
#7442 = COLOUR_RGB ( '',0.7764705882352941346, 0.7568627450980391913, 0.7372549019607843590 ) ;
#7443 = EDGE_CURVE ( 'NONE', #8456, #4980, #5860, .T. ) ;
#7444 = SURFACE_STYLE_FILL_AREA ( #9005 ) ;
#7445 = CARTESIAN_POINT ( 'NONE',  ( -25.39999999999996305, 0.000000000000000000, 3.500000000000000444 ) ) ;
#7446 = DIRECTION ( 'NONE',  ( -0.1108510534444137469, 2.096348086633972484E-17, 0.9938370308809506559 ) ) ;
#7447 = SURFACE_STYLE_FILL_AREA ( #8273 ) ;
#7448 = FACE_OUTER_BOUND ( 'NONE', #6864, .T. ) ;
#7449 = FACE_OUTER_BOUND ( 'NONE', #695, .T. ) ;
#7450 = CIRCLE ( 'NONE', #3262, 6.000000000000000000 ) ;
#7451 = ORIENTED_EDGE ( 'NONE', *, *, #5991, .T. ) ;
#7452 =( NAMED_UNIT ( * ) SI_UNIT ( $, .STERADIAN. ) SOLID_ANGLE_UNIT ( ) );
#7453 = UNCERTAINTY_MEASURE_WITH_UNIT (LENGTH_MEASURE( 1.000000000000000082E-05 ), #1527, 'distance_accuracy_value', 'NONE');
#7454 = VERTEX_POINT ( 'NONE', #2684 ) ;
#7455 = ORIENTED_EDGE ( 'NONE', *, *, #2865, .T. ) ;
#7456 = DIRECTION ( 'NONE',  ( -1.000000000000000000, -0.000000000000000000, -0.000000000000000000 ) ) ;
#7457 = MECHANICAL_DESIGN_GEOMETRIC_PRESENTATION_REPRESENTATION (  '', ( #8106 ), #2778 ) ;
#7458 =( NAMED_UNIT ( * ) PLANE_ANGLE_UNIT ( ) SI_UNIT ( $, .RADIAN. ) );
#7459 = DIRECTION ( 'NONE',  ( -1.000000000000000000, 0.000000000000000000, -0.000000000000000000 ) ) ;
#7460 = EDGE_CURVE ( 'NONE', #1661, #1293, #2792, .T. ) ;
#7461 = DIRECTION ( 'NONE',  ( -1.000000000000000000, -0.000000000000000000, -0.000000000000000000 ) ) ;
#7463 = DIRECTION ( 'NONE',  ( 0.000000000000000000, -1.000000000000000000, -1.246209393661499126E-16 ) ) ;
#7462 = DIRECTION ( 'NONE',  ( 0.9938370308809506559, -0.1108510534444137469, -3.870343844922734420E-16 ) ) ;
#7464 = DIRECTION ( 'NONE',  ( 0.000000000000000000, 0.000000000000000000, 1.000000000000000000 ) ) ;
#7465 = APPLICATION_CONTEXT ( 'automotive_design' ) ;
#7466 =( LENGTH_UNIT ( ) NAMED_UNIT ( * ) SI_UNIT ( .MILLI., .METRE. ) );
#7467 = AXIS2_PLACEMENT_3D ( 'NONE', #4720, #7902, #7078 ) ;
#7468 = SHAPE_DEFINITION_REPRESENTATION ( #6357, #2284 ) ;
#7469 = UNCERTAINTY_MEASURE_WITH_UNIT (LENGTH_MEASURE( 1.000000000000000082E-05 ), #5721, 'distance_accuracy_value', 'NONE');
#7470 = ORIENTED_EDGE ( 'NONE', *, *, #1712, .T. ) ;
#7471 = PRESENTATION_STYLE_ASSIGNMENT (( #1864 ) ) ;
#7472 = VECTOR ( 'NONE', #5595, 999.9999999999998863 ) ;
#7473 = ORIENTED_EDGE ( 'NONE', *, *, #7873, .T. ) ;
#7474 = DIRECTION ( 'NONE',  ( -0.1108510534444136914, 0.9938370308809506559, 3.595744332370143179E-15 ) ) ;
#7475 = EDGE_CURVE ( 'NONE', #890, #674, #1071, .T. ) ;
#7476 = DIRECTION ( 'NONE',  ( -0.000000000000000000, 0.000000000000000000, 1.000000000000000000 ) ) ;
#7477 =( LENGTH_UNIT ( ) NAMED_UNIT ( * ) SI_UNIT ( .MILLI., .METRE. ) );
#7478 = CARTESIAN_POINT ( 'NONE',  ( 2.599999999999998312, 0.000000000000000000, 0.000000000000000000 ) ) ;
#7479 = CARTESIAN_POINT ( 'NONE',  ( 0.2666411873824114376, 0.4052592521765831513, -1.721732169736484019 ) ) ;
#7480 = FILL_AREA_STYLE ('',( #1039 ) ) ;
#7481 = SURFACE_SIDE_STYLE ('',( #4301 ) ) ;
#7482 = FILL_AREA_STYLE_COLOUR ( '', #3306 ) ;
#7483 = DIRECTION ( 'NONE',  ( 0.000000000000000000, 0.000000000000000000, 1.000000000000000000 ) ) ;
#7484 = DIRECTION ( 'NONE',  ( 0.000000000000000000, 1.000000000000000000, 1.224646799147353207E-16 ) ) ;
#7485 = CIRCLE ( 'NONE', #661, 5.437518987584765817 ) ;
#7486 = EDGE_LOOP ( 'NONE', ( #811, #9866, #3529 ) ) ;
#7487 = SURFACE_STYLE_USAGE ( .BOTH. , #3416 ) ;
#7488 = EDGE_CURVE ( 'NONE', #3865, #6085, #7371, .T. ) ;
#7489 = ORIENTED_EDGE ( 'NONE', *, *, #4829, .F. ) ;
#7490 = MECHANICAL_DESIGN_GEOMETRIC_PRESENTATION_REPRESENTATION (  '', ( #5318 ), #816 ) ;
#7491 = AXIS2_PLACEMENT_3D ( 'NONE', #6288, #3956, #6479 ) ;
#7492 = FILL_AREA_STYLE_COLOUR ( '', #2312 ) ;
#7493 = CARTESIAN_POINT ( 'NONE',  ( 0.000000000000000000, 0.4349999999999932254, 1.960000000000001741 ) ) ;
#7494 = CARTESIAN_POINT ( 'NONE',  ( 1.949999999999999956, -0.2175000000000006928, 0.2174999999999992495 ) ) ;
#7495 =( LENGTH_UNIT ( ) NAMED_UNIT ( * ) SI_UNIT ( .MILLI., .METRE. ) );
#7496 = CYLINDRICAL_SURFACE ( 'NONE', #6024, 1.749999999999999778 ) ;
#7497 = SURFACE_SIDE_STYLE ('',( #2567 ) ) ;
#7498 = VECTOR ( 'NONE', #8924, 1000.000000000000000 ) ;
#7499 = VECTOR ( 'NONE', #5367, 1000.000000000000000 ) ;
#7500 = AXIS2_PLACEMENT_3D ( 'NONE', #3853, #669, #6943 ) ;
#7501 = ORIENTED_EDGE ( 'NONE', *, *, #4842, .F. ) ;
#7502 = DIRECTION ( 'NONE',  ( -0.7456662065614396706, 0.000000000000000000, -0.6663196743247736809 ) ) ;
#7503 = COLOUR_RGB ( '',0.7764705882352941346, 0.7568627450980391913, 0.7372549019607843590 ) ;
#7504 = DIRECTION ( 'NONE',  ( -0.9877866216249070463, 0.1101762001043161965, 0.1101762001043165434 ) ) ;
#7505 = CARTESIAN_POINT ( 'NONE',  ( 0.2666411873824114376, -0.4052592521765831513, 1.721732169736483131 ) ) ;
#7506 = DIRECTION ( 'NONE',  ( 0.000000000000000000, 1.000000000000000000, 1.224646799147353207E-16 ) ) ;
#7507 = PRESENTATION_LAYER_ASSIGNMENT (  '', '', ( #6169 ) ) ;
#7508 = FILL_AREA_STYLE ('',( #7560 ) ) ;
#7509 = CARTESIAN_POINT ( 'NONE',  ( 8.600000000000003197, 0.000000000000000000, 0.000000000000000000 ) ) ;
#7510 = DIRECTION ( 'NONE',  ( 0.000000000000000000, 0.000000000000000000, 1.000000000000000000 ) ) ;
#7511 = ORIENTED_EDGE ( 'NONE', *, *, #5762, .F. ) ;
#7512 =( NAMED_UNIT ( * ) PLANE_ANGLE_UNIT ( ) SI_UNIT ( $, .RADIAN. ) );
#7513 = VERTEX_POINT ( 'NONE', #6737 ) ;
#7514 = VECTOR ( 'NONE', #6440, 1000.000000000000000 ) ;
#7515 = ORIENTED_EDGE ( 'NONE', *, *, #8048, .T. ) ;
#7516 = CIRCLE ( 'NONE', #3012, 1.749999999999999778 ) ;
#7517 = DIRECTION ( 'NONE',  ( 0.000000000000000000, 0.000000000000000000, 1.000000000000000000 ) ) ;
#7518 = COLOUR_RGB ( '',0.7764705882352941346, 0.7568627450980391913, 0.7372549019607843590 ) ;
#7519 = CARTESIAN_POINT ( 'NONE',  ( 0.000000000000000000, 1.959999999999999964, 0.4350000000000001088 ) ) ;
#7520 =( GEOMETRIC_REPRESENTATION_CONTEXT ( 3 ) GLOBAL_UNCERTAINTY_ASSIGNED_CONTEXT ( ( #4763 ) ) GLOBAL_UNIT_ASSIGNED_CONTEXT ( ( #5863, #5761, #2606 ) ) REPRESENTATION_CONTEXT ( 'NONE', 'WORKASPACE' ) );
#7521 = SURFACE_SIDE_STYLE ('',( #3556 ) ) ;
#7522 = SURFACE_STYLE_USAGE ( .BOTH. , #8343 ) ;
#7523 = CARTESIAN_POINT ( 'NONE',  ( -25.39999999999996305, 4.286263797015737088E-16, -3.500000000000000444 ) ) ;
#7524 = PRESENTATION_LAYER_ASSIGNMENT (  '', '', ( #1343 ) ) ;
#7525 = ADVANCED_FACE ( 'NONE', ( #5828 ), #2578, .T. ) ;
#7526 = ADVANCED_FACE ( 'NONE', ( #6048 ), #5705, .T. ) ;
#7527 = ORIENTED_EDGE ( 'NONE', *, *, #2302, .F. ) ;
#7528 = COLOUR_RGB ( '',0.7764705882352941346, 0.7568627450980391913, 0.7372549019607843590 ) ;
#7529 = CARTESIAN_POINT ( 'NONE',  ( 1.949999999999999956, 0.2174999999999999989, 0.2174999999999999711 ) ) ;
#7530 = DIRECTION ( 'NONE',  ( -0.1108510534444136914, 0.9938370308809506559, 3.595744332370143179E-15 ) ) ;
#7531 = PRESENTATION_STYLE_ASSIGNMENT (( #1140 ) ) ;
#7532 = AXIS2_PLACEMENT_3D ( 'NONE', #5596, #5646, #8849 ) ;
#7533 = AXIS2_PLACEMENT_3D ( 'NONE', #4092, #8120, #8033 ) ;
#7534 = PRESENTATION_STYLE_ASSIGNMENT (( #3572 ) ) ;
#7535 = ORIENTED_EDGE ( 'NONE', *, *, #7443, .F. ) ;
#7536 = DIRECTION ( 'NONE',  ( 0.7431005017819711789, 0.6640269868487613802, 0.08288428673721986994 ) ) ;
#7537 = FILL_AREA_STYLE_COLOUR ( '', #3712 ) ;
#7538 = EDGE_CURVE ( 'NONE', #155, #892, #7193, .T. ) ;
#7539 = ORIENTED_EDGE ( 'NONE', *, *, #6979, .T. ) ;
#7540 = DIRECTION ( 'NONE',  ( 0.6663196743247736809, 0.7456662065614397816, 0.000000000000000000 ) ) ;
#7541 = AXIS2_PLACEMENT_3D ( 'NONE', #6344, #3151, #4737 ) ;
#7542 = FACE_OUTER_BOUND ( 'NONE', #4644, .T. ) ;
#7543 = DIRECTION ( 'NONE',  ( 0.7456662065614397816, -2.326442708608981349E-15, 0.6663196743247735698 ) ) ;
#7544 = COLOUR_RGB ( '',0.7764705882352941346, 0.7568627450980391913, 0.7372549019607843590 ) ;
#7545 = ORIENTED_EDGE ( 'NONE', *, *, #3103, .T. ) ;
#7546 =( NAMED_UNIT ( * ) SI_UNIT ( $, .STERADIAN. ) SOLID_ANGLE_UNIT ( ) );
#7547 = DIRECTION ( 'NONE',  ( 0.6663196743247736809, -2.603479645215216163E-15, 0.7456662065614397816 ) ) ;
#7548 = DIRECTION ( 'NONE',  ( -0.7456662065614397816, -2.326442708608981349E-15, 0.6663196743247735698 ) ) ;
#7549 = PLANE ( 'NONE',  #5919 ) ;
#7550 = STYLED_ITEM ( 'NONE', ( #8974 ), #7742 ) ;
#7551 = EDGE_CURVE ( 'NONE', #2288, #4180, #1369, .T. ) ;
#7552 = UNCERTAINTY_MEASURE_WITH_UNIT (LENGTH_MEASURE( 1.000000000000000082E-05 ), #487, 'distance_accuracy_value', 'NONE');
#7553 =( GEOMETRIC_REPRESENTATION_CONTEXT ( 3 ) GLOBAL_UNCERTAINTY_ASSIGNED_CONTEXT ( ( #3686 ) ) GLOBAL_UNIT_ASSIGNED_CONTEXT ( ( #1842, #5880, #8904 ) ) REPRESENTATION_CONTEXT ( 'NONE', 'WORKASPACE' ) );
#7554 = ORIENTED_EDGE ( 'NONE', *, *, #2302, .T. ) ;
#7555 =( GEOMETRIC_REPRESENTATION_CONTEXT ( 3 ) GLOBAL_UNCERTAINTY_ASSIGNED_CONTEXT ( ( #8901 ) ) GLOBAL_UNIT_ASSIGNED_CONTEXT ( ( #2060, #2168, #8754 ) ) REPRESENTATION_CONTEXT ( 'NONE', 'WORKASPACE' ) );
#7556 = CARTESIAN_POINT ( 'NONE',  ( 0.2553644383338094515, 1.731808957027352269, 0.000000000000000000 ) ) ;
#7557 = DIRECTION ( 'NONE',  ( -0.9938370308809507669, -0.1108510534444137052, 0.000000000000000000 ) ) ;
#7558 = SURFACE_SIDE_STYLE ('',( #884 ) ) ;
#7559 = CARTESIAN_POINT ( 'NONE',  ( 0.000000000000000000, -0.4350000000000069367, 1.959999999999998188 ) ) ;
#7560 = FILL_AREA_STYLE_COLOUR ( '', #5170 ) ;
#7561 = CARTESIAN_POINT ( 'NONE',  ( 2.599999999999998312, 0.000000000000000000, 0.000000000000000000 ) ) ;
#7562 = COLOUR_RGB ( '',0.7764705882352941346, 0.7568627450980391913, 0.7372549019607843590 ) ;
#7563 = ORIENTED_EDGE ( 'NONE', *, *, #7330, .F. ) ;
#7564 =( NAMED_UNIT ( * ) SI_UNIT ( $, .STERADIAN. ) SOLID_ANGLE_UNIT ( ) );
#7565 = ADVANCED_FACE ( 'NONE', ( #7915 ), #5593, .T. ) ;
#7566 = UNCERTAINTY_MEASURE_WITH_UNIT (LENGTH_MEASURE( 1.000000000000000082E-05 ), #3455, 'distance_accuracy_value', 'NONE');
#7567 = ORIENTED_EDGE ( 'NONE', *, *, #1455, .F. ) ;
#7568 = ORIENTED_EDGE ( 'NONE', *, *, #8735, .F. ) ;
#7569 = ORIENTED_EDGE ( 'NONE', *, *, #8077, .T. ) ;
#7570 = CIRCLE ( 'NONE', #9564, 3.311827956989247479 ) ;
#7571 = CARTESIAN_POINT ( 'NONE',  ( 0.2553644383338094515, -1.731808957027352047, -2.120854295958262972E-16 ) ) ;
#7572 =( NAMED_UNIT ( * ) PLANE_ANGLE_UNIT ( ) SI_UNIT ( $, .RADIAN. ) );
#7573 =( NAMED_UNIT ( * ) SI_UNIT ( $, .STERADIAN. ) SOLID_ANGLE_UNIT ( ) );
#7574 = CARTESIAN_POINT ( 'NONE',  ( 0.9968214519863044520, -3.311827956989247035, -4.055819506853600563E-16 ) ) ;
#7575 = PRODUCT_CONTEXT ( 'NONE', #2858, 'mechanical' ) ;
#7576 = STYLED_ITEM ( 'NONE', ( #8787 ), #8414 ) ;
#7577 = ORIENTED_EDGE ( 'NONE', *, *, #950, .F. ) ;
#7578 = MECHANICAL_DESIGN_GEOMETRIC_PRESENTATION_REPRESENTATION (  '', ( #6931 ), #5921 ) ;
#7579 = COLOUR_RGB ( '',0.7764705882352941346, 0.7568627450980391913, 0.7372549019607843590 ) ;
#7580 = SURFACE_STYLE_USAGE ( .BOTH. , #1033 ) ;
#7581 = ORIENTED_EDGE ( 'NONE', *, *, #2548, .F. ) ;
#7582 = SURFACE_SIDE_STYLE ('',( #3513 ) ) ;
#7583 = EDGE_CURVE ( 'NONE', #9852, #9994, #8065, .T. ) ;
#7584 = DIRECTION ( 'NONE',  ( 0.6663196743247736809, 2.696405268330496226E-15, -0.7456662065614397816 ) ) ;
#7585 = CARTESIAN_POINT ( 'NONE',  ( 1.347043950347263763, 0.000000000000000000, 0.000000000000000000 ) ) ;
#7586 =( GEOMETRIC_REPRESENTATION_CONTEXT ( 3 ) GLOBAL_UNCERTAINTY_ASSIGNED_CONTEXT ( ( #9128 ) ) GLOBAL_UNIT_ASSIGNED_CONTEXT ( ( #2765, #4561, #9668 ) ) REPRESENTATION_CONTEXT ( 'NONE', 'WORKASPACE' ) );
#7587 = VECTOR ( 'NONE', #5760, 1000.000000000000000 ) ;
#7588 = DIRECTION ( 'NONE',  ( 0.000000000000000000, 0.000000000000000000, 1.000000000000000000 ) ) ;
#7589 = VERTEX_POINT ( 'NONE', #9109 ) ;
#7590 = CARTESIAN_POINT ( 'NONE',  ( 5.974195292295553905, -0.2313525518329657138, -8.028830871489587498E-16 ) ) ;
#7591 = SURFACE_SIDE_STYLE ('',( #4416 ) ) ;
#7592 = ORIENTED_EDGE ( 'NONE', *, *, #8937, .T. ) ;
#7593 = AXIS2_PLACEMENT_3D ( 'NONE', #6043, #9233, #9846 ) ;
#7594 = PRODUCT_DEFINITION_FORMATION_WITH_SPECIFIED_SOURCE ( 'ANY', '', #2264, .NOT_KNOWN. ) ;
#7595 = CARTESIAN_POINT ( 'NONE',  ( 0.000000000000000000, 0.4350000000000068257, -1.959999999999998188 ) ) ;
#7596 = VECTOR ( 'NONE', #8483, 999.9999999999998863 ) ;
#7597 = CARTESIAN_POINT ( 'NONE',  ( 5.974195292295553905, 2.619630734554813543E-16, -0.2313525518329656583 ) ) ;
#7598 = VERTEX_POINT ( 'NONE', #5980 ) ;
#7599 = EDGE_CURVE ( 'NONE', #1874, #1906, #2874, .T. ) ;
#7600 = CARTESIAN_POINT ( 'NONE',  ( 2.193400286944045430, 4.336808689942017736E-16, 0.1903515064562409931 ) ) ;
#7601 = SURFACE_STYLE_USAGE ( .BOTH. , #6879 ) ;
#7602 = SURFACE_SIDE_STYLE ('',( #1163 ) ) ;
#7603 = CARTESIAN_POINT ( 'NONE',  ( 0.9968214519863044520, 4.171041651934668579E-16, -3.311827956989247479 ) ) ;
#7604 = PRESENTATION_STYLE_ASSIGNMENT (( #8317 ) ) ;
#7605 = STYLED_ITEM ( 'NONE', ( #6267 ), #3508 ) ;
#7606 = ORIENTED_EDGE ( 'NONE', *, *, #3997, .F. ) ;
#7607 = AXIS2_PLACEMENT_3D ( 'NONE', #4343, #3159, #6354 ) ;
#7608 = SURFACE_STYLE_FILL_AREA ( #5292 ) ;
#7609 = EDGE_CURVE ( 'NONE', #1588, #3917, #9728, .T. ) ;
#7610 = DIRECTION ( 'NONE',  ( 0.000000000000000000, -1.246209393661499619E-16, 1.000000000000000000 ) ) ;
#7611 =( NAMED_UNIT ( * ) SI_UNIT ( $, .STERADIAN. ) SOLID_ANGLE_UNIT ( ) );
#7612 = FILL_AREA_STYLE_COLOUR ( '', #6410 ) ;
#7613 = CARTESIAN_POINT ( 'NONE',  ( 0.000000000000000000, -1.959999999999999964, 0.4349999999999996092 ) ) ;
#7614 =( NAMED_UNIT ( * ) PLANE_ANGLE_UNIT ( ) SI_UNIT ( $, .RADIAN. ) );
#7615 = FACE_OUTER_BOUND ( 'NONE', #3385, .T. ) ;
#7616 = PRODUCT_DEFINITION_SHAPE ( 'NONE', 'NONE',  #2392 ) ;
#7617 = ORIENTED_EDGE ( 'NONE', *, *, #6427, .T. ) ;
#7618 = SURFACE_STYLE_USAGE ( .BOTH. , #2852 ) ;
#7619 = DIRECTION ( 'NONE',  ( 0.6663196743247736809, 0.7456662065614397816, 0.000000000000000000 ) ) ;
#7620 = AXIS2_PLACEMENT_3D ( 'NONE', #10064, #6834, #2903 ) ;
#7621 = VERTEX_POINT ( 'NONE', #8263 ) ;
#7622 = SURFACE_STYLE_USAGE ( .BOTH. , #2913 ) ;
#7623 = ORIENTED_EDGE ( 'NONE', *, *, #9422, .T. ) ;
#7624 = PLANE ( 'NONE',  #8548 ) ;
#7625 = ADVANCED_FACE ( 'NONE', ( #5767 ), #1107, .T. ) ;
#7626 = LINE ( 'NONE', #294, #8966 ) ;
#7627 =( GEOMETRIC_REPRESENTATION_CONTEXT ( 3 ) GLOBAL_UNCERTAINTY_ASSIGNED_CONTEXT ( ( #2313 ) ) GLOBAL_UNIT_ASSIGNED_CONTEXT ( ( #5145, #8444, #2686 ) ) REPRESENTATION_CONTEXT ( 'NONE', 'WORKASPACE' ) );
#7628 = CARTESIAN_POINT ( 'NONE',  ( 1.347043950347263763, 0.000000000000000000, 0.000000000000000000 ) ) ;
#7629 = DIRECTION ( 'NONE',  ( 0.7456662065614397816, 0.6663196743247735698, 0.000000000000000000 ) ) ;
#7630 = EDGE_LOOP ( 'NONE', ( #8639, #6552, #9423, #7527, #3564 ) ) ;
#7631 = MECHANICAL_DESIGN_GEOMETRIC_PRESENTATION_REPRESENTATION (  '', ( #1775 ), #7811 ) ;
#7632 = DIRECTION ( 'NONE',  ( -1.000000000000000000, 0.000000000000000000, 0.000000000000000000 ) ) ;
#7633 = ORIENTED_EDGE ( 'NONE', *, *, #1197, .F. ) ;
#7634 = DIRECTION ( 'NONE',  ( 0.000000000000000000, 0.000000000000000000, 1.000000000000000000 ) ) ;
#7635 = PRESENTATION_STYLE_ASSIGNMENT (( #5382 ) ) ;
#7636 = ORIENTED_EDGE ( 'NONE', *, *, #1359, .T. ) ;
#7637 = DIRECTION ( 'NONE',  ( -0.7456662065614396706, 0.6663196743247736809, 0.000000000000000000 ) ) ;
#7638 = AXIS2_PLACEMENT_3D ( 'NONE', #3798, #8644, #5796 ) ;
#7639 = ORIENTED_EDGE ( 'NONE', *, *, #5942, .F. ) ;
#7640 =( LENGTH_UNIT ( ) NAMED_UNIT ( * ) SI_UNIT ( .MILLI., .METRE. ) );
#7641 = CIRCLE ( 'NONE', #6147, 5.437518987584764929 ) ;
#7642 = UNCERTAINTY_MEASURE_WITH_UNIT (LENGTH_MEASURE( 1.000000000000000082E-05 ), #1540, 'distance_accuracy_value', 'NONE');
#7643 = EDGE_CURVE ( 'NONE', #8528, #2464, #8190, .T. ) ;
#7644 = EDGE_CURVE ( 'NONE', #8253, #5763, #8182, .T. ) ;
#7645 = PLANE ( 'NONE',  #1383 ) ;
#7646 = EDGE_LOOP ( 'NONE', ( #766, #5791, #333, #8069 ) ) ;
#7647 = PRESENTATION_LAYER_ASSIGNMENT (  '', '', ( #2629 ) ) ;
#7648 = CARTESIAN_POINT ( 'NONE',  ( 0.2666411873824114376, -1.721732169736485796, -0.4052592521765772116 ) ) ;
#7649 = DIRECTION ( 'NONE',  ( 0.000000000000000000, 0.000000000000000000, -1.000000000000000000 ) ) ;
#7650 = DIRECTION ( 'NONE',  ( -1.000000000000000000, -0.000000000000000000, -0.000000000000000000 ) ) ;
#7651 =( NAMED_UNIT ( * ) SI_UNIT ( $, .STERADIAN. ) SOLID_ANGLE_UNIT ( ) );
#7652 = SURFACE_STYLE_USAGE ( .BOTH. , #7760 ) ;
#7653 = CARTESIAN_POINT ( 'NONE',  ( 0.03111693966988560850, -0.4315292644214371864, 0.4315292644214354101 ) ) ;
#7654 =( GEOMETRIC_REPRESENTATION_CONTEXT ( 3 ) GLOBAL_UNCERTAINTY_ASSIGNED_CONTEXT ( ( #4936 ) ) GLOBAL_UNIT_ASSIGNED_CONTEXT ( ( #1902, #7512, #10007 ) ) REPRESENTATION_CONTEXT ( 'NONE', 'WORKASPACE' ) );
#7655 = ORIENTED_EDGE ( 'NONE', *, *, #1853, .T. ) ;
#7656 = FACE_OUTER_BOUND ( 'NONE', #3292, .T. ) ;
#7657 = CARTESIAN_POINT ( 'NONE',  ( 4.309938594911940868, -1.891316923914901471, 0.000000000000000000 ) ) ;
#7658 = VECTOR ( 'NONE', #1115, 1000.000000000000000 ) ;
#7659 = UNCERTAINTY_MEASURE_WITH_UNIT (LENGTH_MEASURE( 1.000000000000000082E-05 ), #89, 'distance_accuracy_value', 'NONE');
#7660 = ORIENTED_EDGE ( 'NONE', *, *, #2753, .F. ) ;
#7661 = EDGE_CURVE ( 'NONE', #4771, #618, #6359, .T. ) ;
#7662 = VERTEX_POINT ( 'NONE', #10085 ) ;
#7663 =( LENGTH_UNIT ( ) NAMED_UNIT ( * ) SI_UNIT ( .MILLI., .METRE. ) );
#7664 = AXIS2_PLACEMENT_3D ( 'NONE', #1232, #199, #3391 ) ;
#7665 = CARTESIAN_POINT ( 'NONE',  ( 1.347043950347263763, 3.771912141373848894E-16, -3.080000000000000515 ) ) ;
#7666 = ORIENTED_EDGE ( 'NONE', *, *, #9268, .F. ) ;
#7667 = FILL_AREA_STYLE ('',( #10015 ) ) ;
#7668 = DIRECTION ( 'NONE',  ( -0.000000000000000000, 0.000000000000000000, 1.000000000000000000 ) ) ;
#7669 =( NAMED_UNIT ( * ) SI_UNIT ( $, .STERADIAN. ) SOLID_ANGLE_UNIT ( ) );
#7670 = LINE ( 'NONE', #2966, #8451 ) ;
#7671 = CARTESIAN_POINT ( 'NONE',  ( 1.949999999999999956, -0.2175000000000000266, -0.2174999999999999989 ) ) ;
#7672 =( LENGTH_UNIT ( ) NAMED_UNIT ( * ) SI_UNIT ( .MILLI., .METRE. ) );
#7673 = SURFACE_STYLE_USAGE ( .BOTH. , #4460 ) ;
#7674 =( GEOMETRIC_REPRESENTATION_CONTEXT ( 3 ) GLOBAL_UNCERTAINTY_ASSIGNED_CONTEXT ( ( #1484 ) ) GLOBAL_UNIT_ASSIGNED_CONTEXT ( ( #9892, #2781, #5130 ) ) REPRESENTATION_CONTEXT ( 'NONE', 'WORKASPACE' ) );
#7675 = EDGE_CURVE ( 'NONE', #1300, #2603, #919, .T. ) ;
#7676 = ORIENTED_EDGE ( 'NONE', *, *, #9519, .F. ) ;
#7677 = SURFACE_SIDE_STYLE ('',( #2076 ) ) ;
#7678 = CARTESIAN_POINT ( 'NONE',  ( 1.949999999999999956, -0.2175000000000000266, -0.2174999999999999711 ) ) ;
#7679 = CARTESIAN_POINT ( 'NONE',  ( -25.39999999999996305, 0.000000000000000000, 0.000000000000000000 ) ) ;
#7680 = SURFACE_STYLE_FILL_AREA ( #9147 ) ;
#7681 = SURFACE_STYLE_FILL_AREA ( #545 ) ;
#7682 = ORIENTED_EDGE ( 'NONE', *, *, #3894, .F. ) ;
#7683 = CARTESIAN_POINT ( 'NONE',  ( 2.193400286944045430, -0.1903515064562409931, -2.309278636184418912E-16 ) ) ;
#7684 = COLOUR_RGB ( '',0.7764705882352941346, 0.7568627450980391913, 0.7372549019607843590 ) ;
#7685 = EDGE_CURVE ( 'NONE', #50, #6240, #6205, .T. ) ;
#7686 = DIRECTION ( 'NONE',  ( 0.7431005017819711789, -0.08288428673722218754, 0.6640269868487610472 ) ) ;
#7687 =( LENGTH_UNIT ( ) NAMED_UNIT ( * ) SI_UNIT ( .MILLI., .METRE. ) );
#7688 = EDGE_LOOP ( 'NONE', ( #1446, #2688, #2169, #4928, #7666, #6358, #8066, #5385, #3644, #3588, #2378 ) ) ;
#7689 = COLOUR_RGB ( '',0.7764705882352941346, 0.7568627450980391913, 0.7372549019607843590 ) ;
#7690 = SURFACE_STYLE_FILL_AREA ( #2833 ) ;
#7691 = CARTESIAN_POINT ( 'NONE',  ( 4.309938594911940868, 6.836180637525074799E-15, -1.891316923914901693 ) ) ;
#7692 = SURFACE_SIDE_STYLE ('',( #10047 ) ) ;
#7693 = COLOUR_RGB ( '',0.7764705882352941346, 0.7568627450980391913, 0.7372549019607843590 ) ;
#7694 = CIRCLE ( 'NONE', #6037, 5.995482475482741158 ) ;
#7695 =( LENGTH_UNIT ( ) NAMED_UNIT ( * ) SI_UNIT ( .MILLI., .METRE. ) );
#7696 = ORIENTED_EDGE ( 'NONE', *, *, #3182, .F. ) ;
#7697 = CARTESIAN_POINT ( 'NONE',  ( 6.000000000000000000, 2.326828918379972351E-16, 0.000000000000000000 ) ) ;
#7698 = FILL_AREA_STYLE ('',( #5295 ) ) ;
#7699 = FACE_OUTER_BOUND ( 'NONE', #2673, .T. ) ;
#7700 = AXIS2_PLACEMENT_3D ( 'NONE', #2709, #5916, #4919 ) ;
#7701 = CARTESIAN_POINT ( 'NONE',  ( 2.193400286944045430, -4.336808689942017736E-16, -0.1903515064562410486 ) ) ;
#7702 = EDGE_CURVE ( 'NONE', #2603, #4447, #2881, .T. ) ;
#7703 =( NAMED_UNIT ( * ) PLANE_ANGLE_UNIT ( ) SI_UNIT ( $, .RADIAN. ) );
#7704 = ADVANCED_FACE ( 'NONE', ( #5467 ), #1387, .T. ) ;
#7705 =( GEOMETRIC_REPRESENTATION_CONTEXT ( 3 ) GLOBAL_UNCERTAINTY_ASSIGNED_CONTEXT ( ( #9113 ) ) GLOBAL_UNIT_ASSIGNED_CONTEXT ( ( #1021, #1855, #7573 ) ) REPRESENTATION_CONTEXT ( 'NONE', 'WORKASPACE' ) );
#7706 = VERTEX_POINT ( 'NONE', #7269 ) ;
#7707 = SURFACE_SIDE_STYLE ('',( #2747 ) ) ;
#7708 = ORIENTED_EDGE ( 'NONE', *, *, #4475, .F. ) ;
#7709 = EDGE_LOOP ( 'NONE', ( #3142, #428, #9129, #3763, #2083 ) ) ;
#7710 = STYLED_ITEM ( 'NONE', ( #7012 ), #7275 ) ;
#7711 = STYLED_ITEM ( 'NONE', ( #1925 ), #1982 ) ;
#7712 =( LENGTH_UNIT ( ) NAMED_UNIT ( * ) SI_UNIT ( .MILLI., .METRE. ) );
#7713 = ORIENTED_EDGE ( 'NONE', *, *, #2670, .F. ) ;
#7714 = SURFACE_STYLE_FILL_AREA ( #4552 ) ;
#7715 = EDGE_CURVE ( 'NONE', #5879, #8541, #3369, .T. ) ;
#7716 = DIRECTION ( 'NONE',  ( 0.6663196743247735698, -0.7456662065614397816, -9.292562311528023527E-17 ) ) ;
#7717 = PLANE ( 'NONE',  #9661 ) ;
#7718 = APPLICATION_PROTOCOL_DEFINITION ( 'draft international standard', 'automotive_design', 1998, #2111 ) ;
#7719 = AXIS2_PLACEMENT_3D ( 'NONE', #813, #5601, #6401 ) ;
#7720 = ORIENTED_EDGE ( 'NONE', *, *, #7965, .T. ) ;
#7721 = DIRECTION ( 'NONE',  ( -1.000000000000000000, -0.000000000000000000, -0.000000000000000000 ) ) ;
#7722 = FILL_AREA_STYLE ('',( #2878 ) ) ;
#7723 = AXIS2_PLACEMENT_3D ( 'NONE', #7874, #1702, #4024 ) ;
#7724 = FILL_AREA_STYLE_COLOUR ( '', #6403 ) ;
#7725 =( NAMED_UNIT ( * ) PLANE_ANGLE_UNIT ( ) SI_UNIT ( $, .RADIAN. ) );
#7726 = PRESENTATION_STYLE_ASSIGNMENT (( #2128 ) ) ;
#7727 =( NAMED_UNIT ( * ) PLANE_ANGLE_UNIT ( ) SI_UNIT ( $, .RADIAN. ) );
#7728 = EDGE_CURVE ( 'NONE', #7621, #5522, #202, .T. ) ;
#7729 =( NAMED_UNIT ( * ) SI_UNIT ( $, .STERADIAN. ) SOLID_ANGLE_UNIT ( ) );
#7730 = SURFACE_STYLE_FILL_AREA ( #6074 ) ;
#7731 = ORIENTED_EDGE ( 'NONE', *, *, #7406, .T. ) ;
#7732 = PLANE ( 'NONE',  #1641 ) ;
#7733 = PRESENTATION_LAYER_ASSIGNMENT (  '', '', ( #1725 ) ) ;
#7734 = AXIS2_PLACEMENT_3D ( 'NONE', #8931, #8887, #209 ) ;
#7735 =( GEOMETRIC_REPRESENTATION_CONTEXT ( 3 ) GLOBAL_UNCERTAINTY_ASSIGNED_CONTEXT ( ( #10180 ) ) GLOBAL_UNIT_ASSIGNED_CONTEXT ( ( #6843, #3607, #6684 ) ) REPRESENTATION_CONTEXT ( 'NONE', 'WORKASPACE' ) );
#7736 = ORIENTED_EDGE ( 'NONE', *, *, #7920, .F. ) ;
#7737 = FACE_OUTER_BOUND ( 'NONE', #6744, .T. ) ;
#7738 =( GEOMETRIC_REPRESENTATION_CONTEXT ( 3 ) GLOBAL_UNCERTAINTY_ASSIGNED_CONTEXT ( ( #1815 ) ) GLOBAL_UNIT_ASSIGNED_CONTEXT ( ( #8004, #858, #9727 ) ) REPRESENTATION_CONTEXT ( 'NONE', 'WORKASPACE' ) );
#7739 = STYLED_ITEM ( 'NONE', ( #5427 ), #10311 ) ;
#7740 = AXIS2_PLACEMENT_3D ( 'NONE', #2090, #3044, #8366 ) ;
#7741 = SHAPE_REPRESENTATION_RELATIONSHIP ( 'NONE' , 'NONE' ,  #2284, #8935 ) ;
#7742 = ADVANCED_FACE ( 'NONE', ( #937 ), #9029, .T. ) ;
#7743 =( NAMED_UNIT ( * ) PLANE_ANGLE_UNIT ( ) SI_UNIT ( $, .RADIAN. ) );
#7744 = DIRECTION ( 'NONE',  ( 0.000000000000000000, -1.224646799147354193E-16, 1.000000000000000000 ) ) ;
#7745 = DIRECTION ( 'NONE',  ( 0.9938370308809506559, -0.1108510534444137469, -3.870343844922734420E-16 ) ) ;
#7746 = DIRECTION ( 'NONE',  ( 0.000000000000000000, 0.000000000000000000, 1.000000000000000000 ) ) ;
#7747 = CARTESIAN_POINT ( 'NONE',  ( 2.214116351126373505, 0.1880408685282115300, 0.1880408685282121406 ) ) ;
#7748 = SURFACE_SIDE_STYLE ('',( #9320 ) ) ;
#7749 = CIRCLE ( 'NONE', #6769, 1.749999999999999778 ) ;
#7750 = AXIS2_PLACEMENT_3D ( 'NONE', #8150, #4162, #1929 ) ;
#7751 = DIRECTION ( 'NONE',  ( 0.000000000000000000, 0.000000000000000000, 1.000000000000000000 ) ) ;
#7752 = DIRECTION ( 'NONE',  ( -0.9938370308809507669, -0.1108510534444137052, 0.000000000000000000 ) ) ;
#7753 = ORIENTED_EDGE ( 'NONE', *, *, #3023, .T. ) ;
#7754 = DIRECTION ( 'NONE',  ( 1.000000000000000000, 0.000000000000000000, 0.000000000000000000 ) ) ;
#7755 = CARTESIAN_POINT ( 'NONE',  ( 5.974195292295553905, 0.2313525518329656860, 8.370432990360215258E-16 ) ) ;
#7756 =( NAMED_UNIT ( * ) PLANE_ANGLE_UNIT ( ) SI_UNIT ( $, .RADIAN. ) );
#7757 =( GEOMETRIC_REPRESENTATION_CONTEXT ( 3 ) GLOBAL_UNCERTAINTY_ASSIGNED_CONTEXT ( ( #1903 ) ) GLOBAL_UNIT_ASSIGNED_CONTEXT ( ( #3787, #646, #8209 ) ) REPRESENTATION_CONTEXT ( 'NONE', 'WORKASPACE' ) );
#7758 = CARTESIAN_POINT ( 'NONE',  ( 0.000000000000000000, 1.959999999999999964, 0.4350000000000001088 ) ) ;
#7759 = FACE_OUTER_BOUND ( 'NONE', #10219, .T. ) ;
#7760 = SURFACE_SIDE_STYLE ('',( #7806 ) ) ;
#7761 = AXIS2_PLACEMENT_3D ( 'NONE', #1618, #7214, #7274 ) ;
#7762 = ORIENTED_EDGE ( 'NONE', *, *, #758, .F. ) ;
#7763 = CARTESIAN_POINT ( 'NONE',  ( 32.60000000000000142, 0.000000000000000000, 1.749999999999999778 ) ) ;
#7764 = UNCERTAINTY_MEASURE_WITH_UNIT (LENGTH_MEASURE( 1.000000000000000082E-05 ), #1988, 'distance_accuracy_value', 'NONE');
#7765 = ORIENTED_EDGE ( 'NONE', *, *, #1632, .F. ) ;
#7766 = PRODUCT_DEFINITION_CONTEXT ( 'detailed design', #4279, 'design' ) ;
#7767 = ORIENTED_EDGE ( 'NONE', *, *, #4937, .F. ) ;
#7768 = PRODUCT_RELATED_PRODUCT_CATEGORY ( 'part', '', ( #3876 ) ) ;
#7769 = EDGE_CURVE ( 'NONE', #9483, #431, #1204, .T. ) ;
#7770 = VERTEX_POINT ( 'NONE', #8094 ) ;
#7771 = SURFACE_STYLE_USAGE ( .BOTH. , #4695 ) ;
#7772 = CARTESIAN_POINT ( 'NONE',  ( 0.9968214519863044520, 0.000000000000000000, 0.000000000000000000 ) ) ;
#7773 = DIRECTION ( 'NONE',  ( 0.000000000000000000, -1.000000000000000000, 0.000000000000000000 ) ) ;
#7774 = DIRECTION ( 'NONE',  ( 0.000000000000000000, 1.000000000000000000, 6.231046968307495628E-17 ) ) ;
#7775 = SURFACE_STYLE_USAGE ( .BOTH. , #4394 ) ;
#7776 = DIRECTION ( 'NONE',  ( -1.000000000000000000, -0.000000000000000000, -0.000000000000000000 ) ) ;
#7777 = TOROIDAL_SURFACE ( 'NONE', #4776, 3.080000000000000515, 0.4200000000000000400 ) ;
#7778 = CARTESIAN_POINT ( 'NONE',  ( 2.599999999999998312, 0.000000000000000000, 0.000000000000000000 ) ) ;
#7779 = UNCERTAINTY_MEASURE_WITH_UNIT (LENGTH_MEASURE( 1.000000000000000082E-05 ), #7712, 'distance_accuracy_value', 'NONE');
#7780 = VERTEX_POINT ( 'NONE', #6530 ) ;
#7781 = EDGE_CURVE ( 'NONE', #9524, #6107, #31, .T. ) ;
#7782 = EDGE_CURVE ( 'NONE', #1181, #3917, #6642, .T. ) ;
#7783 = CARTESIAN_POINT ( 'NONE',  ( 5.974195292295553905, 2.375629221075779134E-16, 0.2313525518329657416 ) ) ;
#7784 = CARTESIAN_POINT ( 'NONE',  ( 2.193400286944045430, 0.1903515064562410486, 2.309278636184420884E-16 ) ) ;
#7785 = DIRECTION ( 'NONE',  ( -0.7456662065614397816, -2.326442708608981349E-15, 0.6663196743247735698 ) ) ;
#7786 =( LENGTH_UNIT ( ) NAMED_UNIT ( * ) SI_UNIT ( .MILLI., .METRE. ) );
#7787 = ORIENTED_EDGE ( 'NONE', *, *, #7027, .F. ) ;
#7788 =( LENGTH_UNIT ( ) NAMED_UNIT ( * ) SI_UNIT ( .MILLI., .METRE. ) );
#7789 = SURFACE_SIDE_STYLE ('',( #8584 ) ) ;
#7790 = EDGE_LOOP ( 'NONE', ( #6980, #7427, #1707, #5426 ) ) ;
#7791 = ADVANCED_FACE ( 'NONE', ( #6702, #4195 ), #3403, .F. ) ;
#7792 = LINE ( 'NONE', #2192, #8852 ) ;
#7793 = DIRECTION ( 'NONE',  ( -1.000000000000000000, -0.000000000000000000, -0.000000000000000000 ) ) ;
#7794 = CLOSED_SHELL ( 'NONE', ( #7220, #4678, #6928, #1342, #6591, #1566, #7025, #2584, #6125, #3379, #2924, #4173, #2474, #1783, #2656, #7388, #2030, #2394, #7625, #5209, #5432, #6838, #2539 ) ) ;
#7795 = PRESENTATION_STYLE_ASSIGNMENT (( #5524 ) ) ;
#7796 = DIRECTION ( 'NONE',  ( -1.000000000000000000, -0.000000000000000000, -0.000000000000000000 ) ) ;
#7797 = PLANE ( 'NONE',  #2158 ) ;
#7798 = MECHANICAL_DESIGN_GEOMETRIC_PRESENTATION_REPRESENTATION (  '', ( #3638 ), #475 ) ;
#7799 = EDGE_CURVE ( 'NONE', #2025, #7119, #9140, .T. ) ;
#7800 = EDGE_LOOP ( 'NONE', ( #6507, #10320, #9959, #10036, #6381 ) ) ;
#7801 = CIRCLE ( 'NONE', #4153, 5.995482475482740270 ) ;
#7802 =( NAMED_UNIT ( * ) SI_UNIT ( $, .STERADIAN. ) SOLID_ANGLE_UNIT ( ) );
#7803 = AXIS2_PLACEMENT_3D ( 'NONE', #1759, #782, #8769 ) ;
#7804 = DIRECTION ( 'NONE',  ( -1.000000000000000000, -0.000000000000000000, -0.000000000000000000 ) ) ;
#7805 = CYLINDRICAL_SURFACE ( 'NONE', #10011, 1.749999999999999778 ) ;
#7806 = SURFACE_STYLE_FILL_AREA ( #8487 ) ;
#7807 = ORIENTED_EDGE ( 'NONE', *, *, #4903, .F. ) ;
#7808 = PRESENTATION_LAYER_ASSIGNMENT (  '', '', ( #2450 ) ) ;
#7809 = AXIS2_PLACEMENT_3D ( 'NONE', #6209, #9248, #2965 ) ;
#7810 = ORIENTED_EDGE ( 'NONE', *, *, #2996, .F. ) ;
#7811 =( GEOMETRIC_REPRESENTATION_CONTEXT ( 3 ) GLOBAL_UNCERTAINTY_ASSIGNED_CONTEXT ( ( #7352 ) ) GLOBAL_UNIT_ASSIGNED_CONTEXT ( ( #9469, #1467, #10252 ) ) REPRESENTATION_CONTEXT ( 'NONE', 'WORKASPACE' ) );
#7812 =( NAMED_UNIT ( * ) PLANE_ANGLE_UNIT ( ) SI_UNIT ( $, .RADIAN. ) );
#7813 = CYLINDRICAL_SURFACE ( 'NONE', #6207, 1.749999999999999778 ) ;
#7814 = COLOUR_RGB ( '',0.7764705882352941346, 0.7568627450980391913, 0.7372549019607843590 ) ;
#7815 = CARTESIAN_POINT ( 'NONE',  ( 2.193400286944045430, -0.1903515064562409931, -2.309278636184418912E-16 ) ) ;
#7816 = DIRECTION ( 'NONE',  ( -1.000000000000000000, -0.000000000000000000, -0.000000000000000000 ) ) ;
#7817 = STYLED_ITEM ( 'NONE', ( #5267 ), #4755 ) ;
#7818 = PLANE ( 'NONE',  #2195 ) ;
#7819 =( NAMED_UNIT ( * ) SI_UNIT ( $, .STERADIAN. ) SOLID_ANGLE_UNIT ( ) );
#7820 = AXIS2_PLACEMENT_3D ( 'NONE', #6191, #510, #8482 ) ;
#7821 = FILL_AREA_STYLE ('',( #3716 ) ) ;
#7822 = CARTESIAN_POINT ( 'NONE',  ( 8.600000000000003197, 2.143131898507868051E-16, -1.749999999999999778 ) ) ;
#7823 =( GEOMETRIC_REPRESENTATION_CONTEXT ( 3 ) GLOBAL_UNCERTAINTY_ASSIGNED_CONTEXT ( ( #27 ) ) GLOBAL_UNIT_ASSIGNED_CONTEXT ( ( #3085, #6464, #6421 ) ) REPRESENTATION_CONTEXT ( 'NONE', 'WORKASPACE' ) );
#7824 = EDGE_LOOP ( 'NONE', ( #6759, #415, #4689 ) ) ;
#7825 = VECTOR ( 'NONE', #1356, 1000.000000000000000 ) ;
#7826 =( NAMED_UNIT ( * ) SI_UNIT ( $, .STERADIAN. ) SOLID_ANGLE_UNIT ( ) );
#7827 = CARTESIAN_POINT ( 'NONE',  ( 2.193400286944045430, -4.336808689942017736E-16, -0.1903515064562410486 ) ) ;
#7828 = CIRCLE ( 'NONE', #3324, 3.500000000000000000 ) ;
#7829 = ADVANCED_FACE ( 'NONE', ( #1966 ), #8350, .F. ) ;
#7830 = DIRECTION ( 'NONE',  ( -0.000000000000000000, 0.000000000000000000, 1.000000000000000000 ) ) ;
#7831 = EDGE_CURVE ( 'NONE', #4434, #3790, #6805, .T. ) ;
#7832 = VERTEX_POINT ( 'NONE', #372 ) ;
#7833 = COLOUR_RGB ( '',0.7764705882352941346, 0.7568627450980391913, 0.7372549019607843590 ) ;
#7834 = PRESENTATION_STYLE_ASSIGNMENT (( #9506 ) ) ;
#7835 = ORIENTED_EDGE ( 'NONE', *, *, #7164, .F. ) ;
#7836 = AXIS2_PLACEMENT_3D ( 'NONE', #6390, #6660, #2838 ) ;
#7837 = AXIS2_PLACEMENT_3D ( 'NONE', #7134, #10316, #9628 ) ;
#7838 = FILL_AREA_STYLE_COLOUR ( '', #8415 ) ;
#7839 = CIRCLE ( 'NONE', #7344, 5.995482475482740270 ) ;
#7840 = DIRECTION ( 'NONE',  ( 0.000000000000000000, 0.000000000000000000, -1.000000000000000000 ) ) ;
#7841 = AXIS2_PLACEMENT_3D ( 'NONE', #244, #3816, #10276 ) ;
#7842 = PRESENTATION_STYLE_ASSIGNMENT (( #9566 ) ) ;
#7843 = SURFACE_SIDE_STYLE ('',( #7084 ) ) ;
#7844 = EDGE_CURVE ( 'NONE', #1064, #3383, #2813, .T. ) ;
#7845 = SURFACE_STYLE_USAGE ( .BOTH. , #6984 ) ;
#7846 = CIRCLE ( 'NONE', #5501, 1.749999999999999778 ) ;
#7847 = FACE_OUTER_BOUND ( 'NONE', #1290, .T. ) ;
#7848 = ORIENTED_EDGE ( 'NONE', *, *, #6822, .T. ) ;
#7849 =( GEOMETRIC_REPRESENTATION_CONTEXT ( 3 ) GLOBAL_UNCERTAINTY_ASSIGNED_CONTEXT ( ( #255 ) ) GLOBAL_UNIT_ASSIGNED_CONTEXT ( ( #5574, #5749, #4866 ) ) REPRESENTATION_CONTEXT ( 'NONE', 'WORKASPACE' ) );
#7850 = CIRCLE ( 'NONE', #1355, 5.995482475482740270 ) ;
#7851 =( LENGTH_UNIT ( ) NAMED_UNIT ( * ) SI_UNIT ( .MILLI., .METRE. ) );
#7852 =( LENGTH_UNIT ( ) NAMED_UNIT ( * ) SI_UNIT ( .MILLI., .METRE. ) );
#7853 = PLANE ( 'NONE',  #3005 ) ;
#7854 = DIRECTION ( 'NONE',  ( -1.000000000000000000, -0.000000000000000000, -0.000000000000000000 ) ) ;
#7855 = CARTESIAN_POINT ( 'NONE',  ( 0.000000000000000000, -1.959999999999999964, -0.4349999999999999978 ) ) ;
#7856 = DIRECTION ( 'NONE',  ( 0.000000000000000000, 0.000000000000000000, 1.000000000000000000 ) ) ;
#7857 = FILL_AREA_STYLE_COLOUR ( '', #2379 ) ;
#7858 = CARTESIAN_POINT ( 'NONE',  ( 4.309938594911940868, -6.606512545546451519E-15, 1.891316923914901693 ) ) ;
#7859 = EDGE_CURVE ( 'NONE', #9841, #1035, #4390, .T. ) ;
#7860 = PRODUCT_DEFINITION_SHAPE ( 'NONE', 'NONE',  #10345 ) ;
#7861 = MECHANICAL_DESIGN_GEOMETRIC_PRESENTATION_REPRESENTATION (  '', ( #6196 ), #3046 ) ;
#7862 = AXIS2_PLACEMENT_3D ( 'NONE', #1975, #2085, #9036 ) ;
#7863 = ORIENTED_EDGE ( 'NONE', *, *, #663, .T. ) ;
#7864 = PRESENTATION_LAYER_ASSIGNMENT (  '', '', ( #2010 ) ) ;
#7865 = UNCERTAINTY_MEASURE_WITH_UNIT (LENGTH_MEASURE( 1.000000000000000082E-05 ), #2040, 'distance_accuracy_value', 'NONE');
#7866 = DIRECTION ( 'NONE',  ( 0.9938370308809507669, 0.000000000000000000, 0.1108510534444137746 ) ) ;
#7867 = VERTEX_POINT ( 'NONE', #1257 ) ;
#7868 = STYLED_ITEM ( 'NONE', ( #2408 ), #7565 ) ;
#7869 = CARTESIAN_POINT ( 'NONE',  ( 4.309938594911940868, -1.891316923914901471, 0.000000000000000000 ) ) ;
#7870 = VECTOR ( 'NONE', #8872, 1000.000000000000000 ) ;
#7871 = DIRECTION ( 'NONE',  ( 0.6663196743247735698, 0.7456662065614397816, 0.000000000000000000 ) ) ;
#7872 = DIRECTION ( 'NONE',  ( -0.1108510534444136914, 0.9938370308809506559, 3.595744332370143968E-15 ) ) ;
#7873 = EDGE_CURVE ( 'NONE', #4645, #4354, #8371, .T. ) ;
#7874 = CARTESIAN_POINT ( 'NONE',  ( 2.599999999999998312, 0.000000000000000000, 0.000000000000000000 ) ) ;
#7875 = CARTESIAN_POINT ( 'NONE',  ( 0.9968214519863044520, 0.000000000000000000, 0.000000000000000000 ) ) ;
#7876 = DIRECTION ( 'NONE',  ( 0.000000000000000000, -1.246209393661499619E-16, 1.000000000000000000 ) ) ;
#7877 = CONTEXT_DEPENDENT_SHAPE_REPRESENTATION ( #734, #3184 ) ;
#7878 = UNCERTAINTY_MEASURE_WITH_UNIT (LENGTH_MEASURE( 1.000000000000000082E-05 ), #5364, 'distance_accuracy_value', 'NONE');
#7879 = STYLED_ITEM ( 'NONE', ( #9148 ), #7262 ) ;
#7880 = DIRECTION ( 'NONE',  ( -1.000000000000000000, 0.000000000000000000, 0.000000000000000000 ) ) ;
#7881 = ORIENTED_EDGE ( 'NONE', *, *, #5020, .T. ) ;
#7882 = LINE ( 'NONE', #6219, #1051 ) ;
#7883 = CIRCLE ( 'NONE', #3203, 5.995482475482740270 ) ;
#7884 =( NAMED_UNIT ( * ) PLANE_ANGLE_UNIT ( ) SI_UNIT ( $, .RADIAN. ) );
#7885 = SURFACE_STYLE_FILL_AREA ( #6413 ) ;
#7886 = CARTESIAN_POINT ( 'NONE',  ( 5.974195292295553905, 2.619630734554813543E-16, -0.2313525518329656583 ) ) ;
#7887 = CARTESIAN_POINT ( 'NONE',  ( -25.39999999999996305, 0.000000000000000000, 3.500000000000000444 ) ) ;
#7888 = CARTESIAN_POINT ( 'NONE',  ( 0.2666411873824114376, -0.4052592521765831513, 1.721732169736483131 ) ) ;
#7889 = ORIENTED_EDGE ( 'NONE', *, *, #6134, .F. ) ;
#7890 = AXIS2_PLACEMENT_3D ( 'NONE', #7815, #528, #5417 ) ;
#7891 = FILL_AREA_STYLE ('',( #4716 ) ) ;
#7892 = EDGE_LOOP ( 'NONE', ( #6270, #10100, #6873 ) ) ;
#7893 = UNCERTAINTY_MEASURE_WITH_UNIT (LENGTH_MEASURE( 1.000000000000000082E-05 ), #4187, 'distance_accuracy_value', 'NONE');
#7894 = STYLED_ITEM ( 'NONE', ( #6672 ), #8091 ) ;
#7895 = EDGE_LOOP ( 'NONE', ( #5630, #4083, #9850 ) ) ;
#7896 =( GEOMETRIC_REPRESENTATION_CONTEXT ( 3 ) GLOBAL_UNCERTAINTY_ASSIGNED_CONTEXT ( ( #2748 ) ) GLOBAL_UNIT_ASSIGNED_CONTEXT ( ( #8353, #432, #4562 ) ) REPRESENTATION_CONTEXT ( 'NONE', 'WORKASPACE' ) );
#7897 = STYLED_ITEM ( 'NONE', ( #8586 ), #2030 ) ;
#7898 = FACE_OUTER_BOUND ( 'NONE', #4820, .T. ) ;
#7899 =( LENGTH_UNIT ( ) NAMED_UNIT ( * ) SI_UNIT ( .MILLI., .METRE. ) );
#7900 = PRODUCT_DEFINITION ( 'UNKNOWN', '', #6771, #6202 ) ;
#7901 = EDGE_CURVE ( 'NONE', #7598, #8056, #2762, .T. ) ;
#7902 = DIRECTION ( 'NONE',  ( -0.1108510534444136914, 0.9938370308809506559, 3.595744332370143968E-15 ) ) ;
#7903 = PLANE ( 'NONE',  #7761 ) ;
#7904 = COLOUR_RGB ( '',0.7764705882352941346, 0.7568627450980391913, 0.7372549019607843590 ) ;
#7905 =( GEOMETRIC_REPRESENTATION_CONTEXT ( 3 ) GLOBAL_UNCERTAINTY_ASSIGNED_CONTEXT ( ( #8390 ) ) GLOBAL_UNIT_ASSIGNED_CONTEXT ( ( #5733, #7251, #924 ) ) REPRESENTATION_CONTEXT ( 'NONE', 'WORKASPACE' ) );
#7906 = CIRCLE ( 'NONE', #3400, 5.437518987584765817 ) ;
#7907 = SURFACE_STYLE_USAGE ( .BOTH. , #7843 ) ;
#7908 = FILL_AREA_STYLE ('',( #7168 ) ) ;
#7909 = ORIENTED_EDGE ( 'NONE', *, *, #2485, .T. ) ;
#7910 =( GEOMETRIC_REPRESENTATION_CONTEXT ( 3 ) GLOBAL_UNCERTAINTY_ASSIGNED_CONTEXT ( ( #1299 ) ) GLOBAL_UNIT_ASSIGNED_CONTEXT ( ( #544, #486, #2024 ) ) REPRESENTATION_CONTEXT ( 'NONE', 'WORKASPACE' ) );
#7911 = FILL_AREA_STYLE_COLOUR ( '', #3053 ) ;
#7912 = ADVANCED_FACE ( 'NONE', ( #1301 ), #4510, .T. ) ;
#7913 = DIRECTION ( 'NONE',  ( -0.000000000000000000, 1.000000000000000000, 1.224646799147353207E-16 ) ) ;
#7914 = FILL_AREA_STYLE ('',( #3146 ) ) ;
#7915 = FACE_OUTER_BOUND ( 'NONE', #794, .T. ) ;
#7916 = STYLED_ITEM ( 'NONE', ( #2941 ), #5692 ) ;
#7917 = ORIENTED_EDGE ( 'NONE', *, *, #652, .F. ) ;
#7918 = AXIS2_PLACEMENT_3D ( 'NONE', #5082, #8259, #9725 ) ;
#7919 = ORIENTED_EDGE ( 'NONE', *, *, #6392, .T. ) ;
#7920 = EDGE_CURVE ( 'NONE', #8730, #1464, #7210, .T. ) ;
#7921 = DIRECTION ( 'NONE',  ( 0.7456662065614396706, 0.6663196743247736809, 0.000000000000000000 ) ) ;
#7922 =( GEOMETRIC_REPRESENTATION_CONTEXT ( 3 ) GLOBAL_UNCERTAINTY_ASSIGNED_CONTEXT ( ( #7453 ) ) GLOBAL_UNIT_ASSIGNED_CONTEXT ( ( #1527, #6245, #7133 ) ) REPRESENTATION_CONTEXT ( 'NONE', 'WORKASPACE' ) );
#7923 =( GEOMETRIC_REPRESENTATION_CONTEXT ( 3 ) GLOBAL_UNCERTAINTY_ASSIGNED_CONTEXT ( ( #5358 ) ) GLOBAL_UNIT_ASSIGNED_CONTEXT ( ( #5455, #5821, #3311 ) ) REPRESENTATION_CONTEXT ( 'NONE', 'WORKASPACE' ) );
#7924 = SURFACE_STYLE_FILL_AREA ( #960 ) ;
#7925 = SURFACE_STYLE_FILL_AREA ( #638 ) ;
#7926 = AXIS2_PLACEMENT_3D ( 'NONE', #7334, #6544, #71 ) ;
#7927 = VERTEX_POINT ( 'NONE', #5454 ) ;
#7928 = EDGE_CURVE ( 'NONE', #5661, #5763, #1539, .T. ) ;
#7929 =( LENGTH_UNIT ( ) NAMED_UNIT ( * ) SI_UNIT ( .MILLI., .METRE. ) );
#7930 =( NAMED_UNIT ( * ) SI_UNIT ( $, .STERADIAN. ) SOLID_ANGLE_UNIT ( ) );
#7931 = DIRECTION ( 'NONE',  ( -0.1108510534444137469, -0.9938370308809506559, -3.448999966305766196E-15 ) ) ;
#7932 = FILL_AREA_STYLE ('',( #3937 ) ) ;
#7933 = CARTESIAN_POINT ( 'NONE',  ( 5.974195292295553905, 2.619630734554813543E-16, -0.2313525518329656583 ) ) ;
#7934 = EDGE_LOOP ( 'NONE', ( #4598, #2166, #9923 ) ) ;
#7935 = DIRECTION ( 'NONE',  ( -0.1108510534444137469, 2.096348086633972484E-17, 0.9938370308809506559 ) ) ;
#7936 = ORIENTED_EDGE ( 'NONE', *, *, #4744, .T. ) ;
#7937 =( GEOMETRIC_REPRESENTATION_CONTEXT ( 3 ) GLOBAL_UNCERTAINTY_ASSIGNED_CONTEXT ( ( #5355 ) ) GLOBAL_UNIT_ASSIGNED_CONTEXT ( ( #9285, #7703, #4490 ) ) REPRESENTATION_CONTEXT ( 'NONE', 'WORKASPACE' ) );
#7938 = FACE_OUTER_BOUND ( 'NONE', #8462, .T. ) ;
#7939 = DIRECTION ( 'NONE',  ( 0.000000000000000000, 0.000000000000000000, 1.000000000000000000 ) ) ;
#7940 = SURFACE_STYLE_USAGE ( .BOTH. , #981 ) ;
#7941 =( LENGTH_UNIT ( ) NAMED_UNIT ( * ) SI_UNIT ( .MILLI., .METRE. ) );
#7942 =( NAMED_UNIT ( * ) PLANE_ANGLE_UNIT ( ) SI_UNIT ( $, .RADIAN. ) );
#7943 = DIRECTION ( 'NONE',  ( 0.9938370308809506559, -0.1108510534444137469, -3.870343844922734420E-16 ) ) ;
#7944 = ORIENTED_EDGE ( 'NONE', *, *, #1796, .T. ) ;
#7945 = CIRCLE ( 'NONE', #4948, 6.000000000000000000 ) ;
#7946 = CARTESIAN_POINT ( 'NONE',  ( 0.000000000000000000, 0.000000000000000000, -16.00000000000000000 ) ) ;
#7947 =( LENGTH_UNIT ( ) NAMED_UNIT ( * ) SI_UNIT ( .MILLI., .METRE. ) );
#7948 = LINE ( 'NONE', #8700, #1318 ) ;
#7949 = SURFACE_STYLE_USAGE ( .BOTH. , #4005 ) ;
#7950 = CARTESIAN_POINT ( 'NONE',  ( 0.2666411873824114376, -1.721732169736485796, -0.4052592521765772116 ) ) ;
#7951 = DIRECTION ( 'NONE',  ( -1.000000000000000000, -0.000000000000000000, -0.000000000000000000 ) ) ;
#7952 = DIRECTION ( 'NONE',  ( -0.7456662065614396706, 0.000000000000000000, -0.6663196743247736809 ) ) ;
#7953 = ADVANCED_FACE ( 'NONE', ( #1594 ), #812, .T. ) ;
#7954 = ORIENTED_EDGE ( 'NONE', *, *, #2269, .F. ) ;
#7955 = ADVANCED_FACE ( 'NONE', ( #8205 ), #9490, .T. ) ;
#7956 = UNCERTAINTY_MEASURE_WITH_UNIT (LENGTH_MEASURE( 1.000000000000000082E-05 ), #7010, 'distance_accuracy_value', 'NONE');
#7957 = ORIENTED_EDGE ( 'NONE', *, *, #8554, .F. ) ;
#7958 = AXIS2_PLACEMENT_3D ( 'NONE', #5642, #4572, #2248 ) ;
#7959 = AXIS2_PLACEMENT_3D ( 'NONE', #5330, #6234, #4577 ) ;
#7960 = CARTESIAN_POINT ( 'NONE',  ( 0.000000000000000000, -1.959999999999999964, -0.4349999999999999978 ) ) ;
#7961 = CARTESIAN_POINT ( 'NONE',  ( 6.000000000000000000, 2.326828918379972351E-16, 0.000000000000000000 ) ) ;
#7962 = CARTESIAN_POINT ( 'NONE',  ( 5.974195292295553905, 2.619630734554813543E-16, -0.2313525518329656583 ) ) ;
#7963 = AXIS2_PLACEMENT_3D ( 'NONE', #3789, #5379, #9927 ) ;
#7964 =( NAMED_UNIT ( * ) PLANE_ANGLE_UNIT ( ) SI_UNIT ( $, .RADIAN. ) );
#7965 = EDGE_CURVE ( 'NONE', #7832, #6781, #1221, .T. ) ;
#7966 = UNCERTAINTY_MEASURE_WITH_UNIT (LENGTH_MEASURE( 1.000000000000000082E-05 ), #2101, 'distance_accuracy_value', 'NONE');
#7967 = EDGE_LOOP ( 'NONE', ( #4266, #157, #7033 ) ) ;
#7968 = COLOUR_RGB ( '',0.7921568627450980005, 0.8196078431372548767, 0.9333333333333333481 ) ;
#7969 = CARTESIAN_POINT ( 'NONE',  ( 0.2666411873824114376, -1.721732169736485796, -0.4052592521765772116 ) ) ;
#7970 = VECTOR ( 'NONE', #8815, 1000.000000000000000 ) ;
#7971 = SURFACE_STYLE_USAGE ( .BOTH. , #1606 ) ;
#7972 = AXIS2_PLACEMENT_3D ( 'NONE', #4021, #3112, #1642 ) ;
#7973 = DIRECTION ( 'NONE',  ( 0.000000000000000000, 0.000000000000000000, 1.000000000000000000 ) ) ;
#7974 =( LENGTH_UNIT ( ) NAMED_UNIT ( * ) SI_UNIT ( .MILLI., .METRE. ) );
#7975 = DIRECTION ( 'NONE',  ( 0.000000000000000000, 0.000000000000000000, -1.000000000000000000 ) ) ;
#7976 =( NAMED_UNIT ( * ) SI_UNIT ( $, .STERADIAN. ) SOLID_ANGLE_UNIT ( ) );
#7977 =( LENGTH_UNIT ( ) NAMED_UNIT ( * ) SI_UNIT ( .MILLI., .METRE. ) );
#7978 = ADVANCED_FACE ( 'NONE', ( #778 ), #1865, .T. ) ;
#7979 = EDGE_LOOP ( 'NONE', ( #8187, #2582, #3663, #9603 ) ) ;
#7980 = VECTOR ( 'NONE', #8345, 1000.000000000000000 ) ;
#7981 = AXIS2_PLACEMENT_3D ( 'NONE', #9135, #10021, #6800 ) ;
#7982 = VECTOR ( 'NONE', #3010, 1000.000000000000114 ) ;
#7983 = UNCERTAINTY_MEASURE_WITH_UNIT (LENGTH_MEASURE( 1.000000000000000082E-05 ), #8785, 'distance_accuracy_value', 'NONE');
#7984 = ORIENTED_EDGE ( 'NONE', *, *, #2994, .T. ) ;
#7985 = FILL_AREA_STYLE_COLOUR ( '', #8697 ) ;
#7986 = APPLICATION_CONTEXT ( 'automotive_design' ) ;
#7987 = AXIS2_PLACEMENT_3D ( 'NONE', #4133, #8813, #5139 ) ;
#7988 = DIRECTION ( 'NONE',  ( 0.000000000000000000, 0.000000000000000000, 1.000000000000000000 ) ) ;
#7989 = STYLED_ITEM ( 'NONE', ( #5288 ), #5137 ) ;
#7990 = MECHANICAL_DESIGN_GEOMETRIC_PRESENTATION_REPRESENTATION (  '', ( #9498 ), #9163 ) ;
#7991 = ADVANCED_FACE ( 'NONE', ( #82 ), #4638, .F. ) ;
#7992 = DIRECTION ( 'NONE',  ( 0.7431005017819711789, -0.08288428673722218754, 0.6640269868487610472 ) ) ;
#7993 = CARTESIAN_POINT ( 'NONE',  ( 0.000000000000000000, 0.4350000000000068257, -1.959999999999998188 ) ) ;
#7994 = PRESENTATION_LAYER_ASSIGNMENT (  '', '', ( #8834 ) ) ;
#7995 = ORIENTED_EDGE ( 'NONE', *, *, #6283, .F. ) ;
#7996 = PRESENTATION_LAYER_ASSIGNMENT (  '', '', ( #8153 ) ) ;
#7997 = TOROIDAL_SURFACE ( 'NONE', #4356, 3.080000000000000515, 0.4200000000000000400 ) ;
#7998 = CARTESIAN_POINT ( 'NONE',  ( 5.974195292295553905, 0.2313525518329656860, 8.370432990360215258E-16 ) ) ;
#7999 = EDGE_LOOP ( 'NONE', ( #3629, #9181, #5280, #3321 ) ) ;
#8000 = CIRCLE ( 'NONE', #2164, 3.311827956989247479 ) ;
#8001 = DIRECTION ( 'NONE',  ( 0.9938370308809506559, -0.1108510534444137469, -3.870343844922734420E-16 ) ) ;
#8002 = CARTESIAN_POINT ( 'NONE',  ( 0.2666411873824114376, 1.721732169736485352, 0.4052592521765772671 ) ) ;
#8003 = SURFACE_STYLE_FILL_AREA ( #6389 ) ;
#8004 =( LENGTH_UNIT ( ) NAMED_UNIT ( * ) SI_UNIT ( .MILLI., .METRE. ) );
#8005 =( GEOMETRIC_REPRESENTATION_CONTEXT ( 3 ) GLOBAL_UNCERTAINTY_ASSIGNED_CONTEXT ( ( #5369 ) ) GLOBAL_UNIT_ASSIGNED_CONTEXT ( ( #8342, #7572, #9190 ) ) REPRESENTATION_CONTEXT ( 'NONE', 'WORKASPACE' ) );
#8006 = CYLINDRICAL_SURFACE ( 'NONE', #5892, 3.500000000000000444 ) ;
#8007 = FILL_AREA_STYLE ('',( #3961 ) ) ;
#8008 = SURFACE_STYLE_FILL_AREA ( #4832 ) ;
#8009 = ORIENTED_EDGE ( 'NONE', *, *, #1239, .T. ) ;
#8010 = FACE_OUTER_BOUND ( 'NONE', #10167, .T. ) ;
#8011 = PRESENTATION_LAYER_ASSIGNMENT (  '', '', ( #10195 ) ) ;
#8012 =( GEOMETRIC_REPRESENTATION_CONTEXT ( 3 ) GLOBAL_UNCERTAINTY_ASSIGNED_CONTEXT ( ( #7232 ) ) GLOBAL_UNIT_ASSIGNED_CONTEXT ( ( #6458, #143, #8870 ) ) REPRESENTATION_CONTEXT ( 'NONE', 'WORKASPACE' ) );
#8013 = VERTEX_POINT ( 'NONE', #7177 ) ;
#8014 = PRESENTATION_LAYER_ASSIGNMENT (  '', '', ( #533 ) ) ;
#8015 = DIRECTION ( 'NONE',  ( -0.9938370308809506559, 0.000000000000000000, 0.1108510534444136914 ) ) ;
#8016 = ADVANCED_FACE ( 'NONE', ( #4830 ), #8006, .T. ) ;
#8017 = CARTESIAN_POINT ( 'NONE',  ( 1.949999999999999956, -0.2175000000000000266, -0.2174999999999999989 ) ) ;
#8018 = SURFACE_STYLE_FILL_AREA ( #7398 ) ;
#8019 = VECTOR ( 'NONE', #5302, 999.9999999999998863 ) ;
#8020 = STYLED_ITEM ( 'NONE', ( #7254 ), #9377 ) ;
#8021 = DIRECTION ( 'NONE',  ( 0.000000000000000000, 1.000000000000000000, 0.000000000000000000 ) ) ;
#8022 = STYLED_ITEM ( 'NONE', ( #7066 ), #6579 ) ;
#8023 = PLANE ( 'NONE',  #8364 ) ;
#8024 = CYLINDRICAL_SURFACE ( 'NONE', #3899, 3.500000000000000444 ) ;
#8025 = ITEM_DEFINED_TRANSFORMATION ( 'NONE', 'NONE', #3075,  #5069 ) ;
#8026 = ORIENTED_EDGE ( 'NONE', *, *, #902, .F. ) ;
#8027 = ORIENTED_EDGE ( 'NONE', *, *, #1545, .F. ) ;
#8028 = AXIS2_PLACEMENT_3D ( 'NONE', #7875, #9450, #10283 ) ;
#8029 = PRESENTATION_STYLE_ASSIGNMENT (( #5835 ) ) ;
#8030 =( NAMED_UNIT ( * ) PLANE_ANGLE_UNIT ( ) SI_UNIT ( $, .RADIAN. ) );
#8031 = EDGE_CURVE ( 'NONE', #3253, #7267, #7216, .T. ) ;
#8032 = DIRECTION ( 'NONE',  ( 0.6663196743247735698, 0.7456662065614397816, 0.000000000000000000 ) ) ;
#8033 = DIRECTION ( 'NONE',  ( -0.9938370308809507669, -0.1108510534444137052, 0.000000000000000000 ) ) ;
#8034 = FACE_OUTER_BOUND ( 'NONE', #467, .T. ) ;
#8035 = CARTESIAN_POINT ( 'NONE',  ( 15.60000000000000320, 0.000000000000000000, 0.000000000000000000 ) ) ;
#8036 = VECTOR ( 'NONE', #9358, 1000.000000000000000 ) ;
#8037 =( GEOMETRIC_REPRESENTATION_CONTEXT ( 3 ) GLOBAL_UNCERTAINTY_ASSIGNED_CONTEXT ( ( #861 ) ) GLOBAL_UNIT_ASSIGNED_CONTEXT ( ( #7495, #8992, #1104 ) ) REPRESENTATION_CONTEXT ( 'NONE', 'WORKASPACE' ) );
#8038 = CYLINDRICAL_SURFACE ( 'NONE', #9818, 3.500000000000000444 ) ;
#8039 = ORIENTED_EDGE ( 'NONE', *, *, #964, .T. ) ;
#8040 = COLOUR_RGB ( '',0.7764705882352941346, 0.7568627450980391913, 0.7372549019607843590 ) ;
#8041 = DIRECTION ( 'NONE',  ( 0.6663196743247736809, 0.7456662065614397816, 0.000000000000000000 ) ) ;
#8042 = ORIENTED_EDGE ( 'NONE', *, *, #261, .F. ) ;
#8043 =( GEOMETRIC_REPRESENTATION_CONTEXT ( 3 ) GLOBAL_UNCERTAINTY_ASSIGNED_CONTEXT ( ( #700 ) ) GLOBAL_UNIT_ASSIGNED_CONTEXT ( ( #7037, #6885, #3007 ) ) REPRESENTATION_CONTEXT ( 'NONE', 'WORKASPACE' ) );
#8044 = ORIENTED_EDGE ( 'NONE', *, *, #8466, .F. ) ;
#8045 =( NAMED_UNIT ( * ) PLANE_ANGLE_UNIT ( ) SI_UNIT ( $, .RADIAN. ) );
#8046 =( GEOMETRIC_REPRESENTATION_CONTEXT ( 3 ) GLOBAL_UNCERTAINTY_ASSIGNED_CONTEXT ( ( #9224 ) ) GLOBAL_UNIT_ASSIGNED_CONTEXT ( ( #7977, #83, #7452 ) ) REPRESENTATION_CONTEXT ( 'NONE', 'WORKASPACE' ) );
#8047 = STYLED_ITEM ( 'NONE', ( #617 ), #1889 ) ;
#8048 = EDGE_CURVE ( 'NONE', #1293, #7119, #7410, .T. ) ;
#8049 = LINE ( 'NONE', #754, #6419 ) ;
#8050 = COLOUR_RGB ( '',0.7764705882352941346, 0.7568627450980391913, 0.7372549019607843590 ) ;
#8051 =( LENGTH_UNIT ( ) NAMED_UNIT ( * ) SI_UNIT ( .MILLI., .METRE. ) );
#8052 =( NAMED_UNIT ( * ) PLANE_ANGLE_UNIT ( ) SI_UNIT ( $, .RADIAN. ) );
#8053 = COLOUR_RGB ( '',0.7764705882352941346, 0.7568627450980391913, 0.7372549019607843590 ) ;
#8054 = MECHANICAL_DESIGN_GEOMETRIC_PRESENTATION_REPRESENTATION (  '', ( #1716 ), #3076 ) ;
#8055 = CARTESIAN_POINT ( 'NONE',  ( 0.9968214519863044520, 3.311827956989247479, 0.000000000000000000 ) ) ;
#8056 = VERTEX_POINT ( 'NONE', #2639 ) ;
#8057 = FILL_AREA_STYLE ('',( #7911 ) ) ;
#8058 = EDGE_CURVE ( 'NONE', #2025, #140, #2710, .T. ) ;
#8059 = ORIENTED_EDGE ( 'NONE', *, *, #9609, .T. ) ;
#8060 = PRESENTATION_LAYER_ASSIGNMENT (  '', '', ( #9053 ) ) ;
#8061 = CARTESIAN_POINT ( 'NONE',  ( 2.600000000000000089, 1.749999999999999778, 0.000000000000000000 ) ) ;
#8062 = DIRECTION ( 'NONE',  ( 0.000000000000000000, 0.000000000000000000, -1.000000000000000000 ) ) ;
#8063 = FILL_AREA_STYLE_COLOUR ( '', #8581 ) ;
#8064 =( NAMED_UNIT ( * ) PLANE_ANGLE_UNIT ( ) SI_UNIT ( $, .RADIAN. ) );
#8065 = LINE ( 'NONE', #3104, #4048 ) ;
#8066 = ORIENTED_EDGE ( 'NONE', *, *, #4099, .T. ) ;
#8067 = SURFACE_SIDE_STYLE ('',( #1691 ) ) ;
#8068 = UNCERTAINTY_MEASURE_WITH_UNIT (LENGTH_MEASURE( 1.000000000000000082E-05 ), #8875, 'distance_accuracy_value', 'NONE');
#8069 = ORIENTED_EDGE ( 'NONE', *, *, #10141, .T. ) ;
#8070 = APPLICATION_PROTOCOL_DEFINITION ( 'draft international standard', 'automotive_design', 1998, #8394 ) ;
#8071 =( NAMED_UNIT ( * ) PLANE_ANGLE_UNIT ( ) SI_UNIT ( $, .RADIAN. ) );
#8072 = CIRCLE ( 'NONE', #3591, 5.995482475482740270 ) ;
#8073 = SURFACE_SIDE_STYLE ('',( #4895 ) ) ;
#8074 =( NAMED_UNIT ( * ) SI_UNIT ( $, .STERADIAN. ) SOLID_ANGLE_UNIT ( ) );
#8075 = UNCERTAINTY_MEASURE_WITH_UNIT (LENGTH_MEASURE( 1.000000000000000082E-05 ), #3449, 'distance_accuracy_value', 'NONE');
#8076 = ORIENTED_EDGE ( 'NONE', *, *, #5499, .T. ) ;
#8077 = EDGE_CURVE ( 'NONE', #4316, #3383, #3498, .T. ) ;
#8078 = ORIENTED_EDGE ( 'NONE', *, *, #237, .T. ) ;
#8079 = MECHANICAL_DESIGN_GEOMETRIC_PRESENTATION_REPRESENTATION (  '', ( #3081 ), #7922 ) ;
#8080 = VECTOR ( 'NONE', #2779, 1000.000000000000000 ) ;
#8081 =( NAMED_UNIT ( * ) PLANE_ANGLE_UNIT ( ) SI_UNIT ( $, .RADIAN. ) );
#8082 = DIRECTION ( 'NONE',  ( -0.1108510534444137469, 2.096348086633972484E-17, 0.9938370308809506559 ) ) ;
#8083 = PRESENTATION_STYLE_ASSIGNMENT (( #1710 ) ) ;
#8084 = FILL_AREA_STYLE ('',( #1854 ) ) ;
#8085 = PRESENTATION_STYLE_ASSIGNMENT (( #93 ) ) ;
#8086 = DIRECTION ( 'NONE',  ( 0.6663196743247736809, -2.603479645215216163E-15, 0.7456662065614397816 ) ) ;
#8087 =( NAMED_UNIT ( * ) SI_UNIT ( $, .STERADIAN. ) SOLID_ANGLE_UNIT ( ) );
#8088 = MECHANICAL_DESIGN_GEOMETRIC_PRESENTATION_REPRESENTATION (  '', ( #3426 ), #4271 ) ;
#8089 = EDGE_LOOP ( 'NONE', ( #322, #87, #8880, #3486, #6163, #2286, #4405, #6794, #9030, #8579, #2425 ) ) ;
#8090 = EDGE_CURVE ( 'NONE', #3986, #2278, #9076, .T. ) ;
#8091 = ADVANCED_FACE ( 'NONE', ( #10080 ), #1068, .F. ) ;
#8092 = UNCERTAINTY_MEASURE_WITH_UNIT (LENGTH_MEASURE( 1.000000000000000082E-05 ), #6656, 'distance_accuracy_value', 'NONE');
#8093 = VERTEX_POINT ( 'NONE', #7950 ) ;
#8094 = CARTESIAN_POINT ( 'NONE',  ( 0.2666411873824114376, -0.4052592521765831513, 1.721732169736483131 ) ) ;
#8095 = AXIS2_PLACEMENT_3D ( 'NONE', #4395, #588, #2070 ) ;
#8096 = SURFACE_SIDE_STYLE ('',( #5681 ) ) ;
#8097 =( NAMED_UNIT ( * ) SI_UNIT ( $, .STERADIAN. ) SOLID_ANGLE_UNIT ( ) );
#8098 = CIRCLE ( 'NONE', #9774, 3.500000000000000000 ) ;
#8099 = ADVANCED_FACE ( 'NONE', ( #6388 ), #801, .T. ) ;
#8100 = ORIENTED_EDGE ( 'NONE', *, *, #3221, .F. ) ;
#8101 = ORIENTED_EDGE ( 'NONE', *, *, #5866, .F. ) ;
#8102 = SURFACE_STYLE_USAGE ( .BOTH. , #4216 ) ;
#8103 = SURFACE_SIDE_STYLE ('',( #3470 ) ) ;
#8104 = ORIENTED_EDGE ( 'NONE', *, *, #7702, .T. ) ;
#8105 = EDGE_CURVE ( 'NONE', #4447, #1300, #3502, .T. ) ;
#8106 = STYLED_ITEM ( 'NONE', ( #5937 ), #4375 ) ;
#8107 = PRESENTATION_STYLE_ASSIGNMENT (( #8268 ) ) ;
#8108 = CARTESIAN_POINT ( 'NONE',  ( 0.03111693966988560850, 0.4315292644214372975, -0.4315292644214357431 ) ) ;
#8109 = VERTEX_POINT ( 'NONE', #2700 ) ;
#8110 = DIRECTION ( 'NONE',  ( -0.1108510534444137469, -0.9938370308809506559, -3.448999966305766196E-15 ) ) ;
#8111 = FILL_AREA_STYLE_COLOUR ( '', #7073 ) ;
#8112 = DIRECTION ( 'NONE',  ( -0.1108510534444136914, 1.257808851980383614E-16, -0.9938370308809506559 ) ) ;
#8113 = DIRECTION ( 'NONE',  ( -0.9938370308809506559, 0.000000000000000000, 0.1108510534444136914 ) ) ;
#8114 = CARTESIAN_POINT ( 'NONE',  ( 0.2666411873824114376, 1.721732169736485352, 0.4052592521765772671 ) ) ;
#8115 = EDGE_CURVE ( 'NONE', #5694, #8309, #1133, .T. ) ;
#8116 = ORIENTED_EDGE ( 'NONE', *, *, #2461, .T. ) ;
#8117 = COLOUR_RGB ( '',0.7764705882352941346, 0.7568627450980391913, 0.7372549019607843590 ) ;
#8118 = ORIENTED_EDGE ( 'NONE', *, *, #4554, .T. ) ;
#8119 =( NAMED_UNIT ( * ) SI_UNIT ( $, .STERADIAN. ) SOLID_ANGLE_UNIT ( ) );
#8120 = DIRECTION ( 'NONE',  ( -0.1108510534444136914, 0.9938370308809506559, 3.595744332370143968E-15 ) ) ;
#8121 = PRESENTATION_LAYER_ASSIGNMENT (  '', '', ( #2971 ) ) ;
#8122 = DIRECTION ( 'NONE',  ( 0.000000000000000000, 0.000000000000000000, 1.000000000000000000 ) ) ;
#8123 = FILL_AREA_STYLE ('',( #2538 ) ) ;
#8124 = COLOUR_RGB ( '',0.7764705882352941346, 0.7568627450980391913, 0.7372549019607843590 ) ;
#8125 = CARTESIAN_POINT ( 'NONE',  ( 0.2666411873824114376, -1.721732169736485796, 0.4052592521765768785 ) ) ;
#8126 = FILL_AREA_STYLE ('',( #5055 ) ) ;
#8127 = APPLICATION_PROTOCOL_DEFINITION ( 'draft international standard', 'automotive_design', 1998, #541 ) ;
#8128 = ORIENTED_EDGE ( 'NONE', *, *, #5107, .F. ) ;
#8129 = CIRCLE ( 'NONE', #7972, 5.437518987584764929 ) ;
#8130 = DIRECTION ( 'NONE',  ( 0.000000000000000000, 0.000000000000000000, 1.000000000000000000 ) ) ;
#8131 = DIRECTION ( 'NONE',  ( 0.000000000000000000, 0.000000000000000000, 1.000000000000000000 ) ) ;
#8132 =( LENGTH_UNIT ( ) NAMED_UNIT ( * ) SI_UNIT ( .MILLI., .METRE. ) );
#8133 = EDGE_CURVE ( 'NONE', #5033, #3227, #3574, .T. ) ;
#8134 = EDGE_CURVE ( 'NONE', #1438, #1428, #5901, .T. ) ;
#8135 = DIRECTION ( 'NONE',  ( 0.000000000000000000, 0.000000000000000000, 1.000000000000000000 ) ) ;
#8136 = STYLED_ITEM ( 'NONE', ( #2481 ), #4667 ) ;
#8137 = CARTESIAN_POINT ( 'NONE',  ( 0.2666411873824114376, 1.721732169736485352, 0.4052592521765772671 ) ) ;
#8138 = CIRCLE ( 'NONE', #8665, 5.995482475482741158 ) ;
#8139 =( LENGTH_UNIT ( ) NAMED_UNIT ( * ) SI_UNIT ( .MILLI., .METRE. ) );
#8140 = VERTEX_POINT ( 'NONE', #10020 ) ;
#8141 = SURFACE_STYLE_FILL_AREA ( #6430 ) ;
#8142 = EDGE_LOOP ( 'NONE', ( #10185, #2267, #9478, #8957, #8975, #1560, #9465, #3108, #1124, #4462, #8523 ) ) ;
#8143 =( NAMED_UNIT ( * ) PLANE_ANGLE_UNIT ( ) SI_UNIT ( $, .RADIAN. ) );
#8144 =( GEOMETRIC_REPRESENTATION_CONTEXT ( 3 ) GLOBAL_UNCERTAINTY_ASSIGNED_CONTEXT ( ( #226 ) ) GLOBAL_UNIT_ASSIGNED_CONTEXT ( ( #10038, #8524, #8360 ) ) REPRESENTATION_CONTEXT ( 'NONE', 'WORKASPACE' ) );
#8145 = AXIS2_PLACEMENT_3D ( 'NONE', #8401, #3614, #8508 ) ;
#8146 = DIRECTION ( 'NONE',  ( 1.000000000000000000, 0.000000000000000000, 0.000000000000000000 ) ) ;
#8147 =( GEOMETRIC_REPRESENTATION_CONTEXT ( 3 ) GLOBAL_UNCERTAINTY_ASSIGNED_CONTEXT ( ( #2974 ) ) GLOBAL_UNIT_ASSIGNED_CONTEXT ( ( #5276, #2933, #9724 ) ) REPRESENTATION_CONTEXT ( 'NONE', 'WORKASPACE' ) );
#8148 = ORIENTED_EDGE ( 'NONE', *, *, #2809, .T. ) ;
#8149 = EDGE_CURVE ( 'NONE', #3425, #8109, #589, .T. ) ;
#8150 = CARTESIAN_POINT ( 'NONE',  ( 1.949999999999999956, 0.2175000000000007205, -0.2174999999999992772 ) ) ;
#8151 = CARTESIAN_POINT ( 'NONE',  ( 2.599999999999998312, 0.000000000000000000, 0.000000000000000000 ) ) ;
#8152 = DIRECTION ( 'NONE',  ( 0.000000000000000000, 0.000000000000000000, 1.000000000000000000 ) ) ;
#8153 = STYLED_ITEM ( 'NONE', ( #2894 ), #5165 ) ;
#8154 = VERTEX_POINT ( 'NONE', #1837 ) ;
#8155 = UNCERTAINTY_MEASURE_WITH_UNIT (LENGTH_MEASURE( 1.000000000000000082E-05 ), #2985, 'distance_accuracy_value', 'NONE');
#8156 = EDGE_LOOP ( 'NONE', ( #2957, #8779, #7354, #1253 ) ) ;
#8157 = COLOUR_RGB ( '',0.7764705882352941346, 0.7568627450980391913, 0.7372549019607843590 ) ;
#8158 = DIRECTION ( 'NONE',  ( 0.000000000000000000, -1.246209393661499619E-16, 1.000000000000000000 ) ) ;
#8159 = EDGE_CURVE ( 'NONE', #6897, #8140, #6566, .T. ) ;
#8160 = DIRECTION ( 'NONE',  ( 0.000000000000000000, 0.000000000000000000, 1.000000000000000000 ) ) ;
#8161 = FILL_AREA_STYLE ('',( #4077 ) ) ;
#8162 = DIRECTION ( 'NONE',  ( -1.000000000000000000, -0.000000000000000000, -0.000000000000000000 ) ) ;
#8163 = DIRECTION ( 'NONE',  ( 0.000000000000000000, 0.000000000000000000, 1.000000000000000000 ) ) ;
#8164 =( GEOMETRIC_REPRESENTATION_CONTEXT ( 3 ) GLOBAL_UNCERTAINTY_ASSIGNED_CONTEXT ( ( #4958 ) ) GLOBAL_UNIT_ASSIGNED_CONTEXT ( ( #4468, #2764, #5967 ) ) REPRESENTATION_CONTEXT ( 'NONE', 'WORKASPACE' ) );
#8165 = FACE_OUTER_BOUND ( 'NONE', #8405, .T. ) ;
#8166 = UNCERTAINTY_MEASURE_WITH_UNIT (LENGTH_MEASURE( 1.000000000000000082E-05 ), #6258, 'distance_accuracy_value', 'NONE');
#8167 = STYLED_ITEM ( 'NONE', ( #2344 ), #1783 ) ;
#8168 = ORIENTED_EDGE ( 'NONE', *, *, #5019, .T. ) ;
#8169 = LINE ( 'NONE', #9699, #1411 ) ;
#8170 =( NAMED_UNIT ( * ) SI_UNIT ( $, .STERADIAN. ) SOLID_ANGLE_UNIT ( ) );
#8171 = AXIS2_PLACEMENT_3D ( 'NONE', #4816, #2600, #6958 ) ;
#8172 = ADVANCED_FACE ( 'NONE', ( #1932 ), #8211, .F. ) ;
#8173 = STYLED_ITEM ( 'NONE', ( #8784 ), #6356 ) ;
#8174 =( NAMED_UNIT ( * ) SI_UNIT ( $, .STERADIAN. ) SOLID_ANGLE_UNIT ( ) );
#8175 = FACE_OUTER_BOUND ( 'NONE', #6711, .T. ) ;
#8176 = SURFACE_SIDE_STYLE ('',( #928 ) ) ;
#8177 = DIRECTION ( 'NONE',  ( -0.1108510534444136914, 0.9938370308809506559, 3.595744332370143179E-15 ) ) ;
#8178 =( NAMED_UNIT ( * ) SI_UNIT ( $, .STERADIAN. ) SOLID_ANGLE_UNIT ( ) );
#8179 =( REPRESENTATION_RELATIONSHIP ('NONE','NONE', #1962, #2284 ) REPRESENTATION_RELATIONSHIP_WITH_TRANSFORMATION ( #7056 )SHAPE_REPRESENTATION_RELATIONSHIP( ) );
#8180 = SURFACE_STYLE_FILL_AREA ( #4912 ) ;
#8181 = DIRECTION ( 'NONE',  ( 1.000000000000000000, 0.000000000000000000, 0.000000000000000000 ) ) ;
#8182 = CIRCLE ( 'NONE', #546, 1.749999999999999778 ) ;
#8183 = AXIS2_PLACEMENT_3D ( 'NONE', #6079, #9153, #3626 ) ;
#8184 = ORIENTED_EDGE ( 'NONE', *, *, #3363, .T. ) ;
#8185 = COLOUR_RGB ( '',0.7764705882352941346, 0.7568627450980391913, 0.7372549019607843590 ) ;
#8186 = UNCERTAINTY_MEASURE_WITH_UNIT (LENGTH_MEASURE( 1.000000000000000082E-05 ), #2729, 'distance_accuracy_value', 'NONE');
#8187 = ORIENTED_EDGE ( 'NONE', *, *, #3894, .T. ) ;
#8188 = ORIENTED_EDGE ( 'NONE', *, *, #8498, .F. ) ;
#8189 = ADVANCED_BREP_SHAPE_REPRESENTATION ( '', ( #8744, #5069 ), #10090 ) ;
#8190 = CIRCLE ( 'NONE', #3718, 3.311827956989247479 ) ;
#8191 = COLOUR_RGB ( '',0.7764705882352941346, 0.7568627450980391913, 0.7372549019607843590 ) ;
#8192 = CARTESIAN_POINT ( 'NONE',  ( 1.347043950347263763, 0.000000000000000000, 0.000000000000000000 ) ) ;
#8193 = AXIS2_PLACEMENT_3D ( 'NONE', #4456, #2806, #2969 ) ;
#8194 = FILL_AREA_STYLE ('',( #5012 ) ) ;
#8195 = CARTESIAN_POINT ( 'NONE',  ( -25.39999999999996305, 0.000000000000000000, 1.749999999999999778 ) ) ;
#8196 = DIRECTION ( 'NONE',  ( -0.1108510534444136914, 0.9938370308809506559, 3.595744332370143968E-15 ) ) ;
#8197 = COLOUR_RGB ( '',0.7764705882352941346, 0.7568627450980391913, 0.7372549019607843590 ) ;
#8198 = ORIENTED_EDGE ( 'NONE', *, *, #1435, .T. ) ;
#8199 = CIRCLE ( 'NONE', #375, 0.4199999999999998179 ) ;
#8200 = EDGE_CURVE ( 'NONE', #9504, #328, #446, .T. ) ;
#8201 = DIRECTION ( 'NONE',  ( 0.6663196743247735698, -0.7456662065614397816, -9.292562311528023527E-17 ) ) ;
#8202 = DIRECTION ( 'NONE',  ( 0.000000000000000000, 0.000000000000000000, 1.000000000000000000 ) ) ;
#8203 =( LENGTH_UNIT ( ) NAMED_UNIT ( * ) SI_UNIT ( .MILLI., .METRE. ) );
#8204 = FACE_OUTER_BOUND ( 'NONE', #7934, .T. ) ;
#8205 = FACE_OUTER_BOUND ( 'NONE', #632, .T. ) ;
#8206 = VERTEX_POINT ( 'NONE', #1987 ) ;
#8207 = SURFACE_SIDE_STYLE ('',( #997 ) ) ;
#8208 = SURFACE_STYLE_USAGE ( .BOTH. , #5023 ) ;
#8209 =( NAMED_UNIT ( * ) SI_UNIT ( $, .STERADIAN. ) SOLID_ANGLE_UNIT ( ) );
#8210 = SURFACE_STYLE_USAGE ( .BOTH. , #5869 ) ;
#8211 = PLANE ( 'NONE',  #738 ) ;
#8212 = FILL_AREA_STYLE_COLOUR ( '', #2054 ) ;
#8213 = DIRECTION ( 'NONE',  ( 0.000000000000000000, 1.000000000000000000, 0.000000000000000000 ) ) ;
#8214 = ORIENTED_EDGE ( 'NONE', *, *, #6067, .F. ) ;
#8215 = AXIS2_PLACEMENT_3D ( 'NONE', #1790, #10158, #6244 ) ;
#8216 = ADVANCED_FACE ( 'NONE', ( #2566 ), #8766, .T. ) ;
#8217 = COLOUR_RGB ( '',0.7764705882352941346, 0.7568627450980391913, 0.7372549019607843590 ) ;
#8218 =( GEOMETRIC_REPRESENTATION_CONTEXT ( 3 ) GLOBAL_UNCERTAINTY_ASSIGNED_CONTEXT ( ( #10272 ) ) GLOBAL_UNIT_ASSIGNED_CONTEXT ( ( #6858, #539, #6760 ) ) REPRESENTATION_CONTEXT ( 'NONE', 'WORKASPACE' ) );
#8219 = DIRECTION ( 'NONE',  ( -0.1108510534444137469, -0.9938370308809506559, -3.448999966305766196E-15 ) ) ;
#8220 = FILL_AREA_STYLE_COLOUR ( '', #3027 ) ;
#8221 =( NAMED_UNIT ( * ) PLANE_ANGLE_UNIT ( ) SI_UNIT ( $, .RADIAN. ) );
#8222 = DIRECTION ( 'NONE',  ( -0.1108510534444137469, -0.9938370308809506559, -3.448999966305766196E-15 ) ) ;
#8223 =( NAMED_UNIT ( * ) SI_UNIT ( $, .STERADIAN. ) SOLID_ANGLE_UNIT ( ) );
#8224 =( NAMED_UNIT ( * ) PLANE_ANGLE_UNIT ( ) SI_UNIT ( $, .RADIAN. ) );
#8225 = DIRECTION ( 'NONE',  ( -0.1108510534444136914, 0.9938370308809506559, 3.595744332370143179E-15 ) ) ;
#8226 = FILL_AREA_STYLE ('',( #4234 ) ) ;
#8227 = STYLED_ITEM ( 'NONE', ( #4537 ), #8374 ) ;
#8228 = STYLED_ITEM ( 'NONE', ( #6878 ), #10223 ) ;
#8229 = ORIENTED_EDGE ( 'NONE', *, *, #8090, .T. ) ;
#8230 = EDGE_CURVE ( 'NONE', #2351, #6335, #3870, .T. ) ;
#8231 = ORIENTED_EDGE ( 'NONE', *, *, #7390, .T. ) ;
#8232 = MECHANICAL_DESIGN_GEOMETRIC_PRESENTATION_REPRESENTATION (  '', ( #3582 ), #4905 ) ;
#8233 = COLOUR_RGB ( '',0.7921568627450980005, 0.8196078431372548767, 0.9333333333333333481 ) ;
#8234 = FILL_AREA_STYLE_COLOUR ( '', #3060 ) ;
#8235 = AXIS2_PLACEMENT_3D ( 'NONE', #8395, #7456, #7517 ) ;
#8236 = FILL_AREA_STYLE ('',( #9965 ) ) ;
#8237 = DIRECTION ( 'NONE',  ( 0.000000000000000000, 0.000000000000000000, 1.000000000000000000 ) ) ;
#8238 = DIRECTION ( 'NONE',  ( 0.000000000000000000, 0.000000000000000000, 1.000000000000000000 ) ) ;
#8239 = FILL_AREA_STYLE ('',( #5739 ) ) ;
#8240 = PRESENTATION_STYLE_ASSIGNMENT (( #3393 ) ) ;
#8241 = SURFACE_SIDE_STYLE ('',( #8180 ) ) ;
#8242 =( GEOMETRIC_REPRESENTATION_CONTEXT ( 3 ) GLOBAL_UNCERTAINTY_ASSIGNED_CONTEXT ( ( #1073 ) ) GLOBAL_UNIT_ASSIGNED_CONTEXT ( ( #5244, #1117, #6888 ) ) REPRESENTATION_CONTEXT ( 'NONE', 'WORKASPACE' ) );
#8243 =( GEOMETRIC_REPRESENTATION_CONTEXT ( 3 ) GLOBAL_UNCERTAINTY_ASSIGNED_CONTEXT ( ( #8612 ) ) GLOBAL_UNIT_ASSIGNED_CONTEXT ( ( #613, #659, #2995 ) ) REPRESENTATION_CONTEXT ( 'NONE', 'WORKASPACE' ) );
#8244 = COLOUR_RGB ( '',0.7764705882352941346, 0.7568627450980391913, 0.7372549019607843590 ) ;
#8245 = ADVANCED_FACE ( 'NONE', ( #8759 ), #3258, .T. ) ;
#8246 = VERTEX_POINT ( 'NONE', #2741 ) ;
#8247 =( LENGTH_UNIT ( ) NAMED_UNIT ( * ) SI_UNIT ( .MILLI., .METRE. ) );
#8248 = ORIENTED_EDGE ( 'NONE', *, *, #4412, .T. ) ;
#8249 = CIRCLE ( 'NONE', #5001, 5.437518987584765817 ) ;
#8250 = DIRECTION ( 'NONE',  ( -1.000000000000000000, -0.000000000000000000, -0.000000000000000000 ) ) ;
#8251 = FILL_AREA_STYLE_COLOUR ( '', #2453 ) ;
#8252 = SURFACE_STYLE_USAGE ( .BOTH. , #9929 ) ;
#8253 = VERTEX_POINT ( 'NONE', #5826 ) ;
#8254 = CARTESIAN_POINT ( 'NONE',  ( 6.000000000000000000, 2.326828918379972351E-16, 0.000000000000000000 ) ) ;
#8255 = VERTEX_POINT ( 'NONE', #9061 ) ;
#8256 = VECTOR ( 'NONE', #5505, 1000.000000000000000 ) ;
#8257 = PRODUCT_DEFINITION_SHAPE ( 'NONE', 'NONE',  #4772 ) ;
#8258 = ORIENTED_EDGE ( 'NONE', *, *, #3730, .F. ) ;
#8259 = DIRECTION ( 'NONE',  ( -1.000000000000000000, -0.000000000000000000, -0.000000000000000000 ) ) ;
#8260 = AXIS2_PLACEMENT_3D ( 'NONE', #2276, #4023, #4794 ) ;
#8261 = CARTESIAN_POINT ( 'NONE',  ( 0.2666411873824114376, -0.4052592521765831513, 1.721732169736483131 ) ) ;
#8262 = SURFACE_STYLE_FILL_AREA ( #6778 ) ;
#8263 = CARTESIAN_POINT ( 'NONE',  ( 0.2666411873824114376, 1.721732169736486240, -0.4052592521765773226 ) ) ;
#8264 = DIRECTION ( 'NONE',  ( -0.1108510534444137469, 2.096348086633972484E-17, 0.9938370308809506559 ) ) ;
#8265 = EDGE_LOOP ( 'NONE', ( #6011, #4742, #1974, #2365, #9584 ) ) ;
#8266 = FILL_AREA_STYLE_COLOUR ( '', #6817 ) ;
#8267 = UNCERTAINTY_MEASURE_WITH_UNIT (LENGTH_MEASURE( 1.000000000000000082E-05 ), #1830, 'distance_accuracy_value', 'NONE');
#8268 = SURFACE_STYLE_USAGE ( .BOTH. , #1785 ) ;
#8269 = ORIENTED_EDGE ( 'NONE', *, *, #1844, .F. ) ;
#8270 = STYLED_ITEM ( 'NONE', ( #2746 ), #4060 ) ;
#8271 = FILL_AREA_STYLE_COLOUR ( '', #8191 ) ;
#8272 = DIRECTION ( 'NONE',  ( 0.9938370308809507669, 0.000000000000000000, 0.1108510534444137746 ) ) ;
#8273 = FILL_AREA_STYLE ('',( #8111 ) ) ;
#8274 = EDGE_CURVE ( 'NONE', #3353, #6897, #7570, .T. ) ;
#8275 = DIRECTION ( 'NONE',  ( -1.000000000000000000, -0.000000000000000000, -0.000000000000000000 ) ) ;
#8276 = PRESENTATION_STYLE_ASSIGNMENT (( #8328 ) ) ;
#8277 = EDGE_CURVE ( 'NONE', #5086, #7119, #1175, .T. ) ;
#8278 = DIRECTION ( 'NONE',  ( 0.7431005017819711789, 0.6640269868487613802, -0.08288428673721975892 ) ) ;
#8279 = VERTEX_POINT ( 'NONE', #407 ) ;
#8280 = UNCERTAINTY_MEASURE_WITH_UNIT (LENGTH_MEASURE( 1.000000000000000082E-05 ), #1922, 'distance_accuracy_value', 'NONE');
#8281 = ORIENTED_EDGE ( 'NONE', *, *, #3136, .F. ) ;
#8282 = ORIENTED_EDGE ( 'NONE', *, *, #146, .T. ) ;
#8283 = DIRECTION ( 'NONE',  ( -0.1108510534444136914, 1.257808851980383614E-16, -0.9938370308809506559 ) ) ;
#8284 = ORIENTED_EDGE ( 'NONE', *, *, #6664, .F. ) ;
#8285 = SURFACE_STYLE_FILL_AREA ( #8339 ) ;
#8286 = SURFACE_SIDE_STYLE ('',( #9077 ) ) ;
#8287 = SURFACE_STYLE_USAGE ( .BOTH. , #1084 ) ;
#8288 = CARTESIAN_POINT ( 'NONE',  ( 2.193400286944045430, 4.336808689942017736E-16, 0.1903515064562409931 ) ) ;
#8289 = EDGE_CURVE ( 'NONE', #4377, #1238, #3058, .T. ) ;
#8290 = DIRECTION ( 'NONE',  ( 0.000000000000000000, 0.000000000000000000, 1.000000000000000000 ) ) ;
#8291 = MECHANICAL_DESIGN_GEOMETRIC_PRESENTATION_REPRESENTATION (  '', ( #2440 ), #1788 ) ;
#8292 = CARTESIAN_POINT ( 'NONE',  ( 6.000000000000000000, 2.326828918379972351E-16, 0.000000000000000000 ) ) ;
#8293 = ORIENTED_EDGE ( 'NONE', *, *, #5019, .F. ) ;
#8294 = FILL_AREA_STYLE_COLOUR ( '', #8197 ) ;
#8295 = COLOUR_RGB ( '',0.7764705882352941346, 0.7568627450980391913, 0.7372549019607843590 ) ;
#8296 = ORIENTED_EDGE ( 'NONE', *, *, #9754, .T. ) ;
#8297 = FACE_OUTER_BOUND ( 'NONE', #5102, .T. ) ;
#8298 = COLOUR_RGB ( '',0.7764705882352941346, 0.7568627450980391913, 0.7372549019607843590 ) ;
#8299 = SURFACE_SIDE_STYLE ('',( #6590 ) ) ;
#8300 = ADVANCED_FACE ( 'NONE', ( #1898 ), #3641, .T. ) ;
#8301 = DIRECTION ( 'NONE',  ( -0.9938370308809506559, 0.000000000000000000, 0.1108510534444136914 ) ) ;
#8302 = CARTESIAN_POINT ( 'NONE',  ( 0.9968214519863044520, 0.000000000000000000, 0.000000000000000000 ) ) ;
#8303 = CARTESIAN_POINT ( 'NONE',  ( 5.974195292295553905, 2.375629221075779134E-16, 0.2313525518329657416 ) ) ;
#8304 = COLOUR_RGB ( '',0.7764705882352941346, 0.7568627450980391913, 0.7372549019607843590 ) ;
#8305 = ORIENTED_EDGE ( 'NONE', *, *, #7038, .F. ) ;
#8306 = PLANE ( 'NONE',  #5671 ) ;
#8307 =( NAMED_UNIT ( * ) PLANE_ANGLE_UNIT ( ) SI_UNIT ( $, .RADIAN. ) );
#8308 = AXIS2_PLACEMENT_3D ( 'NONE', #7683, #1375, #9211 ) ;
#8309 = VERTEX_POINT ( 'NONE', #3430 ) ;
#8310 = CARTESIAN_POINT ( 'NONE',  ( 2.599999999999998312, 0.000000000000000000, 1.749999999999999778 ) ) ;
#8311 = EDGE_CURVE ( 'NONE', #1573, #3399, #9051, .T. ) ;
#8312 = MECHANICAL_DESIGN_GEOMETRIC_PRESENTATION_REPRESENTATION (  '', ( #969 ), #2303 ) ;
#8313 = DIRECTION ( 'NONE',  ( 0.7431005017819711789, 0.6640269868487613802, -0.08288428673721975892 ) ) ;
#8314 = PLANE ( 'NONE',  #8719 ) ;
#8315 = FILL_AREA_STYLE ('',( #4426 ) ) ;
#8316 = FACE_OUTER_BOUND ( 'NONE', #2618, .T. ) ;
#8317 = SURFACE_STYLE_USAGE ( .BOTH. , #3587 ) ;
#8318 = EDGE_LOOP ( 'NONE', ( #9687, #9122, #8989, #3459, #7431, #4466, #4594, #9815, #1603, #2561, #9904 ) ) ;
#8319 = STYLED_ITEM ( 'NONE', ( #5908 ), #4902 ) ;
#8320 = COLOUR_RGB ( '',0.7764705882352941346, 0.7568627450980391913, 0.7372549019607843590 ) ;
#8321 = LINE ( 'NONE', #1063, #7386 ) ;
#8322 = ORIENTED_EDGE ( 'NONE', *, *, #6134, .T. ) ;
#8323 = SURFACE_SIDE_STYLE ('',( #1937 ) ) ;
#8324 = STYLED_ITEM ( 'NONE', ( #8085 ), #5657 ) ;
#8325 = CARTESIAN_POINT ( 'NONE',  ( 6.000000000000000000, 2.326828918379972351E-16, 0.000000000000000000 ) ) ;
#8326 = CARTESIAN_POINT ( 'NONE',  ( 2.599999999999998312, 0.000000000000000000, 0.000000000000000000 ) ) ;
#8327 = FACE_OUTER_BOUND ( 'NONE', #9762, .T. ) ;
#8328 = SURFACE_STYLE_USAGE ( .BOTH. , #4440 ) ;
#8329 = DIRECTION ( 'NONE',  ( -1.000000000000000000, -0.000000000000000000, -0.000000000000000000 ) ) ;
#8330 = COLOUR_RGB ( '',0.7764705882352941346, 0.7568627450980391913, 0.7372549019607843590 ) ;
#8331 = ORIENTED_EDGE ( 'NONE', *, *, #7150, .T. ) ;
#8332 =( NAMED_UNIT ( * ) PLANE_ANGLE_UNIT ( ) SI_UNIT ( $, .RADIAN. ) );
#8333 = VERTEX_POINT ( 'NONE', #10216 ) ;
#8334 =( GEOMETRIC_REPRESENTATION_CONTEXT ( 3 ) GLOBAL_UNCERTAINTY_ASSIGNED_CONTEXT ( ( #2249 ) ) GLOBAL_UNIT_ASSIGNED_CONTEXT ( ( #8051, #4051, #8830 ) ) REPRESENTATION_CONTEXT ( 'NONE', 'WORKASPACE' ) );
#8335 = AXIS2_PLACEMENT_3D ( 'NONE', #1985, #176, #391 ) ;
#8336 = ORIENTED_EDGE ( 'NONE', *, *, #2585, .T. ) ;
#8337 = TOROIDAL_SURFACE ( 'NONE', #7176, 3.080000000000000515, 0.4200000000000000400 ) ;
#8338 =( LENGTH_UNIT ( ) NAMED_UNIT ( * ) SI_UNIT ( .MILLI., .METRE. ) );
#8339 = FILL_AREA_STYLE ('',( #10016 ) ) ;
#8340 =( NAMED_UNIT ( * ) PLANE_ANGLE_UNIT ( ) SI_UNIT ( $, .RADIAN. ) );
#8341 = AXIS2_PLACEMENT_3D ( 'NONE', #5120, #9934, #5975 ) ;
#8342 =( LENGTH_UNIT ( ) NAMED_UNIT ( * ) SI_UNIT ( .MILLI., .METRE. ) );
#8343 = SURFACE_SIDE_STYLE ('',( #7714 ) ) ;
#8344 = COLOUR_RGB ( '',0.7764705882352941346, 0.7568627450980391913, 0.7372549019607843590 ) ;
#8345 = DIRECTION ( 'NONE',  ( -1.000000000000000000, -0.000000000000000000, -0.000000000000000000 ) ) ;
#8346 = EDGE_LOOP ( 'NONE', ( #6206, #9246, #1633, #9309, #5257 ) ) ;
#8347 = AXIS2_PLACEMENT_3D ( 'NONE', #309, #9627, #930 ) ;
#8348 = EDGE_CURVE ( 'NONE', #8839, #5453, #8398, .T. ) ;
#8349 = SURFACE_STYLE_USAGE ( .BOTH. , #5164 ) ;
#8350 = PLANE ( 'NONE',  #9541 ) ;
#8351 = VERTEX_POINT ( 'NONE', #5449 ) ;
#8352 =( NAMED_UNIT ( * ) PLANE_ANGLE_UNIT ( ) SI_UNIT ( $, .RADIAN. ) );
#8353 =( LENGTH_UNIT ( ) NAMED_UNIT ( * ) SI_UNIT ( .MILLI., .METRE. ) );
#8354 = FILL_AREA_STYLE ('',( #4406 ) ) ;
#8355 = FILL_AREA_STYLE ('',( #9205 ) ) ;
#8356 = AXIS2_PLACEMENT_3D ( 'NONE', #640, #6213, #9404 ) ;
#8357 =( GEOMETRIC_REPRESENTATION_CONTEXT ( 3 ) GLOBAL_UNCERTAINTY_ASSIGNED_CONTEXT ( ( #891 ) ) GLOBAL_UNIT_ASSIGNED_CONTEXT ( ( #2445, #8833, #9717 ) ) REPRESENTATION_CONTEXT ( 'NONE', 'WORKASPACE' ) );
#8358 = ORIENTED_EDGE ( 'NONE', *, *, #1281, .T. ) ;
#8359 = VECTOR ( 'NONE', #830, 1000.000000000000000 ) ;
#8360 =( NAMED_UNIT ( * ) SI_UNIT ( $, .STERADIAN. ) SOLID_ANGLE_UNIT ( ) );
#8361 = FILL_AREA_STYLE ('',( #7537 ) ) ;
#8362 = EDGE_CURVE ( 'NONE', #9908, #4640, #9722, .T. ) ;
#8363 =( LENGTH_UNIT ( ) NAMED_UNIT ( * ) SI_UNIT ( .MILLI., .METRE. ) );
#8364 = AXIS2_PLACEMENT_3D ( 'NONE', #5722, #4943, #8113 ) ;
#8365 = VECTOR ( 'NONE', #8158, 1000.000000000000000 ) ;
#8366 = DIRECTION ( 'NONE',  ( 0.7456662065614395596, 0.000000000000000000, -0.6663196743247737919 ) ) ;
#8367 = EDGE_LOOP ( 'NONE', ( #4288, #8899, #7341 ) ) ;
#8368 = PLANE ( 'NONE',  #2571 ) ;
#8369 = PRESENTATION_STYLE_ASSIGNMENT (( #8426 ) ) ;
#8370 = PRESENTATION_STYLE_ASSIGNMENT (( #1055 ) ) ;
#8371 = CIRCLE ( 'NONE', #9386, 1.749999999999999778 ) ;
#8372 = COLOUR_RGB ( '',0.7764705882352941346, 0.7568627450980391913, 0.7372549019607843590 ) ;
#8373 = UNCERTAINTY_MEASURE_WITH_UNIT (LENGTH_MEASURE( 1.000000000000000082E-05 ), #3267, 'distance_accuracy_value', 'NONE');
#8374 = ADVANCED_FACE ( 'NONE', ( #7759 ), #6291, .T. ) ;
#8375 = STYLED_ITEM ( 'NONE', ( #8480 ), #9684 ) ;
#8376 = ORIENTED_EDGE ( 'NONE', *, *, #818, .F. ) ;
#8377 = PRESENTATION_STYLE_ASSIGNMENT (( #4486 ) ) ;
#8378 =( NAMED_UNIT ( * ) PLANE_ANGLE_UNIT ( ) SI_UNIT ( $, .RADIAN. ) );
#8379 = AXIS2_PLACEMENT_3D ( 'NONE', #2580, #5604, #2524 ) ;
#8380 = COLOUR_RGB ( '',0.7764705882352941346, 0.7568627450980391913, 0.7372549019607843590 ) ;
#8381 = LINE ( 'NONE', #8950, #7658 ) ;
#8382 = LINE ( 'NONE', #5092, #386 ) ;
#8383 = DIRECTION ( 'NONE',  ( -0.1108510534444136914, 0.9938370308809506559, 3.595744332370143968E-15 ) ) ;
#8384 =( LENGTH_UNIT ( ) NAMED_UNIT ( * ) SI_UNIT ( .MILLI., .METRE. ) );
#8385 = DIRECTION ( 'NONE',  ( 0.000000000000000000, 0.000000000000000000, 1.000000000000000000 ) ) ;
#8386 = PRESENTATION_STYLE_ASSIGNMENT (( #626 ) ) ;
#8387 = VERTEX_POINT ( 'NONE', #3013 ) ;
#8388 = CARTESIAN_POINT ( 'NONE',  ( 1.949999999999999956, 0.2174999999999999989, 0.2174999999999999711 ) ) ;
#8389 = PRESENTATION_LAYER_ASSIGNMENT (  '', '', ( #574 ) ) ;
#8390 = UNCERTAINTY_MEASURE_WITH_UNIT (LENGTH_MEASURE( 1.000000000000000082E-05 ), #5733, 'distance_accuracy_value', 'NONE');
#8391 =( GEOMETRIC_REPRESENTATION_CONTEXT ( 3 ) GLOBAL_UNCERTAINTY_ASSIGNED_CONTEXT ( ( #5775 ) ) GLOBAL_UNIT_ASSIGNED_CONTEXT ( ( #9673, #2301, #5696 ) ) REPRESENTATION_CONTEXT ( 'NONE', 'WORKASPACE' ) );
#8392 = ORIENTED_EDGE ( 'NONE', *, *, #3103, .F. ) ;
#8393 = ORIENTED_EDGE ( 'NONE', *, *, #4844, .T. ) ;
#8394 = APPLICATION_CONTEXT ( 'automotive_design' ) ;
#8395 = CARTESIAN_POINT ( 'NONE',  ( 2.599999999999998312, 0.000000000000000000, 0.000000000000000000 ) ) ;
#8396 = ORIENTED_EDGE ( 'NONE', *, *, #9185, .F. ) ;
#8397 = CARTESIAN_POINT ( 'NONE',  ( 2.599999999999998312, 0.000000000000000000, 0.000000000000000000 ) ) ;
#8398 = CIRCLE ( 'NONE', #5540, 3.500000000000000444 ) ;
#8399 = MECHANICAL_DESIGN_GEOMETRIC_PRESENTATION_REPRESENTATION (  '', ( #9715 ), #8218 ) ;
#8400 = PRESENTATION_STYLE_ASSIGNMENT (( #9021 ) ) ;
#8401 = CARTESIAN_POINT ( 'NONE',  ( 5.974195292295553905, 2.375629221075779134E-16, 0.2313525518329657416 ) ) ;
#8402 = PRODUCT_CONTEXT ( 'NONE', #4482, 'mechanical' ) ;
#8403 = FILL_AREA_STYLE ('',( #4401 ) ) ;
#8404 = STYLED_ITEM ( 'NONE', ( #6720 ), #8578 ) ;
#8405 = EDGE_LOOP ( 'NONE', ( #7281, #9920, #2121, #7713 ) ) ;
#8406 =( GEOMETRIC_REPRESENTATION_CONTEXT ( 3 ) GLOBAL_UNCERTAINTY_ASSIGNED_CONTEXT ( ( #3824 ) ) GLOBAL_UNIT_ASSIGNED_CONTEXT ( ( #6361, #9650, #4128 ) ) REPRESENTATION_CONTEXT ( 'NONE', 'WORKASPACE' ) );
#8407 = DIRECTION ( 'NONE',  ( -0.9938370308809507669, 0.000000000000000000, 0.1108510534444137052 ) ) ;
#8408 = DIRECTION ( 'NONE',  ( 0.9938370308809507669, -0.1108510534444137746, 0.000000000000000000 ) ) ;
#8409 = ORIENTED_EDGE ( 'NONE', *, *, #3294, .T. ) ;
#8410 = DIRECTION ( 'NONE',  ( -0.9938370308809506559, 0.000000000000000000, 0.1108510534444136914 ) ) ;
#8411 = SURFACE_STYLE_USAGE ( .BOTH. , #2816 ) ;
#8412 = DIRECTION ( 'NONE',  ( -1.000000000000000000, -0.000000000000000000, -0.000000000000000000 ) ) ;
#8413 = AXIS2_PLACEMENT_3D ( 'NONE', #1440, #2259, #7092 ) ;
#8414 = ADVANCED_FACE ( 'NONE', ( #6195 ), #2214, .T. ) ;
#8415 = COLOUR_RGB ( '',0.7764705882352941346, 0.7568627450980391913, 0.7372549019607843590 ) ;
#8416 = DIRECTION ( 'NONE',  ( -0.000000000000000000, 1.000000000000000000, 1.224646799147353207E-16 ) ) ;
#8417 =( GEOMETRIC_REPRESENTATION_CONTEXT ( 3 ) GLOBAL_UNCERTAINTY_ASSIGNED_CONTEXT ( ( #5679 ) ) GLOBAL_UNIT_ASSIGNED_CONTEXT ( ( #3243, #9938, #2563 ) ) REPRESENTATION_CONTEXT ( 'NONE', 'WORKASPACE' ) );
#8418 = ADVANCED_FACE ( 'NONE', ( #1744 ), #9730, .T. ) ;
#8419 = VERTEX_POINT ( 'NONE', #8055 ) ;
#8420 = ORIENTED_EDGE ( 'NONE', *, *, #1916, .T. ) ;
#8421 =( LENGTH_UNIT ( ) NAMED_UNIT ( * ) SI_UNIT ( .MILLI., .METRE. ) );
#8422 = ORIENTED_EDGE ( 'NONE', *, *, #1697, .F. ) ;
#8423 =( GEOMETRIC_REPRESENTATION_CONTEXT ( 3 ) GLOBAL_UNCERTAINTY_ASSIGNED_CONTEXT ( ( #5998 ) ) GLOBAL_UNIT_ASSIGNED_CONTEXT ( ( #8943, #175, #221 ) ) REPRESENTATION_CONTEXT ( 'NONE', 'WORKASPACE' ) );
#8424 = CARTESIAN_POINT ( 'NONE',  ( 2.193400286944045430, -4.336808689942017736E-16, -0.1903515064562410486 ) ) ;
#8425 = ORIENTED_EDGE ( 'NONE', *, *, #3781, .F. ) ;
#8426 = SURFACE_STYLE_USAGE ( .BOTH. , #8534 ) ;
#8427 = EDGE_CURVE ( 'NONE', #2150, #2278, #3289, .T. ) ;
#8428 = CARTESIAN_POINT ( 'NONE',  ( 4.309938594911940868, -1.891316923914901471, 0.000000000000000000 ) ) ;
#8429 = DIRECTION ( 'NONE',  ( -0.9938370308809507669, -0.1108510534444137052, 0.000000000000000000 ) ) ;
#8430 = ORIENTED_EDGE ( 'NONE', *, *, #3234, .T. ) ;
#8431 = DIRECTION ( 'NONE',  ( 0.000000000000000000, 0.000000000000000000, 1.000000000000000000 ) ) ;
#8432 = STYLED_ITEM ( 'NONE', ( #3612 ), #3633 ) ;
#8433 = DIRECTION ( 'NONE',  ( 0.000000000000000000, 1.000000000000000000, 0.000000000000000000 ) ) ;
#8434 = FILL_AREA_STYLE ('',( #2844 ) ) ;
#8435 = LINE ( 'NONE', #9281, #7982 ) ;
#8436 = FILL_AREA_STYLE_COLOUR ( '', #8244 ) ;
#8437 = DIRECTION ( 'NONE',  ( 0.7431005017819711789, -0.08288428673721758011, -0.6640269868487616023 ) ) ;
#8438 = CARTESIAN_POINT ( 'NONE',  ( 6.000000000000000000, 2.326828918379972351E-16, 0.000000000000000000 ) ) ;
#8439 = DIRECTION ( 'NONE',  ( 0.6663196743247735698, 0.7456662065614397816, 0.000000000000000000 ) ) ;
#8440 = CARTESIAN_POINT ( 'NONE',  ( 0.03111693966988647586, -0.4315292644214340778, -0.4315292644214357987 ) ) ;
#8441 = ADVANCED_FACE ( 'NONE', ( #8695 ), #1675, .T. ) ;
#8442 = EDGE_LOOP ( 'NONE', ( #6146, #7441, #194 ) ) ;
#8443 = DIRECTION ( 'NONE',  ( -0.1108510534444136914, 0.9938370308809506559, 3.595744332370143179E-15 ) ) ;
#8444 =( NAMED_UNIT ( * ) PLANE_ANGLE_UNIT ( ) SI_UNIT ( $, .RADIAN. ) );
#8445 = ORIENTED_EDGE ( 'NONE', *, *, #4568, .T. ) ;
#8446 = ORIENTED_EDGE ( 'NONE', *, *, #6081, .F. ) ;
#8447 = ORIENTED_EDGE ( 'NONE', *, *, #9590, .F. ) ;
#8448 = FILL_AREA_STYLE ('',( #2916 ) ) ;
#8449 = DIRECTION ( 'NONE',  ( -0.7456662065614396706, 0.6663196743247736809, 0.000000000000000000 ) ) ;
#8450 = DIRECTION ( 'NONE',  ( 0.6663196743247736809, 2.696405268330496226E-15, -0.7456662065614397816 ) ) ;
#8451 = VECTOR ( 'NONE', #1351, 1000.000000000000114 ) ;
#8452 = DIRECTION ( 'NONE',  ( 0.000000000000000000, 0.000000000000000000, -1.000000000000000000 ) ) ;
#8453 = EDGE_CURVE ( 'NONE', #8912, #275, #1409, .T. ) ;
#8454 = DIRECTION ( 'NONE',  ( -0.1108510534444137469, -0.9938370308809506559, -3.448999966305766196E-15 ) ) ;
#8455 = APPLICATION_PROTOCOL_DEFINITION ( 'draft international standard', 'automotive_design', 1998, #2858 ) ;
#8456 = VERTEX_POINT ( 'NONE', #9930 ) ;
#8457 = PRESENTATION_LAYER_ASSIGNMENT (  '', '', ( #1286 ) ) ;
#8458 = FILL_AREA_STYLE_COLOUR ( '', #4518 ) ;
#8459 = CLOSED_SHELL ( 'NONE', ( #9551, #3519, #1072, #9870, #6993, #1059, #5371, #10073, #10150, #8216, #3673, #8877, #1271, #3260, #1822, #4299, #6650, #4399, #8099, #1031, #7050, #6736, #9068 ) ) ;
#8460 = SURFACE_SIDE_STYLE ('',( #7730 ) ) ;
#8461 = EDGE_LOOP ( 'NONE', ( #7655, #442, #849, #6345 ) ) ;
#8462 = EDGE_LOOP ( 'NONE', ( #5620, #9306, #9568 ) ) ;
#8463 = CIRCLE ( 'NONE', #5127, 0.4199999999999998179 ) ;
#8464 = MECHANICAL_DESIGN_GEOMETRIC_PRESENTATION_REPRESENTATION (  '', ( #5787 ), #5307 ) ;
#8465 = DIRECTION ( 'NONE',  ( 0.000000000000000000, 0.000000000000000000, 1.000000000000000000 ) ) ;
#8466 = EDGE_CURVE ( 'NONE', #4170, #8730, #7089, .T. ) ;
#8467 = SURFACE_STYLE_USAGE ( .BOTH. , #6084 ) ;
#8468 = EDGE_CURVE ( 'NONE', #701, #8309, #225, .T. ) ;
#8469 = VERTEX_POINT ( 'NONE', #9097 ) ;
#8470 =( LENGTH_UNIT ( ) NAMED_UNIT ( * ) SI_UNIT ( .MILLI., .METRE. ) );
#8471 = CARTESIAN_POINT ( 'NONE',  ( 5.974195292295553905, 2.375629221075779134E-16, 0.2313525518329657416 ) ) ;
#8472 = AXIS2_PLACEMENT_3D ( 'NONE', #6553, #3305, #224 ) ;
#8473 =( NAMED_UNIT ( * ) PLANE_ANGLE_UNIT ( ) SI_UNIT ( $, .RADIAN. ) );
#8474 =( NAMED_UNIT ( * ) SI_UNIT ( $, .STERADIAN. ) SOLID_ANGLE_UNIT ( ) );
#8475 = MECHANICAL_DESIGN_GEOMETRIC_PRESENTATION_REPRESENTATION (  '', ( #2298 ), #9651 ) ;
#8476 = VERTEX_POINT ( 'NONE', #7425 ) ;
#8477 = SURFACE_STYLE_FILL_AREA ( #3806 ) ;
#8478 = EDGE_CURVE ( 'NONE', #3237, #7393, #7231, .T. ) ;
#8479 = AXIS2_PLACEMENT_3D ( 'NONE', #915, #7296, #132 ) ;
#8480 = PRESENTATION_STYLE_ASSIGNMENT (( #2152 ) ) ;
#8481 = SURFACE_STYLE_FILL_AREA ( #8434 ) ;
#8482 = DIRECTION ( 'NONE',  ( 0.000000000000000000, 0.000000000000000000, 1.000000000000000000 ) ) ;
#8483 = DIRECTION ( 'NONE',  ( 0.7431005017819711789, 0.08288428673721742745, 0.6640269868487616023 ) ) ;
#8484 = CARTESIAN_POINT ( 'NONE',  ( -25.39999999999996305, 0.000000000000000000, 0.000000000000000000 ) ) ;
#8485 = CARTESIAN_POINT ( 'NONE',  ( 4.309938594911940868, 6.836180637525074799E-15, -1.891316923914901693 ) ) ;
#8486 = DIRECTION ( 'NONE',  ( -0.1108510534444136914, 1.257808851980383614E-16, -0.9938370308809506559 ) ) ;
#8487 = FILL_AREA_STYLE ('',( #2052 ) ) ;
#8488 = CARTESIAN_POINT ( 'NONE',  ( 4.309938594911940868, 1.891316923914901471, 2.356976916973721757E-16 ) ) ;
#8489 =( NAMED_UNIT ( * ) SI_UNIT ( $, .STERADIAN. ) SOLID_ANGLE_UNIT ( ) );
#8490 = VECTOR ( 'NONE', #5675, 1000.000000000000000 ) ;
#8491 = COLOUR_RGB ( '',0.7764705882352941346, 0.7568627450980391913, 0.7372549019607843590 ) ;
#8492 = ORIENTED_EDGE ( 'NONE', *, *, #4474, .F. ) ;
#8493 = DIRECTION ( 'NONE',  ( 0.000000000000000000, -1.000000000000000000, -1.246209393661499126E-16 ) ) ;
#8494 = VECTOR ( 'NONE', #8747, 1000.000000000000000 ) ;
#8495 = UNCERTAINTY_MEASURE_WITH_UNIT (LENGTH_MEASURE( 1.000000000000000082E-05 ), #5578, 'distance_accuracy_value', 'NONE');
#8496 = VERTEX_POINT ( 'NONE', #3457 ) ;
#8497 = ORIENTED_EDGE ( 'NONE', *, *, #7551, .T. ) ;
#8498 = EDGE_CURVE ( 'NONE', #4062, #9392, #2771, .T. ) ;
#8499 =( NAMED_UNIT ( * ) SI_UNIT ( $, .STERADIAN. ) SOLID_ANGLE_UNIT ( ) );
#8500 = AXIS2_PLACEMENT_3D ( 'NONE', #9527, #6201, #7180 ) ;
#8501 =( GEOMETRIC_REPRESENTATION_CONTEXT ( 3 ) GLOBAL_UNCERTAINTY_ASSIGNED_CONTEXT ( ( #8611 ) ) GLOBAL_UNIT_ASSIGNED_CONTEXT ( ( #4344, #1191, #6113 ) ) REPRESENTATION_CONTEXT ( 'NONE', 'WORKASPACE' ) );
#8502 = EDGE_LOOP ( 'NONE', ( #6815, #5950, #2033, #7005, #378 ) ) ;
#8503 =( LENGTH_UNIT ( ) NAMED_UNIT ( * ) SI_UNIT ( .MILLI., .METRE. ) );
#8504 =( NAMED_UNIT ( * ) SI_UNIT ( $, .STERADIAN. ) SOLID_ANGLE_UNIT ( ) );
#8505 = FILL_AREA_STYLE ('',( #2227 ) ) ;
#8506 = CARTESIAN_POINT ( 'NONE',  ( 1.949999999999999956, -0.2175000000000006928, 0.2174999999999992495 ) ) ;
#8507 = AXIS2_PLACEMENT_3D ( 'NONE', #887, #96, #785 ) ;
#8508 = DIRECTION ( 'NONE',  ( 0.9938370308809507669, 0.000000000000000000, 0.1108510534444137746 ) ) ;
#8509 = SHAPE_DEFINITION_REPRESENTATION ( #5508, #3360 ) ;
#8510 = MECHANICAL_DESIGN_GEOMETRIC_PRESENTATION_REPRESENTATION (  '', ( #1819 ), #4182 ) ;
#8511 = VECTOR ( 'NONE', #4855, 1000.000000000000000 ) ;
#8512 = ORIENTED_EDGE ( 'NONE', *, *, #4829, .T. ) ;
#8513 = EDGE_CURVE ( 'NONE', #8680, #4771, #5731, .T. ) ;
#8514 =( NAMED_UNIT ( * ) SI_UNIT ( $, .STERADIAN. ) SOLID_ANGLE_UNIT ( ) );
#8515 = SURFACE_SIDE_STYLE ('',( #2075 ) ) ;
#8516 = FACE_OUTER_BOUND ( 'NONE', #4484, .T. ) ;
#8517 = STYLED_ITEM ( 'NONE', ( #5935 ), #6030 ) ;
#8518 = FILL_AREA_STYLE ('',( #2330 ) ) ;
#8519 =( NAMED_UNIT ( * ) SI_UNIT ( $, .STERADIAN. ) SOLID_ANGLE_UNIT ( ) );
#8520 = CARTESIAN_POINT ( 'NONE',  ( 4.309938594911940868, -1.891316923914901471, 0.000000000000000000 ) ) ;
#8521 = PRESENTATION_STYLE_ASSIGNMENT (( #1305 ) ) ;
#8522 =( GEOMETRIC_REPRESENTATION_CONTEXT ( 3 ) GLOBAL_UNCERTAINTY_ASSIGNED_CONTEXT ( ( #8166 ) ) GLOBAL_UNIT_ASSIGNED_CONTEXT ( ( #6258, #10280, #10083 ) ) REPRESENTATION_CONTEXT ( 'NONE', 'WORKASPACE' ) );
#8523 = ORIENTED_EDGE ( 'NONE', *, *, #440, .F. ) ;
#8524 =( NAMED_UNIT ( * ) PLANE_ANGLE_UNIT ( ) SI_UNIT ( $, .RADIAN. ) );
#8525 = DIRECTION ( 'NONE',  ( -0.000000000000000000, 0.000000000000000000, -1.000000000000000000 ) ) ;
#8526 = MECHANICAL_DESIGN_GEOMETRIC_PRESENTATION_REPRESENTATION (  '', ( #6512 ), #9693 ) ;
#8527 = STYLED_ITEM ( 'NONE', ( #8377 ), #6299 ) ;
#8528 = VERTEX_POINT ( 'NONE', #9716 ) ;
#8529 = DIRECTION ( 'NONE',  ( -1.000000000000000000, -0.000000000000000000, -0.000000000000000000 ) ) ;
#8530 = SURFACE_SIDE_STYLE ('',( #9425 ) ) ;
#8531 = COLOUR_RGB ( '',0.7764705882352941346, 0.7568627450980391913, 0.7372549019607843590 ) ;
#8532 = PRESENTATION_LAYER_ASSIGNMENT (  '', '', ( #1374 ) ) ;
#8533 = FACE_OUTER_BOUND ( 'NONE', #5999, .T. ) ;
#8534 = SURFACE_SIDE_STYLE ('',( #3743 ) ) ;
#8535 = DIRECTION ( 'NONE',  ( -1.000000000000000000, 0.000000000000000000, 0.000000000000000000 ) ) ;
#8536 = LINE ( 'NONE', #5334, #1653 ) ;
#8537 =( NAMED_UNIT ( * ) PLANE_ANGLE_UNIT ( ) SI_UNIT ( $, .RADIAN. ) );
#8538 = APPLICATION_CONTEXT ( 'automotive_design' ) ;
#8539 = EDGE_CURVE ( 'NONE', #860, #4012, #9034, .T. ) ;
#8540 =( GEOMETRIC_REPRESENTATION_CONTEXT ( 3 ) GLOBAL_UNCERTAINTY_ASSIGNED_CONTEXT ( ( #5569 ) ) GLOBAL_UNIT_ASSIGNED_CONTEXT ( ( #8421, #9856, #248 ) ) REPRESENTATION_CONTEXT ( 'NONE', 'WORKASPACE' ) );
#8541 = VERTEX_POINT ( 'NONE', #1870 ) ;
#8542 = DIRECTION ( 'NONE',  ( 1.000000000000000000, 0.000000000000000000, 0.000000000000000000 ) ) ;
#8543 = SURFACE_STYLE_FILL_AREA ( #9230 ) ;
#8544 = DIRECTION ( 'NONE',  ( 0.9938370308809507669, -0.1108510534444137746, 0.000000000000000000 ) ) ;
#8545 = DIRECTION ( 'NONE',  ( -0.9938370308809506559, -0.1108510534444136914, -3.870343844922732447E-16 ) ) ;
#8546 = VECTOR ( 'NONE', #4253, 1000.000000000000000 ) ;
#8547 = DIRECTION ( 'NONE',  ( -1.000000000000000000, 0.000000000000000000, 0.000000000000000000 ) ) ;
#8548 = AXIS2_PLACEMENT_3D ( 'NONE', #2268, #468, #10171 ) ;
#8549 = FACE_OUTER_BOUND ( 'NONE', #5538, .T. ) ;
#8550 = PRESENTATION_LAYER_ASSIGNMENT (  '', '', ( #2690 ) ) ;
#8551 = CARTESIAN_POINT ( 'NONE',  ( 2.193400286944045430, -4.336808689942017736E-16, -0.1903515064562410486 ) ) ;
#8552 = EDGE_CURVE ( 'NONE', #722, #2062, #5971, .T. ) ;
#8553 = VERTEX_POINT ( 'NONE', #320 ) ;
#8554 = EDGE_CURVE ( 'NONE', #4328, #674, #9874, .T. ) ;
#8555 = CIRCLE ( 'NONE', #4724, 5.437518987584765817 ) ;
#8556 = ORIENTED_EDGE ( 'NONE', *, *, #7643, .F. ) ;
#8557 = VERTEX_POINT ( 'NONE', #3576 ) ;
#8558 = AXIS2_PLACEMENT_3D ( 'NONE', #1053, #4163, #5934 ) ;
#8559 = AXIS2_PLACEMENT_3D ( 'NONE', #1099, #8986, #5073 ) ;
#8560 = ORIENTED_EDGE ( 'NONE', *, *, #3363, .F. ) ;
#8561 = PRESENTATION_STYLE_ASSIGNMENT (( #5362 ) ) ;
#8562 = MECHANICAL_DESIGN_GEOMETRIC_PRESENTATION_REPRESENTATION (  '', ( #3207 ), #1541 ) ;
#8563 = FILL_AREA_STYLE_COLOUR ( '', #1638 ) ;
#8564 = SURFACE_STYLE_FILL_AREA ( #4647 ) ;
#8565 = PLANE ( 'NONE',  #713 ) ;
#8566 = FILL_AREA_STYLE_COLOUR ( '', #3613 ) ;
#8567 = CARTESIAN_POINT ( 'NONE',  ( 6.000000000000000000, 2.326828918379972351E-16, 0.000000000000000000 ) ) ;
#8568 =( GEOMETRIC_REPRESENTATION_CONTEXT ( 3 ) GLOBAL_UNCERTAINTY_ASSIGNED_CONTEXT ( ( #9863 ) ) GLOBAL_UNIT_ASSIGNED_CONTEXT ( ( #6894, #2904, #8489 ) ) REPRESENTATION_CONTEXT ( 'NONE', 'WORKASPACE' ) );
#8569 = ADVANCED_FACE ( 'NONE', ( #9265 ), #8582, .T. ) ;
#8570 = SURFACE_STYLE_FILL_AREA ( #9252 ) ;
#8571 = VERTEX_POINT ( 'NONE', #8261 ) ;
#8572 = MECHANICAL_DESIGN_GEOMETRIC_PRESENTATION_REPRESENTATION (  '', ( #8227 ), #1884 ) ;
#8573 = COLOUR_RGB ( '',0.7764705882352941346, 0.7568627450980391913, 0.7372549019607843590 ) ;
#8574 = CARTESIAN_POINT ( 'NONE',  ( -25.39999999999996305, 2.143131898507868051E-16, -1.749999999999999778 ) ) ;
#8575 = PLANE ( 'NONE',  #681 ) ;
#8576 = DIRECTION ( 'NONE',  ( 0.6663196743247736809, 0.7456662065614397816, 0.000000000000000000 ) ) ;
#8577 =( NAMED_UNIT ( * ) SI_UNIT ( $, .STERADIAN. ) SOLID_ANGLE_UNIT ( ) );
#8578 = ADVANCED_FACE ( 'NONE', ( #4312 ), #7549, .F. ) ;
#8579 = ORIENTED_EDGE ( 'NONE', *, *, #1096, .F. ) ;
#8580 = CARTESIAN_POINT ( 'NONE',  ( 0.2666411873824114376, -0.4052592521765708278, -1.721732169736487128 ) ) ;
#8581 = COLOUR_RGB ( '',0.7764705882352941346, 0.7568627450980391913, 0.7372549019607843590 ) ;
#8582 = PLANE ( 'NONE',  #4747 ) ;
#8583 = STYLED_ITEM ( 'NONE', ( #5150 ), #2281 ) ;
#8584 = SURFACE_STYLE_FILL_AREA ( #608 ) ;
#8585 = VERTEX_POINT ( 'NONE', #7129 ) ;
#8586 = PRESENTATION_STYLE_ASSIGNMENT (( #3794 ) ) ;
#8587 = CARTESIAN_POINT ( 'NONE',  ( -25.39999999999996305, 0.000000000000000000, 3.500000000000000444 ) ) ;
#8588 = FILL_AREA_STYLE_COLOUR ( '', #8053 ) ;
#8589 = FILL_AREA_STYLE_COLOUR ( '', #3977 ) ;
#8590 = DIRECTION ( 'NONE',  ( 0.000000000000000000, 0.000000000000000000, -1.000000000000000000 ) ) ;
#8591 = COLOUR_RGB ( '',0.7764705882352941346, 0.7568627450980391913, 0.7372549019607843590 ) ;
#8592 = MECHANICAL_DESIGN_GEOMETRIC_PRESENTATION_REPRESENTATION (  '', ( #5236 ), #7097 ) ;
#8593 = STYLED_ITEM ( 'NONE', ( #9780 ), #2415 ) ;
#8594 = DIRECTION ( 'NONE',  ( 1.000000000000000000, 0.000000000000000000, 0.000000000000000000 ) ) ;
#8595 = DIRECTION ( 'NONE',  ( 0.000000000000000000, 0.000000000000000000, 1.000000000000000000 ) ) ;
#8596 = LINE ( 'NONE', #1984, #6900 ) ;
#8597 = FACE_OUTER_BOUND ( 'NONE', #9043, .T. ) ;
#8598 =( NAMED_UNIT ( * ) SI_UNIT ( $, .STERADIAN. ) SOLID_ANGLE_UNIT ( ) );
#8599 =( LENGTH_UNIT ( ) NAMED_UNIT ( * ) SI_UNIT ( .MILLI., .METRE. ) );
#8600 = FILL_AREA_STYLE ('',( #4483 ) ) ;
#8601 = ORIENTED_EDGE ( 'NONE', *, *, #4350, .F. ) ;
#8602 = MANIFOLD_SOLID_BREP ( 'Move Face1', #5450 ) ;
#8603 = DIRECTION ( 'NONE',  ( 0.000000000000000000, 0.000000000000000000, 1.000000000000000000 ) ) ;
#8604 = DIRECTION ( 'NONE',  ( 0.000000000000000000, 0.000000000000000000, 1.000000000000000000 ) ) ;
#8605 = FILL_AREA_STYLE_COLOUR ( '', #1896 ) ;
#8606 = SURFACE_SIDE_STYLE ('',( #10062 ) ) ;
#8607 = PRESENTATION_STYLE_ASSIGNMENT (( #10218 ) ) ;
#8608 =( NAMED_UNIT ( * ) SI_UNIT ( $, .STERADIAN. ) SOLID_ANGLE_UNIT ( ) );
#8609 = ORIENTED_EDGE ( 'NONE', *, *, #9822, .F. ) ;
#8610 = CARTESIAN_POINT ( 'NONE',  ( 0.2553644383338094515, 1.731808957027352269, 0.000000000000000000 ) ) ;
#8611 = UNCERTAINTY_MEASURE_WITH_UNIT (LENGTH_MEASURE( 1.000000000000000082E-05 ), #4344, 'distance_accuracy_value', 'NONE');
#8612 = UNCERTAINTY_MEASURE_WITH_UNIT (LENGTH_MEASURE( 1.000000000000000082E-05 ), #613, 'distance_accuracy_value', 'NONE');
#8613 = ORIENTED_EDGE ( 'NONE', *, *, #5583, .F. ) ;
#8614 = PRESENTATION_LAYER_ASSIGNMENT (  '', '', ( #2758 ) ) ;
#8615 = PRESENTATION_STYLE_ASSIGNMENT (( #3110 ) ) ;
#8616 = ORIENTED_EDGE ( 'NONE', *, *, #3904, .T. ) ;
#8617 =( NAMED_UNIT ( * ) PLANE_ANGLE_UNIT ( ) SI_UNIT ( $, .RADIAN. ) );
#8618 = ADVANCED_FACE ( 'NONE', ( #3200 ), #5768, .T. ) ;
#8619 = EDGE_CURVE ( 'NONE', #3578, #1181, #3680, .T. ) ;
#8620 =( NAMED_UNIT ( * ) SI_UNIT ( $, .STERADIAN. ) SOLID_ANGLE_UNIT ( ) );
#8621 = CARTESIAN_POINT ( 'NONE',  ( 2.599999999999998312, 2.143131898507868051E-16, -1.749999999999999778 ) ) ;
#8622 = MECHANICAL_DESIGN_GEOMETRIC_PRESENTATION_REPRESENTATION (  '', ( #3792 ), #2258 ) ;
#8623 = CARTESIAN_POINT ( 'NONE',  ( -25.39999999999996305, 0.000000000000000000, 0.000000000000000000 ) ) ;
#8624 = UNCERTAINTY_MEASURE_WITH_UNIT (LENGTH_MEASURE( 1.000000000000000082E-05 ), #4289, 'distance_accuracy_value', 'NONE');
#8625 = UNCERTAINTY_MEASURE_WITH_UNIT (LENGTH_MEASURE( 1.000000000000000082E-05 ), #5663, 'distance_accuracy_value', 'NONE');
#8626 = ORIENTED_EDGE ( 'NONE', *, *, #8427, .T. ) ;
#8627 = PRESENTATION_LAYER_ASSIGNMENT (  '', '', ( #3625 ) ) ;
#8628 = DIRECTION ( 'NONE',  ( 0.6663196743247735698, 0.7456662065614397816, 0.000000000000000000 ) ) ;
#8629 = EDGE_CURVE ( 'NONE', #8333, #3889, #6174, .T. ) ;
#8630 = CARTESIAN_POINT ( 'NONE',  ( 0.9968214519863044520, -3.311827956989247035, -4.055819506853600563E-16 ) ) ;
#8631 = LINE ( 'NONE', #5002, #9177 ) ;
#8632 = SURFACE_SIDE_STYLE ('',( #10094 ) ) ;
#8633 = CARTESIAN_POINT ( 'NONE',  ( 1.347043950347263763, 0.000000000000000000, 3.080000000000000515 ) ) ;
#8634 = CARTESIAN_POINT ( 'NONE',  ( 1.949999999999999956, -0.2175000000000006928, 0.2174999999999992495 ) ) ;
#8635 = VERTEX_POINT ( 'NONE', #1274 ) ;
#8636 = DIRECTION ( 'NONE',  ( 0.000000000000000000, -1.000000000000000000, -1.246209393661499126E-16 ) ) ;
#8637 = AXIS2_PLACEMENT_3D ( 'NONE', #1394, #4442, #624 ) ;
#8638 = UNCERTAINTY_MEASURE_WITH_UNIT (LENGTH_MEASURE( 1.000000000000000082E-05 ), #3183, 'distance_accuracy_value', 'NONE');
#8639 = ORIENTED_EDGE ( 'NONE', *, *, #8793, .F. ) ;
#8640 = PLANE ( 'NONE',  #10238 ) ;
#8641 = CARTESIAN_POINT ( 'NONE',  ( 0.000000000000000000, 0.4350000000000068257, -1.959999999999998188 ) ) ;
#8642 = CARTESIAN_POINT ( 'NONE',  ( 2.193400286944045430, -0.1903515064562409931, -2.309278636184418912E-16 ) ) ;
#8643 = EDGE_CURVE ( 'NONE', #6335, #3383, #8536, .T. ) ;
#8644 = DIRECTION ( 'NONE',  ( -0.1108510534444137469, -0.9938370308809506559, -3.448999966305766196E-15 ) ) ;
#8645 = CARTESIAN_POINT ( 'NONE',  ( 2.193400286944045430, -4.336808689942017736E-16, -0.1903515064562410486 ) ) ;
#8646 = ORIENTED_EDGE ( 'NONE', *, *, #10175, .T. ) ;
#8647 = EDGE_CURVE ( 'NONE', #4110, #1964, #8249, .T. ) ;
#8648 = MANIFOLD_SOLID_BREP ( 'Move Face1', #2113 ) ;
#8649 = CIRCLE ( 'NONE', #4310, 5.995482475482740270 ) ;
#8650 = LINE ( 'NONE', #10211, #9654 ) ;
#8651 = CARTESIAN_POINT ( 'NONE',  ( 0.9968214519863044520, 0.000000000000000000, 0.000000000000000000 ) ) ;
#8652 = PRESENTATION_STYLE_ASSIGNMENT (( #5448 ) ) ;
#8653 = STYLED_ITEM ( 'NONE', ( #5755 ), #4427 ) ;
#8654 = FILL_AREA_STYLE_COLOUR ( '', #2837 ) ;
#8655 = DIRECTION ( 'NONE',  ( 0.000000000000000000, 1.000000000000000000, 6.231046968307495628E-17 ) ) ;
#8656 = DIRECTION ( 'NONE',  ( -0.1108510534444137469, 2.096348086633972484E-17, 0.9938370308809506559 ) ) ;
#8657 = EDGE_LOOP ( 'NONE', ( #8409, #6249 ) ) ;
#8658 =( GEOMETRIC_REPRESENTATION_CONTEXT ( 3 ) GLOBAL_UNCERTAINTY_ASSIGNED_CONTEXT ( ( #2234 ) ) GLOBAL_UNIT_ASSIGNED_CONTEXT ( ( #7185, #5503, #6400 ) ) REPRESENTATION_CONTEXT ( 'NONE', 'WORKASPACE' ) );
#8659 = ORIENTED_EDGE ( 'NONE', *, *, #6979, .F. ) ;
#8660 =( GEOMETRIC_REPRESENTATION_CONTEXT ( 3 ) GLOBAL_UNCERTAINTY_ASSIGNED_CONTEXT ( ( #9849 ) ) GLOBAL_UNIT_ASSIGNED_CONTEXT ( ( #4206, #9820, #319 ) ) REPRESENTATION_CONTEXT ( 'NONE', 'WORKASPACE' ) );
#8661 = FACE_OUTER_BOUND ( 'NONE', #1326, .T. ) ;
#8662 = PRESENTATION_LAYER_ASSIGNMENT (  '', '', ( #8136 ) ) ;
#8663 =( NAMED_UNIT ( * ) SI_UNIT ( $, .STERADIAN. ) SOLID_ANGLE_UNIT ( ) );
#8664 = CARTESIAN_POINT ( 'NONE',  ( -25.39999999999996305, 4.286263797015737088E-16, -3.500000000000000444 ) ) ;
#8665 = AXIS2_PLACEMENT_3D ( 'NONE', #7755, #6098, #4633 ) ;
#8666 = DIRECTION ( 'NONE',  ( -1.000000000000000000, -0.000000000000000000, -0.000000000000000000 ) ) ;
#8667 = PRODUCT_RELATED_PRODUCT_CATEGORY ( 'part', '', ( #5682 ) ) ;
#8668 = EDGE_CURVE ( 'NONE', #8206, #4447, #6012, .T. ) ;
#8669 = ORIENTED_EDGE ( 'NONE', *, *, #1728, .T. ) ;
#8670 = TOROIDAL_SURFACE ( 'NONE', #10335, 3.080000000000000515, 0.4200000000000000400 ) ;
#8671 = SURFACE_STYLE_FILL_AREA ( #8722 ) ;
#8672 = AXIS2_PLACEMENT_3D ( 'NONE', #7886, #691, #6971 ) ;
#8673 =( LENGTH_UNIT ( ) NAMED_UNIT ( * ) SI_UNIT ( .MILLI., .METRE. ) );
#8674 = SURFACE_SIDE_STYLE ('',( #7885 ) ) ;
#8675 = DIRECTION ( 'NONE',  ( 0.9938370308809506559, 0.000000000000000000, 0.1108510534444137469 ) ) ;
#8676 = MECHANICAL_DESIGN_GEOMETRIC_PRESENTATION_REPRESENTATION (  '', ( #8324 ), #9665 ) ;
#8677 =( NAMED_UNIT ( * ) SI_UNIT ( $, .STERADIAN. ) SOLID_ANGLE_UNIT ( ) );
#8678 = CIRCLE ( 'NONE', #514, 5.437518987584764929 ) ;
#8679 = DIRECTION ( 'NONE',  ( -1.000000000000000000, -0.000000000000000000, -0.000000000000000000 ) ) ;
#8680 = VERTEX_POINT ( 'NONE', #9376 ) ;
#8681 = CARTESIAN_POINT ( 'NONE',  ( 4.309938594911940868, -1.891316923914901471, 0.000000000000000000 ) ) ;
#8682 = EDGE_CURVE ( 'NONE', #7706, #7230, #2945, .T. ) ;
#8684 = VERTEX_POINT ( 'NONE', #7479 ) ;
#8683 = MANIFOLD_SOLID_BREP ( 'Move Face1', #1934 ) ;
#8685 = COLOUR_RGB ( '',0.7921568627450980005, 0.8196078431372548767, 0.9333333333333333481 ) ;
#8686 = DIRECTION ( 'NONE',  ( -0.9938370308809506559, -0.1108510534444136914, -3.870343844922732447E-16 ) ) ;
#8687 = AXIS2_PLACEMENT_3D ( 'NONE', #8438, #7042, #1284 ) ;
#8688 = FACE_OUTER_BOUND ( 'NONE', #6150, .T. ) ;
#8689 = COLOUR_RGB ( '',0.7764705882352941346, 0.7568627450980391913, 0.7372549019607843590 ) ;
#8690 = CARTESIAN_POINT ( 'NONE',  ( 0.03111693966988647586, -0.4315292644214340778, -0.4315292644214357987 ) ) ;
#8691 = FACE_BOUND ( 'NONE', #10044, .T. ) ;
#8692 = COLOUR_RGB ( '',0.7921568627450980005, 0.8196078431372548767, 0.9333333333333333481 ) ;
#8693 =( GEOMETRIC_REPRESENTATION_CONTEXT ( 3 ) GLOBAL_UNCERTAINTY_ASSIGNED_CONTEXT ( ( #1885 ) ) GLOBAL_UNIT_ASSIGNED_CONTEXT ( ( #7640, #6818, #1222 ) ) REPRESENTATION_CONTEXT ( 'NONE', 'WORKASPACE' ) );
#8694 = SURFACE_STYLE_FILL_AREA ( #8739 ) ;
#8695 = FACE_OUTER_BOUND ( 'NONE', #5478, .T. ) ;
#8696 = ADVANCED_FACE ( 'NONE', ( #10030 ), #9274, .F. ) ;
#8697 = COLOUR_RGB ( '',0.7764705882352941346, 0.7568627450980391913, 0.7372549019607843590 ) ;
#8698 = ORIENTED_EDGE ( 'NONE', *, *, #2104, .T. ) ;
#8699 = PRESENTATION_STYLE_ASSIGNMENT (( #8782 ) ) ;
#8700 = CARTESIAN_POINT ( 'NONE',  ( 0.000000000000000000, -0.4349999999999927813, -1.960000000000001741 ) ) ;
#8701 =( NAMED_UNIT ( * ) SI_UNIT ( $, .STERADIAN. ) SOLID_ANGLE_UNIT ( ) );
#8702 = PLANE ( 'NONE',  #7837 ) ;
#8703 =( NAMED_UNIT ( * ) PLANE_ANGLE_UNIT ( ) SI_UNIT ( $, .RADIAN. ) );
#8704 = PRODUCT_DEFINITION_SHAPE ( 'NONE', 'NONE',  #7900 ) ;
#8705 = ORIENTED_EDGE ( 'NONE', *, *, #9982, .T. ) ;
#8706 = EDGE_CURVE ( 'NONE', #666, #41, #6492, .T. ) ;
#8707 =( GEOMETRIC_REPRESENTATION_CONTEXT ( 3 ) GLOBAL_UNCERTAINTY_ASSIGNED_CONTEXT ( ( #2733 ) ) GLOBAL_UNIT_ASSIGNED_CONTEXT ( ( #260, #543, #601 ) ) REPRESENTATION_CONTEXT ( 'NONE', 'WORKASPACE' ) );
#8708 = UNCERTAINTY_MEASURE_WITH_UNIT (LENGTH_MEASURE( 1.000000000000000082E-05 ), #1973, 'distance_accuracy_value', 'NONE');
#8709 = VERTEX_POINT ( 'NONE', #5958 ) ;
#8710 = SURFACE_STYLE_FILL_AREA ( #3157 ) ;
#8711 = AXIS2_PLACEMENT_3D ( 'NONE', #4220, #1057, #274 ) ;
#8712 = DIRECTION ( 'NONE',  ( -0.1108510534444136914, 1.257808851980383614E-16, -0.9938370308809506559 ) ) ;
#8713 = STYLED_ITEM ( 'NONE', ( #130 ), #9497 ) ;
#8714 = CARTESIAN_POINT ( 'NONE',  ( 5.974195292295553905, 2.619630734554813543E-16, -0.2313525518329656583 ) ) ;
#8715 = PRESENTATION_STYLE_ASSIGNMENT (( #10329 ) ) ;
#8716 = DIRECTION ( 'NONE',  ( 0.7456662065614396706, 0.6663196743247736809, 0.000000000000000000 ) ) ;
#8717 = AXIS2_PLACEMENT_3D ( 'NONE', #6264, #3169, #3882 ) ;
#8718 = UNCERTAINTY_MEASURE_WITH_UNIT (LENGTH_MEASURE( 1.000000000000000082E-05 ), #9789, 'distance_accuracy_value', 'NONE');
#8719 = AXIS2_PLACEMENT_3D ( 'NONE', #3357, #3526, #9833 ) ;
#8720 = FILL_AREA_STYLE_COLOUR ( '', #1321 ) ;
#8721 = ORIENTED_EDGE ( 'NONE', *, *, #2339, .T. ) ;
#8722 = FILL_AREA_STYLE ('',( #6262 ) ) ;
#8723 = CIRCLE ( 'NONE', #10220, 5.995482475482740270 ) ;
#8724 = DIRECTION ( 'NONE',  ( 0.9938370308809507669, -0.1108510534444137746, 0.000000000000000000 ) ) ;
#8725 = VERTEX_POINT ( 'NONE', #3821 ) ;
#8726 = VECTOR ( 'NONE', #6449, 1000.000000000000000 ) ;
#8727 = ORIENTED_EDGE ( 'NONE', *, *, #53, .T. ) ;
#8728 = UNCERTAINTY_MEASURE_WITH_UNIT (LENGTH_MEASURE( 1.000000000000000082E-05 ), #7159, 'distance_accuracy_value', 'NONE');
#8729 =( GEOMETRIC_REPRESENTATION_CONTEXT ( 3 ) GLOBAL_UNCERTAINTY_ASSIGNED_CONTEXT ( ( #8186 ) ) GLOBAL_UNIT_ASSIGNED_CONTEXT ( ( #2729, #3788, #9758 ) ) REPRESENTATION_CONTEXT ( 'NONE', 'WORKASPACE' ) );
#8730 = VERTEX_POINT ( 'NONE', #10176 ) ;
#8731 = AXIS2_PLACEMENT_3D ( 'NONE', #3980, #8628, #7146 ) ;
#8732 = PLANE ( 'NONE',  #5987 ) ;
#8733 = CARTESIAN_POINT ( 'NONE',  ( 37.60000000000000142, 0.000000000000000000, 0.000000000000000000 ) ) ;
#8734 = EDGE_CURVE ( 'NONE', #7589, #9227, #9405, .T. ) ;
#8735 = EDGE_CURVE ( 'NONE', #8279, #7706, #37, .T. ) ;
#8736 = FILL_AREA_STYLE ('',( #9563 ) ) ;
#8737 =( GEOMETRIC_REPRESENTATION_CONTEXT ( 3 ) GLOBAL_UNCERTAINTY_ASSIGNED_CONTEXT ( ( #9555 ) ) GLOBAL_UNIT_ASSIGNED_CONTEXT ( ( #272, #9942, #5871 ) ) REPRESENTATION_CONTEXT ( 'NONE', 'WORKASPACE' ) );
#8738 =( GEOMETRIC_REPRESENTATION_CONTEXT ( 3 ) GLOBAL_UNCERTAINTY_ASSIGNED_CONTEXT ( ( #4143 ) ) GLOBAL_UNIT_ASSIGNED_CONTEXT ( ( #1218, #6031, #9220 ) ) REPRESENTATION_CONTEXT ( 'NONE', 'WORKASPACE' ) );
#8739 = FILL_AREA_STYLE ('',( #9616 ) ) ;
#8740 = EDGE_LOOP ( 'NONE', ( #6898, #2028, #6286 ) ) ;
#8741 = CIRCLE ( 'NONE', #426, 6.000000000000000000 ) ;
#8742 = AXIS2_PLACEMENT_3D ( 'NONE', #6457, #1757, #4947 ) ;
#8743 =( NAMED_UNIT ( * ) SI_UNIT ( $, .STERADIAN. ) SOLID_ANGLE_UNIT ( ) );
#8744 = MANIFOLD_SOLID_BREP ( 'Move Face1', #6981 ) ;
#8745 = CARTESIAN_POINT ( 'NONE',  ( 0.000000000000000000, 0.000000000000000000, -8.000000000000000000 ) ) ;
#8746 = EDGE_CURVE ( 'NONE', #9366, #8709, #759, .T. ) ;
#8747 = DIRECTION ( 'NONE',  ( 0.7431005017819711789, -0.6640269868487613802, 0.08288428673721989770 ) ) ;
#8748 = SURFACE_STYLE_USAGE ( .BOTH. , #5700 ) ;
#8749 = SURFACE_STYLE_FILL_AREA ( #6482 ) ;
#8750 = DIRECTION ( 'NONE',  ( -0.7456662065614397816, -2.326442708608981349E-15, 0.6663196743247735698 ) ) ;
#8751 = STYLED_ITEM ( 'NONE', ( #4240 ), #9943 ) ;
#8752 = ORIENTED_EDGE ( 'NONE', *, *, #3395, .F. ) ;
#8753 = ORIENTED_EDGE ( 'NONE', *, *, #7685, .T. ) ;
#8754 =( NAMED_UNIT ( * ) SI_UNIT ( $, .STERADIAN. ) SOLID_ANGLE_UNIT ( ) );
#8755 = PRODUCT_DEFINITION_FORMATION_WITH_SPECIFIED_SOURCE ( 'ANY', '', #2940, .NOT_KNOWN. ) ;
#8756 = AXIS2_PLACEMENT_3D ( 'NONE', #3844, #7796, #4479 ) ;
#8757 = EDGE_CURVE ( 'NONE', #3865, #4389, #1829, .T. ) ;
#8758 = CARTESIAN_POINT ( 'NONE',  ( 0.9968214519863044520, 0.000000000000000000, 0.000000000000000000 ) ) ;
#8759 = FACE_OUTER_BOUND ( 'NONE', #8367, .T. ) ;
#8760 =( NAMED_UNIT ( * ) PLANE_ANGLE_UNIT ( ) SI_UNIT ( $, .RADIAN. ) );
#8761 = CARTESIAN_POINT ( 'NONE',  ( 6.000000000000000000, 2.326828918379972351E-16, 0.000000000000000000 ) ) ;
#8762 = DIRECTION ( 'NONE',  ( 0.000000000000000000, 1.000000000000000000, 0.000000000000000000 ) ) ;
#8763 = DIRECTION ( 'NONE',  ( 0.9938370308809506559, -0.1108510534444137469, -3.870343844922734420E-16 ) ) ;
#8764 = PRESENTATION_LAYER_ASSIGNMENT (  '', '', ( #8432 ) ) ;
#8765 = EDGE_LOOP ( 'NONE', ( #7636, #1649, #8269, #338 ) ) ;
#8766 = CYLINDRICAL_SURFACE ( 'NONE', #2220, 1.749999999999999778 ) ;
#8767 = SURFACE_STYLE_FILL_AREA ( #4658 ) ;
#8768 = ADVANCED_FACE ( 'NONE', ( #6476 ), #7429, .T. ) ;
#8769 = DIRECTION ( 'NONE',  ( 0.000000000000000000, 0.000000000000000000, 1.000000000000000000 ) ) ;
#8770 =( GEOMETRIC_REPRESENTATION_CONTEXT ( 3 ) GLOBAL_UNCERTAINTY_ASSIGNED_CONTEXT ( ( #6295 ) ) GLOBAL_UNIT_ASSIGNED_CONTEXT ( ( #5106, #9807, #1022 ) ) REPRESENTATION_CONTEXT ( 'NONE', 'WORKASPACE' ) );
#8771 = FILL_AREA_STYLE ('',( #5669 ) ) ;
#8772 = SURFACE_STYLE_FILL_AREA ( #1609 ) ;
#8773 = FACE_OUTER_BOUND ( 'NONE', #6129, .T. ) ;
#8774 = ORIENTED_EDGE ( 'NONE', *, *, #5517, .F. ) ;
#8775 = ORIENTED_EDGE ( 'NONE', *, *, #8539, .F. ) ;
#8776 =( NAMED_UNIT ( * ) PLANE_ANGLE_UNIT ( ) SI_UNIT ( $, .RADIAN. ) );
#8777 =( NAMED_UNIT ( * ) SI_UNIT ( $, .STERADIAN. ) SOLID_ANGLE_UNIT ( ) );
#8778 = DIRECTION ( 'NONE',  ( -1.000000000000000000, -0.000000000000000000, -0.000000000000000000 ) ) ;
#8779 = ORIENTED_EDGE ( 'NONE', *, *, #3873, .T. ) ;
#8780 = EDGE_CURVE ( 'NONE', #4181, #4377, #3167, .T. ) ;
#8781 = CARTESIAN_POINT ( 'NONE',  ( 2.599999999999998312, 0.000000000000000000, 3.500000000000000000 ) ) ;
#8782 = SURFACE_STYLE_USAGE ( .BOTH. , #2399 ) ;
#8783 = ORIENTED_EDGE ( 'NONE', *, *, #9947, .F. ) ;
#8784 = PRESENTATION_STYLE_ASSIGNMENT (( #2401 ) ) ;
#8785 =( LENGTH_UNIT ( ) NAMED_UNIT ( * ) SI_UNIT ( .MILLI., .METRE. ) );
#8786 = FACE_OUTER_BOUND ( 'NONE', #4086, .T. ) ;
#8787 = PRESENTATION_STYLE_ASSIGNMENT (( #4112 ) ) ;
#8788 = CARTESIAN_POINT ( 'NONE',  ( -25.39999999999996305, 0.000000000000000000, 0.000000000000000000 ) ) ;
#8789 = FILL_AREA_STYLE_COLOUR ( '', #8591 ) ;
#8790 = ORIENTED_EDGE ( 'NONE', *, *, #6300, .F. ) ;
#8791 = CARTESIAN_POINT ( 'NONE',  ( 5.974195292295553905, -0.2313525518329657138, -8.028830871489587498E-16 ) ) ;
#8792 = UNCERTAINTY_MEASURE_WITH_UNIT (LENGTH_MEASURE( 1.000000000000000082E-05 ), #2626, 'distance_accuracy_value', 'NONE');
#8793 = EDGE_CURVE ( 'NONE', #2666, #3064, #9189, .T. ) ;
#8794 = DIRECTION ( 'NONE',  ( 0.000000000000000000, 0.000000000000000000, -1.000000000000000000 ) ) ;
#8795 = ORIENTED_EDGE ( 'NONE', *, *, #9150, .F. ) ;
#8796 =( GEOMETRIC_REPRESENTATION_CONTEXT ( 3 ) GLOBAL_UNCERTAINTY_ASSIGNED_CONTEXT ( ( #5132 ) ) GLOBAL_UNIT_ASSIGNED_CONTEXT ( ( #9308, #4274, #3042 ) ) REPRESENTATION_CONTEXT ( 'NONE', 'WORKASPACE' ) );
#8797 = STYLED_ITEM ( 'NONE', ( #4950 ), #251 ) ;
#8798 = CARTESIAN_POINT ( 'NONE',  ( 1.949999999999999956, 0.2174999999999999989, -0.2174999999999999711 ) ) ;
#8799 = DIRECTION ( 'NONE',  ( -0.1108510534444137469, 2.096348086633972484E-17, 0.9938370308809506559 ) ) ;
#8800 = PLANE ( 'NONE',  #810 ) ;
#8801 = CARTESIAN_POINT ( 'NONE',  ( 0.2666411873824114376, -1.721732169736485796, -0.4052592521765772116 ) ) ;
#8802 = LINE ( 'NONE', #3257, #6087 ) ;
#8803 = SURFACE_SIDE_STYLE ('',( #5439 ) ) ;
#8804 = FILL_AREA_STYLE_COLOUR ( '', #8685 ) ;
#8805 = MECHANICAL_DESIGN_GEOMETRIC_PRESENTATION_REPRESENTATION (  '', ( #3138 ), #1794 ) ;
#8806 = CIRCLE ( 'NONE', #1960, 5.437518987584765817 ) ;
#8807 = EDGE_CURVE ( 'NONE', #5261, #8936, #8000, .T. ) ;
#8808 = ORIENTED_EDGE ( 'NONE', *, *, #8682, .T. ) ;
#8809 = CYLINDRICAL_SURFACE ( 'NONE', #8742, 1.749999999999999778 ) ;
#8810 = CIRCLE ( 'NONE', #3307, 5.995482475482740270 ) ;
#8811 = FILL_AREA_STYLE_COLOUR ( '', #8573 ) ;
#8812 = PRESENTATION_LAYER_ASSIGNMENT (  '', '', ( #2989 ) ) ;
#8813 = DIRECTION ( 'NONE',  ( -1.000000000000000000, -0.000000000000000000, -0.000000000000000000 ) ) ;
#8814 = SURFACE_STYLE_FILL_AREA ( #5431 ) ;
#8815 = DIRECTION ( 'NONE',  ( -0.9877866216249070463, -0.1101762001043161271, -0.1101762001043165851 ) ) ;
#8816 = VERTEX_POINT ( 'NONE', #1538 ) ;
#8817 = STYLED_ITEM ( 'NONE', ( #3223 ), #5371 ) ;
#8818 = DIRECTION ( 'NONE',  ( 0.9938370308809506559, 0.000000000000000000, 0.1108510534444137469 ) ) ;
#8819 = VECTOR ( 'NONE', #4553, 1000.000000000000000 ) ;
#8820 = ADVANCED_FACE ( 'NONE', ( #8204 ), #30, .T. ) ;
#8821 = MECHANICAL_DESIGN_GEOMETRIC_PRESENTATION_REPRESENTATION (  '', ( #4993 ), #8147 ) ;
#8822 = UNCERTAINTY_MEASURE_WITH_UNIT (LENGTH_MEASURE( 1.000000000000000082E-05 ), #178, 'distance_accuracy_value', 'NONE');
#8823 = ORIENTED_EDGE ( 'NONE', *, *, #7330, .T. ) ;
#8824 = PRESENTATION_STYLE_ASSIGNMENT (( #5847 ) ) ;
#8825 = CARTESIAN_POINT ( 'NONE',  ( 0.9968214519863044520, 0.000000000000000000, 0.000000000000000000 ) ) ;
#8826 = STYLED_ITEM ( 'NONE', ( #1821 ), #5643 ) ;
#8827 = DIRECTION ( 'NONE',  ( -0.1108510534444137469, -0.9938370308809506559, -3.448999966305766196E-15 ) ) ;
#8828 =( GEOMETRIC_REPRESENTATION_CONTEXT ( 3 ) GLOBAL_UNCERTAINTY_ASSIGNED_CONTEXT ( ( #3059 ) ) GLOBAL_UNIT_ASSIGNED_CONTEXT ( ( #1754, #239, #7191 ) ) REPRESENTATION_CONTEXT ( 'NONE', 'WORKASPACE' ) );
#8829 = CARTESIAN_POINT ( 'NONE',  ( 2.600000000000000089, 1.749999999999999778, 0.000000000000000000 ) ) ;
#8830 =( NAMED_UNIT ( * ) SI_UNIT ( $, .STERADIAN. ) SOLID_ANGLE_UNIT ( ) );
#8831 =( NAMED_UNIT ( * ) PLANE_ANGLE_UNIT ( ) SI_UNIT ( $, .RADIAN. ) );
#8832 = AXIS2_PLACEMENT_3D ( 'NONE', #8428, #4428, #3683 ) ;
#8833 =( NAMED_UNIT ( * ) PLANE_ANGLE_UNIT ( ) SI_UNIT ( $, .RADIAN. ) );
#8834 = STYLED_ITEM ( 'NONE', ( #2506 ), #5961 ) ;
#8835 = EDGE_LOOP ( 'NONE', ( #8293, #4541 ) ) ;
#8836 = CIRCLE ( 'NONE', #9323, 5.995482475482740270 ) ;
#8837 = PRESENTATION_LAYER_ASSIGNMENT (  '', '', ( #2316 ) ) ;
#8838 = SPHERICAL_SURFACE ( 'NONE', #6243, 6.000000000000000000 ) ;
#8839 = VERTEX_POINT ( 'NONE', #4767 ) ;
#8840 = MANIFOLD_SOLID_BREP ( 'Move Face1', #7794 ) ;
#8841 = DIRECTION ( 'NONE',  ( 0.7431005017819711789, 0.08288428673721742745, 0.6640269868487616023 ) ) ;
#8842 = FILL_AREA_STYLE_COLOUR ( '', #897 ) ;
#8843 = PLANE ( 'NONE',  #5963 ) ;
#8844 = ADVANCED_FACE ( 'NONE', ( #9201 ), #995, .T. ) ;
#8845 = PRESENTATION_LAYER_ASSIGNMENT (  '', '', ( #9363 ) ) ;
#8846 = ORIENTED_EDGE ( 'NONE', *, *, #1224, .T. ) ;
#8847 = FILL_AREA_STYLE ('',( #6444 ) ) ;
#8848 = STYLED_ITEM ( 'NONE', ( #6828 ), #8981 ) ;
#8849 = DIRECTION ( 'NONE',  ( -0.7456662065614397816, 0.6663196743247735698, 0.000000000000000000 ) ) ;
#8850 = PRESENTATION_LAYER_ASSIGNMENT (  '', '', ( #8527 ) ) ;
#8851 = ORIENTED_EDGE ( 'NONE', *, *, #2203, .F. ) ;
#8852 = VECTOR ( 'NONE', #1466, 1000.000000000000000 ) ;
#8853 = CARTESIAN_POINT ( 'NONE',  ( 0.9968214519863044520, 0.000000000000000000, 3.311827956989247479 ) ) ;
#8854 = SURFACE_STYLE_USAGE ( .BOTH. , #2371 ) ;
#8855 =( LENGTH_UNIT ( ) NAMED_UNIT ( * ) SI_UNIT ( .MILLI., .METRE. ) );
#8857 = EDGE_CURVE ( 'NONE', #8890, #4110, #1170, .T. ) ;
#8856 = MECHANICAL_DESIGN_GEOMETRIC_PRESENTATION_REPRESENTATION (  '', ( #8020 ), #2509 ) ;
#8858 = SURFACE_STYLE_FILL_AREA ( #9638 ) ;
#8859 = EDGE_CURVE ( 'NONE', #4526, #155, #2659, .T. ) ;
#8860 = FILL_AREA_STYLE ('',( #6355 ) ) ;
#8861 = CIRCLE ( 'NONE', #9525, 5.995482475482741158 ) ;
#8862 = SURFACE_SIDE_STYLE ('',( #9640 ) ) ;
#8863 = PLANE ( 'NONE',  #5639 ) ;
#8864 = ORIENTED_EDGE ( 'NONE', *, *, #6143, .F. ) ;
#8865 = PRODUCT ( 'M3.5 x 30 Screw head', 'M3.5 x 30 Screw head', '', ( #2703 ) ) ;
#8866 = ORIENTED_EDGE ( 'NONE', *, *, #4350, .T. ) ;
#8867 = AXIS2_PLACEMENT_3D ( 'NONE', #4539, #20, #10268 ) ;
#8868 = PRESENTATION_LAYER_ASSIGNMENT (  '', '', ( #8713 ) ) ;
#8869 = MECHANICAL_DESIGN_GEOMETRIC_PRESENTATION_REPRESENTATION (  '', ( #6208 ), #5194 ) ;
#8870 =( NAMED_UNIT ( * ) SI_UNIT ( $, .STERADIAN. ) SOLID_ANGLE_UNIT ( ) );
#8871 =( NAMED_UNIT ( * ) PLANE_ANGLE_UNIT ( ) SI_UNIT ( $, .RADIAN. ) );
#8872 = DIRECTION ( 'NONE',  ( 0.000000000000000000, 0.000000000000000000, -1.000000000000000000 ) ) ;
#8873 = CARTESIAN_POINT ( 'NONE',  ( 0.2666411873824114376, 1.721732169736486240, -0.4052592521765773226 ) ) ;
#8874 = CYLINDRICAL_SURFACE ( 'NONE', #1489, 3.500000000000000444 ) ;
#8875 =( LENGTH_UNIT ( ) NAMED_UNIT ( * ) SI_UNIT ( .MILLI., .METRE. ) );
#8876 = DIRECTION ( 'NONE',  ( -0.1108510534444136914, 1.257808851980383614E-16, -0.9938370308809506559 ) ) ;
#8877 = ADVANCED_FACE ( 'NONE', ( #1776 ), #6599, .T. ) ;
#8878 = MECHANICAL_DESIGN_GEOMETRIC_PRESENTATION_REPRESENTATION (  '', ( #9868 ), #2191 ) ;
#8879 = FACE_OUTER_BOUND ( 'NONE', #8970, .T. ) ;
#8880 = ORIENTED_EDGE ( 'NONE', *, *, #8478, .T. ) ;
#8881 = LINE ( 'NONE', #9707, #6001 ) ;
#8882 = EDGE_LOOP ( 'NONE', ( #9574, #3689, #771 ) ) ;
#8883 = PRESENTATION_LAYER_ASSIGNMENT (  '', '', ( #6196 ) ) ;
#8884 = STYLED_ITEM ( 'NONE', ( #9570 ), #1959 ) ;
#8885 = SURFACE_STYLE_USAGE ( .BOTH. , #2490 ) ;
#8886 = ADVANCED_FACE ( 'NONE', ( #1215 ), #2664, .T. ) ;
#8887 = DIRECTION ( 'NONE',  ( -1.000000000000000000, -0.000000000000000000, -0.000000000000000000 ) ) ;
#8888 = DIRECTION ( 'NONE',  ( 0.6663196743247735698, 0.7456662065614397816, 0.000000000000000000 ) ) ;
#8889 = MECHANICAL_DESIGN_GEOMETRIC_PRESENTATION_REPRESENTATION (  '', ( #4074 ), #4573 ) ;
#8890 = VERTEX_POINT ( 'NONE', #938 ) ;
#8891 = DIRECTION ( 'NONE',  ( -0.9938370308809507669, 0.000000000000000000, 0.1108510534444137052 ) ) ;
#8892 =( NAMED_UNIT ( * ) PLANE_ANGLE_UNIT ( ) SI_UNIT ( $, .RADIAN. ) );
#8893 = ORIENTED_EDGE ( 'NONE', *, *, #894, .T. ) ;
#8894 = COLOUR_RGB ( '',0.7764705882352941346, 0.7568627450980391913, 0.7372549019607843590 ) ;
#8895 =( LENGTH_UNIT ( ) NAMED_UNIT ( * ) SI_UNIT ( .MILLI., .METRE. ) );
#8896 =( LENGTH_UNIT ( ) NAMED_UNIT ( * ) SI_UNIT ( .MILLI., .METRE. ) );
#8897 =( LENGTH_UNIT ( ) NAMED_UNIT ( * ) SI_UNIT ( .MILLI., .METRE. ) );
#8898 = CARTESIAN_POINT ( 'NONE',  ( 2.193400286944045430, 4.336808689942017736E-16, 0.1903515064562409931 ) ) ;
#8899 = ORIENTED_EDGE ( 'NONE', *, *, #4732, .F. ) ;
#8900 =( LENGTH_UNIT ( ) NAMED_UNIT ( * ) SI_UNIT ( .MILLI., .METRE. ) );
#8901 = UNCERTAINTY_MEASURE_WITH_UNIT (LENGTH_MEASURE( 1.000000000000000082E-05 ), #2060, 'distance_accuracy_value', 'NONE');
#8902 = CIRCLE ( 'NONE', #746, 5.995482475482741158 ) ;
#8903 = ORIENTED_EDGE ( 'NONE', *, *, #376, .T. ) ;
#8904 =( NAMED_UNIT ( * ) SI_UNIT ( $, .STERADIAN. ) SOLID_ANGLE_UNIT ( ) );
#8905 = DIRECTION ( 'NONE',  ( 0.000000000000000000, 0.000000000000000000, 1.000000000000000000 ) ) ;
#8906 = DIRECTION ( 'NONE',  ( -0.1108510534444137469, -0.9938370308809506559, -3.448999966305766196E-15 ) ) ;
#8907 = PRESENTATION_LAYER_ASSIGNMENT (  '', '', ( #4916 ) ) ;
#8908 =( NAMED_UNIT ( * ) PLANE_ANGLE_UNIT ( ) SI_UNIT ( $, .RADIAN. ) );
#8909 = SURFACE_SIDE_STYLE ('',( #9012 ) ) ;
#8910 = UNCERTAINTY_MEASURE_WITH_UNIT (LENGTH_MEASURE( 1.000000000000000082E-05 ), #4340, 'distance_accuracy_value', 'NONE');
#8911 = ORIENTED_EDGE ( 'NONE', *, *, #2180, .F. ) ;
#8912 = VERTEX_POINT ( 'NONE', #9606 ) ;
#8913 = STYLED_ITEM ( 'NONE', ( #6142 ), #3249 ) ;
#8914 = EDGE_CURVE ( 'NONE', #10274, #6335, #6425, .T. ) ;
#8915 = STYLED_ITEM ( 'NONE', ( #9678 ), #10029 ) ;
#8916 = ADVANCED_FACE ( 'NONE', ( #159 ), #7160, .T. ) ;
#8917 = FACE_OUTER_BOUND ( 'NONE', #3710, .T. ) ;
#8918 =( NAMED_UNIT ( * ) SI_UNIT ( $, .STERADIAN. ) SOLID_ANGLE_UNIT ( ) );
#8919 =( NAMED_UNIT ( * ) PLANE_ANGLE_UNIT ( ) SI_UNIT ( $, .RADIAN. ) );
#8920 = CARTESIAN_POINT ( 'NONE',  ( 2.214116351126373949, 0.1880408685282127790, -0.1880408685282121406 ) ) ;
#8921 = PRESENTATION_LAYER_ASSIGNMENT (  '', '', ( #7605 ) ) ;
#8922 = APPLICATION_CONTEXT ( 'automotive_design' ) ;
#8923 = DIRECTION ( 'NONE',  ( 0.7456662065614396706, 0.6663196743247736809, 0.000000000000000000 ) ) ;
#8924 = DIRECTION ( 'NONE',  ( 0.000000000000000000, 0.000000000000000000, -1.000000000000000000 ) ) ;
#8925 = UNCERTAINTY_MEASURE_WITH_UNIT (LENGTH_MEASURE( 1.000000000000000082E-05 ), #4723, 'distance_accuracy_value', 'NONE');
#8926 = ORIENTED_EDGE ( 'NONE', *, *, #4543, .T. ) ;
#8927 = EDGE_CURVE ( 'NONE', #5763, #8253, #9197, .T. ) ;
#8928 = CARTESIAN_POINT ( 'NONE',  ( 2.599999999999998312, 0.000000000000000000, 0.000000000000000000 ) ) ;
#8929 = SURFACE_STYLE_FILL_AREA ( #4865 ) ;
#8930 = CARTESIAN_POINT ( 'NONE',  ( 0.9968214519863044520, 0.000000000000000000, 0.000000000000000000 ) ) ;
#8931 = CARTESIAN_POINT ( 'NONE',  ( 2.599999999999998312, 0.000000000000000000, 0.000000000000000000 ) ) ;
#8932 = PRESENTATION_STYLE_ASSIGNMENT (( #3346 ) ) ;
#8933 = PLANE ( 'NONE',  #9480 ) ;
#8934 = DIRECTION ( 'NONE',  ( 0.6663196743247735698, 0.7456662065614397816, 0.000000000000000000 ) ) ;
#8935 = ADVANCED_BREP_SHAPE_REPRESENTATION ( '', ( #8602, #5069 ), #7586 ) ;
#8936 = VERTEX_POINT ( 'NONE', #7117 ) ;
#8937 = EDGE_CURVE ( 'NONE', #9907, #10274, #4369, .T. ) ;
#8938 = FILL_AREA_STYLE_COLOUR ( '', #5332 ) ;
#8939 =( LENGTH_UNIT ( ) NAMED_UNIT ( * ) SI_UNIT ( .MILLI., .METRE. ) );
#8940 = ORIENTED_EDGE ( 'NONE', *, *, #5254, .F. ) ;
#8941 = CIRCLE ( 'NONE', #10289, 1.749999999999999778 ) ;
#8942 = PRESENTATION_STYLE_ASSIGNMENT (( #8102 ) ) ;
#8943 =( LENGTH_UNIT ( ) NAMED_UNIT ( * ) SI_UNIT ( .MILLI., .METRE. ) );
#8944 = CARTESIAN_POINT ( 'NONE',  ( 0.2666411873824114376, 0.4052592521765831513, -1.721732169736484019 ) ) ;
#8945 = ORIENTED_EDGE ( 'NONE', *, *, #1593, .T. ) ;
#8946 = VECTOR ( 'NONE', #9389, 1000.000000000000000 ) ;
#8947 = ADVANCED_FACE ( 'NONE', ( #1555 ), #4758, .T. ) ;
#8948 = PRESENTATION_STYLE_ASSIGNMENT (( #2573 ) ) ;
#8949 = ORIENTED_EDGE ( 'NONE', *, *, #7799, .F. ) ;
#8950 = CARTESIAN_POINT ( 'NONE',  ( -25.39999999999996305, 4.286263797015737088E-16, -3.500000000000000444 ) ) ;
#8951 = CARTESIAN_POINT ( 'NONE',  ( 6.000000000000000000, 2.326828918379972351E-16, 0.000000000000000000 ) ) ;
#8952 =( LENGTH_UNIT ( ) NAMED_UNIT ( * ) SI_UNIT ( .MILLI., .METRE. ) );
#8953 = PRESENTATION_STYLE_ASSIGNMENT (( #7402 ) ) ;
#8954 = FILL_AREA_STYLE_COLOUR ( '', #7693 ) ;
#8955 = CARTESIAN_POINT ( 'NONE',  ( 1.347043950347263763, 0.000000000000000000, 0.000000000000000000 ) ) ;
#8956 = VERTEX_POINT ( 'NONE', #2620 ) ;
#8957 = ORIENTED_EDGE ( 'NONE', *, *, #4148, .T. ) ;
#8958 = PRESENTATION_LAYER_ASSIGNMENT (  '', '', ( #5787 ) ) ;
#8959 = ORIENTED_EDGE ( 'NONE', *, *, #5866, .T. ) ;
#8960 = FACE_OUTER_BOUND ( 'NONE', #6261, .T. ) ;
#8962 = CARTESIAN_POINT ( 'NONE',  ( 5.974195292295553905, 2.375629221075779134E-16, 0.2313525518329657416 ) ) ;
#8961 = DIRECTION ( 'NONE',  ( 0.7431005017819711789, 0.08288428673721742745, 0.6640269868487616023 ) ) ;
#8963 = AXIS2_PLACEMENT_3D ( 'NONE', #5219, #8412, #7112 ) ;
#8964 =( NAMED_UNIT ( * ) SI_UNIT ( $, .STERADIAN. ) SOLID_ANGLE_UNIT ( ) );
#8965 = FILL_AREA_STYLE ('',( #6692 ) ) ;
#8966 = VECTOR ( 'NONE', #1081, 999.9999999999998863 ) ;
#8967 = PLANE ( 'NONE',  #2008 ) ;
#8968 = PRODUCT_RELATED_PRODUCT_CATEGORY ( 'part', '', ( #2940 ) ) ;
#8969 = DIRECTION ( 'NONE',  ( 0.7456662065614397816, 0.6663196743247735698, 0.000000000000000000 ) ) ;
#8970 = EDGE_LOOP ( 'NONE', ( #2597, #9633, #1871, #3833 ) ) ;
#8971 = PRESENTATION_LAYER_ASSIGNMENT (  '', '', ( #3138 ) ) ;
#8972 = CIRCLE ( 'NONE', #138, 1.749999999999999778 ) ;
#8973 =( NAMED_UNIT ( * ) SI_UNIT ( $, .STERADIAN. ) SOLID_ANGLE_UNIT ( ) );
#8974 = PRESENTATION_STYLE_ASSIGNMENT (( #6468 ) ) ;
#8975 = ORIENTED_EDGE ( 'NONE', *, *, #7194, .F. ) ;
#8976 = SURFACE_SIDE_STYLE ('',( #310 ) ) ;
#8977 = CARTESIAN_POINT ( 'NONE',  ( 0.03111693966988647586, -0.4315292644214340778, -0.4315292644214357987 ) ) ;
#8978 = SURFACE_STYLE_USAGE ( .BOTH. , #939 ) ;
#8979 = MECHANICAL_DESIGN_GEOMETRIC_PRESENTATION_REPRESENTATION (  '', ( #152 ), #9331 ) ;
#8980 = CIRCLE ( 'NONE', #10327, 5.437518987584764929 ) ;
#8981 = ADVANCED_FACE ( 'NONE', ( #280 ), #1843, .T. ) ;
#8982 = CIRCLE ( 'NONE', #7820, 3.500000000000000444 ) ;
#8983 = LINE ( 'NONE', #8195, #6652 ) ;
#8984 = DIRECTION ( 'NONE',  ( 0.000000000000000000, 0.000000000000000000, 1.000000000000000000 ) ) ;
#8985 = DIRECTION ( 'NONE',  ( -0.9938370308809507669, -0.1108510534444137052, 0.000000000000000000 ) ) ;
#8986 = DIRECTION ( 'NONE',  ( -1.000000000000000000, -0.000000000000000000, -0.000000000000000000 ) ) ;
#8987 =( GEOMETRIC_REPRESENTATION_CONTEXT ( 3 ) GLOBAL_UNCERTAINTY_ASSIGNED_CONTEXT ( ( #8373 ) ) GLOBAL_UNIT_ASSIGNED_CONTEXT ( ( #3267, #4597, #1637 ) ) REPRESENTATION_CONTEXT ( 'NONE', 'WORKASPACE' ) );
#8988 = SURFACE_STYLE_USAGE ( .BOTH. , #216 ) ;
#8989 = ORIENTED_EDGE ( 'NONE', *, *, #5463, .T. ) ;
#8990 = DIRECTION ( 'NONE',  ( 0.9877866216249069353, 0.1101762001043169042, -0.1101762001043164879 ) ) ;
#8991 = CARTESIAN_POINT ( 'NONE',  ( 0.000000000000000000, -1.959999999999999964, 0.4349999999999996092 ) ) ;
#8992 =( NAMED_UNIT ( * ) PLANE_ANGLE_UNIT ( ) SI_UNIT ( $, .RADIAN. ) );
#8993 = DIRECTION ( 'NONE',  ( 0.000000000000000000, 1.000000000000000000, 1.224646799147353207E-16 ) ) ;
#8994 = STYLED_ITEM ( 'NONE', ( #5723 ), #8744 ) ;
#8995 = ADVANCED_FACE ( 'NONE', ( #565 ), #2067, .T. ) ;
#8996 = TOROIDAL_SURFACE ( 'NONE', #1825, 3.080000000000000515, 0.4200000000000000400 ) ;
#8997 =( GEOMETRIC_REPRESENTATION_CONTEXT ( 3 ) GLOBAL_UNCERTAINTY_ASSIGNED_CONTEXT ( ( #7865 ) ) GLOBAL_UNIT_ASSIGNED_CONTEXT ( ( #2040, #8537, #6937 ) ) REPRESENTATION_CONTEXT ( 'NONE', 'WORKASPACE' ) );
#8998 = ORIENTED_EDGE ( 'NONE', *, *, #7583, .T. ) ;
#8999 = AXIS2_PLACEMENT_3D ( 'NONE', #3653, #5956, #3610 ) ;
#9000 = UNCERTAINTY_MEASURE_WITH_UNIT (LENGTH_MEASURE( 1.000000000000000082E-05 ), #8939, 'distance_accuracy_value', 'NONE');
#9001 = EDGE_LOOP ( 'NONE', ( #650, #4307, #1976 ) ) ;
#9002 = COLOUR_RGB ( '',0.7921568627450980005, 0.8196078431372548767, 0.9333333333333333481 ) ;
#9003 = CIRCLE ( 'NONE', #4523, 3.311827956989247479 ) ;
#9004 = FACE_OUTER_BOUND ( 'NONE', #4127, .T. ) ;
#9005 = FILL_AREA_STYLE ('',( #2575 ) ) ;
#9006 = DIRECTION ( 'NONE',  ( -1.000000000000000000, -0.000000000000000000, -0.000000000000000000 ) ) ;
#9007 = SURFACE_STYLE_FILL_AREA ( #1118 ) ;
#9008 = CARTESIAN_POINT ( 'NONE',  ( 0.03111693966988647586, -0.4315292644214340778, -0.4315292644214357987 ) ) ;
#9009 = EDGE_CURVE ( 'NONE', #10071, #170, #9347, .T. ) ;
#9010 = AXIS2_PLACEMENT_3D ( 'NONE', #1938, #1995, #1008 ) ;
#9011 =( NAMED_UNIT ( * ) PLANE_ANGLE_UNIT ( ) SI_UNIT ( $, .RADIAN. ) );
#9012 = SURFACE_STYLE_FILL_AREA ( #9593 ) ;
#9013 = UNCERTAINTY_MEASURE_WITH_UNIT (LENGTH_MEASURE( 1.000000000000000082E-05 ), #9642, 'distance_accuracy_value', 'NONE');
#9014 = EDGE_LOOP ( 'NONE', ( #581, #451, #8864, #5224 ) ) ;
#9015 = VERTEX_POINT ( 'NONE', #1189 ) ;
#9016 = SURFACE_STYLE_FILL_AREA ( #3436 ) ;
#9017 = CARTESIAN_POINT ( 'NONE',  ( 2.193400286944045430, 4.336808689942017736E-16, 0.1903515064562409931 ) ) ;
#9018 = PRESENTATION_STYLE_ASSIGNMENT (( #9183 ) ) ;
#9019 = PRESENTATION_LAYER_ASSIGNMENT (  '', '', ( #5013 ) ) ;
#9020 = FACE_OUTER_BOUND ( 'NONE', #2328, .T. ) ;
#9021 = SURFACE_STYLE_USAGE ( .BOTH. , #5156 ) ;
#9022 = CARTESIAN_POINT ( 'NONE',  ( 1.949999999999999956, -0.2175000000000000266, -0.2174999999999999989 ) ) ;
#9023 = PRESENTATION_LAYER_ASSIGNMENT (  '', '', ( #6712 ) ) ;
#9024 = PRESENTATION_LAYER_ASSIGNMENT (  '', '', ( #547 ) ) ;
#9025 = COLOUR_RGB ( '',0.7764705882352941346, 0.7568627450980391913, 0.7372549019607843590 ) ;
#9026 = UNCERTAINTY_MEASURE_WITH_UNIT (LENGTH_MEASURE( 1.000000000000000082E-05 ), #4323, 'distance_accuracy_value', 'NONE');
#9027 = ORIENTED_EDGE ( 'NONE', *, *, #5357, .F. ) ;
#9028 = DIRECTION ( 'NONE',  ( 0.7431005017819711789, -0.08288428673721758011, -0.6640269868487616023 ) ) ;
#9029 = CYLINDRICAL_SURFACE ( 'NONE', #7700, 1.749999999999999778 ) ;
#9030 = ORIENTED_EDGE ( 'NONE', *, *, #7551, .F. ) ;
#9031 = AXIS2_PLACEMENT_3D ( 'NONE', #5110, #258, #8130 ) ;
#9032 =( NAMED_UNIT ( * ) SI_UNIT ( $, .STERADIAN. ) SOLID_ANGLE_UNIT ( ) );
#9033 = MECHANICAL_DESIGN_GEOMETRIC_PRESENTATION_REPRESENTATION (  '', ( #4225 ), #4715 ) ;
#9034 = LINE ( 'NONE', #2552, #3758 ) ;
#9035 = VERTEX_POINT ( 'NONE', #7571 ) ;
#9036 = DIRECTION ( 'NONE',  ( 0.9938370308809507669, -0.1108510534444137746, 0.000000000000000000 ) ) ;
#9037 = ORIENTED_EDGE ( 'NONE', *, *, #1765, .T. ) ;
#9038 = VECTOR ( 'NONE', #3623, 1000.000000000000000 ) ;
#9039 = SURFACE_SIDE_STYLE ('',( #1873 ) ) ;
#9040 = FILL_AREA_STYLE ('',( #2830 ) ) ;
#9041 = EDGE_CURVE ( 'NONE', #9366, #1573, #5204, .T. ) ;
#9042 = EDGE_CURVE ( 'NONE', #9227, #8255, #6875, .T. ) ;
#9043 = EDGE_LOOP ( 'NONE', ( #8721, #5520, #66 ) ) ;
#9044 = LINE ( 'NONE', #6604, #8080 ) ;
#9045 = SURFACE_SIDE_STYLE ('',( #2611 ) ) ;
#9046 = CARTESIAN_POINT ( 'NONE',  ( 1.949999999999999956, -0.2175000000000006928, 0.2174999999999992495 ) ) ;
#9047 = SURFACE_SIDE_STYLE ('',( #951 ) ) ;
#9048 = CARTESIAN_POINT ( 'NONE',  ( 1.949999999999999956, 0.2174999999999999989, 0.2174999999999999711 ) ) ;
#9049 =( GEOMETRIC_REPRESENTATION_CONTEXT ( 3 ) GLOBAL_UNCERTAINTY_ASSIGNED_CONTEXT ( ( #7266 ) ) GLOBAL_UNIT_ASSIGNED_CONTEXT ( ( #9293, #634, #3770 ) ) REPRESENTATION_CONTEXT ( 'NONE', 'WORKASPACE' ) );
#9050 = ORIENTED_EDGE ( 'NONE', *, *, #9112, .F. ) ;
#9051 = CIRCLE ( 'NONE', #10079, 5.995482475482741158 ) ;
#9052 = COLOUR_RGB ( '',0.7764705882352941346, 0.7568627450980391913, 0.7372549019607843590 ) ;
#9053 = STYLED_ITEM ( 'NONE', ( #1090 ), #2082 ) ;
#9054 = EDGE_CURVE ( 'NONE', #1300, #674, #5252, .T. ) ;
#9055 = DIRECTION ( 'NONE',  ( 0.000000000000000000, 1.000000000000000000, 0.000000000000000000 ) ) ;
#9056 = FILL_AREA_STYLE ('',( #8220 ) ) ;
#9057 = APPLICATION_CONTEXT ( 'automotive_design' ) ;
#9058 = CARTESIAN_POINT ( 'NONE',  ( 0.9968214519863044520, 4.171041651934668579E-16, -3.311827956989247479 ) ) ;
#9059 = DIRECTION ( 'NONE',  ( -0.9938370308809506559, -0.1108510534444136914, -3.870343844922732447E-16 ) ) ;
#9060 = FACE_OUTER_BOUND ( 'NONE', #1949, .T. ) ;
#9061 = CARTESIAN_POINT ( 'NONE',  ( 1.347043950347265318, 0.000000000000000000, 3.500000000000000444 ) ) ;
#9062 = CARTESIAN_POINT ( 'NONE',  ( 0.000000000000000000, -1.959999999999999964, -0.4349999999999999978 ) ) ;
#9063 = PRESENTATION_LAYER_ASSIGNMENT (  '', '', ( #3748 ) ) ;
#9064 = PRESENTATION_LAYER_ASSIGNMENT (  '', '', ( #3217 ) ) ;
#9065 = ORIENTED_EDGE ( 'NONE', *, *, #5254, .T. ) ;
#9066 = ORIENTED_EDGE ( 'NONE', *, *, #2141, .T. ) ;
#9067 = VERTEX_POINT ( 'NONE', #7763 ) ;
#9068 = ADVANCED_FACE ( 'NONE', ( #7656 ), #4387, .T. ) ;
#9069 = SURFACE_STYLE_USAGE ( .BOTH. , #9499 ) ;
#9070 = MECHANICAL_DESIGN_GEOMETRIC_PRESENTATION_REPRESENTATION (  '', ( #3408 ), #9255 ) ;
#9071 = FILL_AREA_STYLE_COLOUR ( '', #7248 ) ;
#9072 = PRESENTATION_LAYER_ASSIGNMENT (  '', '', ( #1886 ) ) ;
#9073 = DIRECTION ( 'NONE',  ( 0.000000000000000000, 0.000000000000000000, 1.000000000000000000 ) ) ;
#9074 = CARTESIAN_POINT ( 'NONE',  ( 5.974195292295553905, 2.375629221075779134E-16, 0.2313525518329657416 ) ) ;
#9076 = LINE ( 'NONE', #7671, #733 ) ;
#9075 = FILL_AREA_STYLE_COLOUR ( '', #8531 ) ;
#9077 = SURFACE_STYLE_FILL_AREA ( #5905 ) ;
#9078 = SURFACE_STYLE_USAGE ( .BOTH. , #297 ) ;
#9079 = SURFACE_STYLE_FILL_AREA ( #8965 ) ;
#9080 = SURFACE_STYLE_USAGE ( .BOTH. , #473 ) ;
#9081 = DIRECTION ( 'NONE',  ( -0.7456662065614396706, 0.000000000000000000, -0.6663196743247736809 ) ) ;
#9082 =( NAMED_UNIT ( * ) SI_UNIT ( $, .STERADIAN. ) SOLID_ANGLE_UNIT ( ) );
#9083 = LINE ( 'NONE', #2921, #4823 ) ;
#9084 = MECHANICAL_DESIGN_GEOMETRIC_PRESENTATION_REPRESENTATION (  '', ( #2228 ), #5743 ) ;
#9085 = PRESENTATION_LAYER_ASSIGNMENT (  '', '', ( #4104 ) ) ;
#9086 = ORIENTED_EDGE ( 'NONE', *, *, #8200, .T. ) ;
#9087 = ADVANCED_FACE ( 'NONE', ( #517 ), #6050, .F. ) ;
#9088 = CARTESIAN_POINT ( 'NONE',  ( 1.347043950347263763, 0.000000000000000000, 0.000000000000000000 ) ) ;
#9089 = DIRECTION ( 'NONE',  ( -1.000000000000000000, -0.000000000000000000, -0.000000000000000000 ) ) ;
#9090 = MECHANICAL_DESIGN_GEOMETRIC_PRESENTATION_REPRESENTATION (  '', ( #6417 ), #1907 ) ;
#9091 = PRESENTATION_LAYER_ASSIGNMENT (  '', '', ( #3239 ) ) ;
#9092 = FACE_OUTER_BOUND ( 'NONE', #1242, .T. ) ;
#9093 = CARTESIAN_POINT ( 'NONE',  ( 0.000000000000000000, 0.000000000000000000, 0.000000000000000000 ) ) ;
#9094 = SURFACE_STYLE_USAGE ( .BOTH. , #6645 ) ;
#9095 = PRESENTATION_STYLE_ASSIGNMENT (( #3516 ) ) ;
#9096 = FILL_AREA_STYLE ('',( #7375 ) ) ;
#9097 = CARTESIAN_POINT ( 'NONE',  ( 0.03111693966988560850, -0.4315292644214371864, 0.4315292644214354101 ) ) ;
#9098 = FILL_AREA_STYLE_COLOUR ( '', #5351 ) ;
#9099 = ORIENTED_EDGE ( 'NONE', *, *, #675, .T. ) ;
#9100 = MECHANICAL_DESIGN_GEOMETRIC_PRESENTATION_REPRESENTATION (  '', ( #616 ), #2581 ) ;
#9101 = CARTESIAN_POINT ( 'NONE',  ( 0.9968214519863044520, 0.000000000000000000, 0.000000000000000000 ) ) ;
#9102 = DIRECTION ( 'NONE',  ( -1.000000000000000000, -0.000000000000000000, -0.000000000000000000 ) ) ;
#9103 = PRODUCT ( 'M3.5 x 35 Screw head', 'M3.5 x 35 Screw head', '', ( #4171 ) ) ;
#9104 = ORIENTED_EDGE ( 'NONE', *, *, #1634, .F. ) ;
#9105 = DIRECTION ( 'NONE',  ( 0.000000000000000000, 0.000000000000000000, 1.000000000000000000 ) ) ;
#9106 = DIRECTION ( 'NONE',  ( 0.000000000000000000, 0.000000000000000000, 1.000000000000000000 ) ) ;
#9107 = CIRCLE ( 'NONE', #9940, 0.4199999999999998179 ) ;
#9108 = DIRECTION ( 'NONE',  ( 0.000000000000000000, 1.000000000000000000, 1.224646799147353207E-16 ) ) ;
#9109 = CARTESIAN_POINT ( 'NONE',  ( 2.599999999999998312, 4.286263797015736595E-16, -3.500000000000000000 ) ) ;
#9110 = SURFACE_STYLE_FILL_AREA ( #2672 ) ;
#9111 = ORIENTED_EDGE ( 'NONE', *, *, #3047, .F. ) ;
#9112 = EDGE_CURVE ( 'NONE', #5522, #4429, #3532, .T. ) ;
#9113 = UNCERTAINTY_MEASURE_WITH_UNIT (LENGTH_MEASURE( 1.000000000000000082E-05 ), #1021, 'distance_accuracy_value', 'NONE');
#9114 = ORIENTED_EDGE ( 'NONE', *, *, #4334, .F. ) ;
#9115 = PRESENTATION_LAYER_ASSIGNMENT (  '', '', ( #8270 ) ) ;
#9116 = PRESENTATION_STYLE_ASSIGNMENT (( #1891 ) ) ;
#9117 = DIRECTION ( 'NONE',  ( 0.6663196743247736809, 0.7456662065614397816, 0.000000000000000000 ) ) ;
#9118 = CARTESIAN_POINT ( 'NONE',  ( 2.214116351126373505, 0.1880408685282115300, 0.1880408685282121406 ) ) ;
#9119 = FILL_AREA_STYLE_COLOUR ( '', #10168 ) ;
#9120 = DIRECTION ( 'NONE',  ( 0.000000000000000000, 0.000000000000000000, -1.000000000000000000 ) ) ;
#9121 = DIRECTION ( 'NONE',  ( -1.000000000000000000, -0.000000000000000000, -0.000000000000000000 ) ) ;
#9122 = ORIENTED_EDGE ( 'NONE', *, *, #8807, .T. ) ;
#9123 =( LENGTH_UNIT ( ) NAMED_UNIT ( * ) SI_UNIT ( .MILLI., .METRE. ) );
#9124 = EDGE_CURVE ( 'NONE', #8553, #6811, #2863, .T. ) ;
#9125 = UNCERTAINTY_MEASURE_WITH_UNIT (LENGTH_MEASURE( 1.000000000000000082E-05 ), #3208, 'distance_accuracy_value', 'NONE');
#9126 = PLANE ( 'NONE',  #6374 ) ;
#9127 = ORIENTED_EDGE ( 'NONE', *, *, #1096, .T. ) ;
#9128 = UNCERTAINTY_MEASURE_WITH_UNIT (LENGTH_MEASURE( 1.000000000000000082E-05 ), #2765, 'distance_accuracy_value', 'NONE');
#9129 = ORIENTED_EDGE ( 'NONE', *, *, #4284, .F. ) ;
#9130 = PRESENTATION_STYLE_ASSIGNMENT (( #9069 ) ) ;
#9131 = SURFACE_STYLE_USAGE ( .BOTH. , #9804 ) ;
#9132 = DIRECTION ( 'NONE',  ( -0.1108510534444136914, 0.9938370308809506559, 3.595744332370143179E-15 ) ) ;
#9133 =( LENGTH_UNIT ( ) NAMED_UNIT ( * ) SI_UNIT ( .MILLI., .METRE. ) );
#9134 = DIRECTION ( 'NONE',  ( -0.9938370308809506559, -0.1108510534444136914, -3.870343844922732447E-16 ) ) ;
#9135 = CARTESIAN_POINT ( 'NONE',  ( 2.599999999999998312, 0.000000000000000000, 0.000000000000000000 ) ) ;
#9136 = EDGE_CURVE ( 'NONE', #4012, #6666, #3352, .T. ) ;
#9137 = ORIENTED_EDGE ( 'NONE', *, *, #453, .T. ) ;
#9138 = ORIENTED_EDGE ( 'NONE', *, *, #438, .T. ) ;
#9139 = SURFACE_STYLE_FILL_AREA ( #5964 ) ;
#9140 = LINE ( 'NONE', #2929, #1378 ) ;
#9141 = MECHANICAL_DESIGN_GEOMETRIC_PRESENTATION_REPRESENTATION (  '', ( #1787 ), #9973 ) ;
#9142 = VERTEX_POINT ( 'NONE', #6537 ) ;
#9143 = DIRECTION ( 'NONE',  ( 0.7431005017819711789, -0.6640269868487613802, 0.08288428673721989770 ) ) ;
#9144 = VECTOR ( 'NONE', #4392, 1000.000000000000114 ) ;
#9145 = DIRECTION ( 'NONE',  ( 0.6663196743247736809, 2.696405268330496226E-15, -0.7456662065614397816 ) ) ;
#9146 = MECHANICAL_DESIGN_GEOMETRIC_PRESENTATION_REPRESENTATION (  '', ( #8653 ), #7312 ) ;
#9147 = FILL_AREA_STYLE ('',( #3571 ) ) ;
#9148 = PRESENTATION_STYLE_ASSIGNMENT (( #434 ) ) ;
#9149 = LINE ( 'NONE', #1207, #9315 ) ;
#9150 = EDGE_CURVE ( 'NONE', #6335, #742, #6648, .T. ) ;
#9151 = VERTEX_POINT ( 'NONE', #1620 ) ;
#9152 = PRESENTATION_STYLE_ASSIGNMENT (( #8252 ) ) ;
#9153 = DIRECTION ( 'NONE',  ( -1.000000000000000000, -0.000000000000000000, -0.000000000000000000 ) ) ;
#9154 =( NAMED_UNIT ( * ) PLANE_ANGLE_UNIT ( ) SI_UNIT ( $, .RADIAN. ) );
#9155 = STYLED_ITEM ( 'NONE', ( #649 ), #5286 ) ;
#9156 = ORIENTED_EDGE ( 'NONE', *, *, #7873, .F. ) ;
#9157 = CIRCLE ( 'NONE', #4169, 1.749999999999999778 ) ;
#9158 = FACE_BOUND ( 'NONE', #2947, .T. ) ;
#9159 = DIRECTION ( 'NONE',  ( 0.7456662065614395596, 0.000000000000000000, -0.6663196743247737919 ) ) ;
#9160 = DIRECTION ( 'NONE',  ( -1.000000000000000000, -0.000000000000000000, -0.000000000000000000 ) ) ;
#9161 = COLOUR_RGB ( '',0.7764705882352941346, 0.7568627450980391913, 0.7372549019607843590 ) ;
#9162 = MECHANICAL_DESIGN_GEOMETRIC_PRESENTATION_REPRESENTATION (  '', ( #7006 ), #4515 ) ;
#9163 =( GEOMETRIC_REPRESENTATION_CONTEXT ( 3 ) GLOBAL_UNCERTAINTY_ASSIGNED_CONTEXT ( ( #2630 ) ) GLOBAL_UNIT_ASSIGNED_CONTEXT ( ( #4161, #173, #2562 ) ) REPRESENTATION_CONTEXT ( 'NONE', 'WORKASPACE' ) );
#9164 =( NAMED_UNIT ( * ) PLANE_ANGLE_UNIT ( ) SI_UNIT ( $, .RADIAN. ) );
#9165 = DIRECTION ( 'NONE',  ( 1.000000000000000000, 0.000000000000000000, 0.000000000000000000 ) ) ;
#9166 = DIRECTION ( 'NONE',  ( -1.000000000000000000, -0.000000000000000000, -0.000000000000000000 ) ) ;
#9167 = EDGE_CURVE ( 'NONE', #3064, #1709, #5018, .T. ) ;
#9168 = COLOUR_RGB ( '',0.7764705882352941346, 0.7568627450980391913, 0.7372549019607843590 ) ;
#9169 = CARTESIAN_POINT ( 'NONE',  ( 4.309938594911940868, -1.891316923914901471, 0.000000000000000000 ) ) ;
#9170 =( NAMED_UNIT ( * ) PLANE_ANGLE_UNIT ( ) SI_UNIT ( $, .RADIAN. ) );
#9171 = DIRECTION ( 'NONE',  ( 0.000000000000000000, 1.224646799147353207E-16, -1.000000000000000000 ) ) ;
#9172 = MECHANICAL_DESIGN_GEOMETRIC_PRESENTATION_REPRESENTATION (  '', ( #6169 ), #4167 ) ;
#9173 = FILL_AREA_STYLE ('',( #9119 ) ) ;
#9174 = PRESENTATION_STYLE_ASSIGNMENT (( #3482 ) ) ;
#9175 = FILL_AREA_STYLE_COLOUR ( '', #8689 ) ;
#9176 = LINE ( 'NONE', #570, #2414 ) ;
#9177 = VECTOR ( 'NONE', #6415, 1000.000000000000000 ) ;
#9178 = ORIENTED_EDGE ( 'NONE', *, *, #65, .T. ) ;
#9179 = VECTOR ( 'NONE', #4123, 1000.000000000000000 ) ;
#9180 = CIRCLE ( 'NONE', #331, 5.437518987584765817 ) ;
#9181 = ORIENTED_EDGE ( 'NONE', *, *, #10297, .T. ) ;
#9182 = CIRCLE ( 'NONE', #4366, 0.4199999999999998179 ) ;
#9183 = SURFACE_STYLE_USAGE ( .BOTH. , #1802 ) ;
#9184 = ADVANCED_FACE ( 'NONE', ( #4054 ), #6594, .F. ) ;
#9185 = EDGE_CURVE ( 'NONE', #3929, #8109, #4969, .T. ) ;
#9186 = DIRECTION ( 'NONE',  ( 0.000000000000000000, 0.000000000000000000, 1.000000000000000000 ) ) ;
#9187 =( NAMED_UNIT ( * ) SI_UNIT ( $, .STERADIAN. ) SOLID_ANGLE_UNIT ( ) );
#9188 = DIRECTION ( 'NONE',  ( -0.1108510534444137469, -0.9938370308809506559, -3.448999966305766196E-15 ) ) ;
#9189 = CIRCLE ( 'NONE', #5174, 0.4199999999999998179 ) ;
#9190 =( NAMED_UNIT ( * ) SI_UNIT ( $, .STERADIAN. ) SOLID_ANGLE_UNIT ( ) );
#9191 = CARTESIAN_POINT ( 'NONE',  ( 2.599999999999998312, 0.000000000000000000, 0.000000000000000000 ) ) ;
#9192 = CARTESIAN_POINT ( 'NONE',  ( 2.214116351126373505, -0.1880408685282114467, -0.1880408685282121684 ) ) ;
#9193 = COLOUR_RGB ( '',0.7764705882352941346, 0.7568627450980391913, 0.7372549019607843590 ) ;
#9194 = VECTOR ( 'NONE', #3089, 1000.000000000000000 ) ;
#9195 = PRODUCT ( 'Screws M3.5 Phillips Pan Head Machine Screws', 'Screws M3.5 Phillips Pan Head Machine Screws', '', ( #6495 ) ) ;
#9196 = ORIENTED_EDGE ( 'NONE', *, *, #4655, .F. ) ;
#9197 = CIRCLE ( 'NONE', #3347, 1.749999999999999778 ) ;
#9198 = DIRECTION ( 'NONE',  ( 1.000000000000000000, 0.000000000000000000, 0.000000000000000000 ) ) ;
#9199 = MECHANICAL_DESIGN_GEOMETRIC_PRESENTATION_REPRESENTATION (  '', ( #845 ), #1512 ) ;
#9200 = DIRECTION ( 'NONE',  ( 0.6663196743247736809, -0.7456662065614397816, -9.292562311528023527E-17 ) ) ;
#9201 = FACE_OUTER_BOUND ( 'NONE', #1292, .T. ) ;
#9202 = EDGE_CURVE ( 'NONE', #8419, #206, #10033, .T. ) ;
#9203 = PRESENTATION_STYLE_ASSIGNMENT (( #8411 ) ) ;
#9204 = DIRECTION ( 'NONE',  ( 0.9938370308809507669, 0.000000000000000000, 0.1108510534444137746 ) ) ;
#9205 = FILL_AREA_STYLE_COLOUR ( '', #7379 ) ;
#9206 = COLOUR_RGB ( '',0.7764705882352941346, 0.7568627450980391913, 0.7372549019607843590 ) ;
#9207 = MECHANICAL_DESIGN_GEOMETRIC_PRESENTATION_REPRESENTATION (  '', ( #547 ), #8357 ) ;
#9208 = SPHERICAL_SURFACE ( 'NONE', #7963, 6.000000000000000000 ) ;
#9209 = ORIENTED_EDGE ( 'NONE', *, *, #7195, .T. ) ;
#9210 =( GEOMETRIC_REPRESENTATION_CONTEXT ( 3 ) GLOBAL_UNCERTAINTY_ASSIGNED_CONTEXT ( ( #4226 ) ) GLOBAL_UNIT_ASSIGNED_CONTEXT ( ( #7477, #314, #9032 ) ) REPRESENTATION_CONTEXT ( 'NONE', 'WORKASPACE' ) );
#9211 = DIRECTION ( 'NONE',  ( -0.9938370308809506559, -0.1108510534444136914, -3.870343844922732447E-16 ) ) ;
#9212 = FACE_OUTER_BOUND ( 'NONE', #8156, .T. ) ;
#9213 = ORIENTED_EDGE ( 'NONE', *, *, #5479, .F. ) ;
#9214 = PRESENTATION_LAYER_ASSIGNMENT (  '', '', ( #21 ) ) ;
#9215 = STYLED_ITEM ( 'NONE', ( #4318 ), #9551 ) ;
#9216 = DIRECTION ( 'NONE',  ( -0.9938370308809506559, 0.000000000000000000, 0.1108510534444136914 ) ) ;
#9217 = EDGE_CURVE ( 'NONE', #9729, #9035, #9375, .T. ) ;
#9218 = COLOUR_RGB ( '',0.7764705882352941346, 0.7568627450980391913, 0.7372549019607843590 ) ;
#9219 = EDGE_LOOP ( 'NONE', ( #594, #8009, #2369, #6738 ) ) ;
#9220 =( NAMED_UNIT ( * ) SI_UNIT ( $, .STERADIAN. ) SOLID_ANGLE_UNIT ( ) );
#9221 = FILL_AREA_STYLE_COLOUR ( '', #9002 ) ;
#9222 = CARTESIAN_POINT ( 'NONE',  ( 0.9968214519863044520, 0.000000000000000000, 3.311827956989247479 ) ) ;
#9223 = MECHANICAL_DESIGN_GEOMETRIC_PRESENTATION_REPRESENTATION (  '', ( #7879 ), #1530 ) ;
#9224 = UNCERTAINTY_MEASURE_WITH_UNIT (LENGTH_MEASURE( 1.000000000000000082E-05 ), #7977, 'distance_accuracy_value', 'NONE');
#9225 = CARTESIAN_POINT ( 'NONE',  ( 1.347043950347263763, 0.000000000000000000, 0.000000000000000000 ) ) ;
#9226 = TOROIDAL_SURFACE ( 'NONE', #1860, 3.080000000000000515, 0.4200000000000000400 ) ;
#9227 = VERTEX_POINT ( 'NONE', #2772 ) ;
#9228 = DIRECTION ( 'NONE',  ( 0.000000000000000000, 0.000000000000000000, 1.000000000000000000 ) ) ;
#9229 = STYLED_ITEM ( 'NONE', ( #8615 ), #7953 ) ;
#9230 = FILL_AREA_STYLE ('',( #5343 ) ) ;
#9231 = AXIS2_PLACEMENT_3D ( 'NONE', #9101, #3460, #3293 ) ;
#9232 = SURFACE_STYLE_FILL_AREA ( #9997 ) ;
#9233 = DIRECTION ( 'NONE',  ( 0.6663196743247736809, 0.7456662065614397816, 0.000000000000000000 ) ) ;
#9234 = SURFACE_STYLE_USAGE ( .BOTH. , #8606 ) ;
#9235 = CARTESIAN_POINT ( 'NONE',  ( 27.60000000000000142, 0.000000000000000000, 0.000000000000000000 ) ) ;
#9236 = FILL_AREA_STYLE_COLOUR ( '', #4221 ) ;
#9237 = PRESENTATION_LAYER_ASSIGNMENT (  '', '', ( #2705 ) ) ;
#9238 = ORIENTED_EDGE ( 'NONE', *, *, #902, .T. ) ;
#9239 = UNCERTAINTY_MEASURE_WITH_UNIT (LENGTH_MEASURE( 1.000000000000000082E-05 ), #9608, 'distance_accuracy_value', 'NONE');
#9240 = STYLED_ITEM ( 'NONE', ( #8083 ), #2823 ) ;
#9241 = FILL_AREA_STYLE_COLOUR ( '', #8372 ) ;
#9242 = ORIENTED_EDGE ( 'NONE', *, *, #993, .F. ) ;
#9243 = PRESENTATION_LAYER_ASSIGNMENT (  '', '', ( #7897 ) ) ;
#9244 = ORIENTED_EDGE ( 'NONE', *, *, #3873, .F. ) ;
#9245 = SURFACE_STYLE_USAGE ( .BOTH. , #4452 ) ;
#9246 = ORIENTED_EDGE ( 'NONE', *, *, #3570, .F. ) ;
#9247 = CARTESIAN_POINT ( 'NONE',  ( 4.309938594911940868, -1.891316923914901471, 0.000000000000000000 ) ) ;
#9248 = DIRECTION ( 'NONE',  ( -0.1108510534444137469, 2.096348086633972484E-17, 0.9938370308809506559 ) ) ;
#9249 = AXIS2_PLACEMENT_3D ( 'NONE', #5936, #7437, #9108 ) ;
#9250 = DIRECTION ( 'NONE',  ( -1.000000000000000000, -0.000000000000000000, -0.000000000000000000 ) ) ;
#9251 = FACE_OUTER_BOUND ( 'NONE', #4900, .T. ) ;
#9252 = FILL_AREA_STYLE ('',( #1915 ) ) ;
#9253 = EDGE_CURVE ( 'NONE', #7366, #10143, #7694, .T. ) ;
#9254 = ADVANCED_FACE ( 'NONE', ( #9212 ), #2027, .T. ) ;
#9255 =( GEOMETRIC_REPRESENTATION_CONTEXT ( 3 ) GLOBAL_UNCERTAINTY_ASSIGNED_CONTEXT ( ( #4043 ) ) GLOBAL_UNIT_ASSIGNED_CONTEXT ( ( #5123, #2998, #4579 ) ) REPRESENTATION_CONTEXT ( 'NONE', 'WORKASPACE' ) );
#9256 = VERTEX_POINT ( 'NONE', #5072 ) ;
#9257 = MECHANICAL_DESIGN_GEOMETRIC_PRESENTATION_REPRESENTATION (  '', ( #4431 ), #5549 ) ;
#9258 = AXIS2_PLACEMENT_3D ( 'NONE', #1243, #7221, #4059 ) ;
#9259 = CARTESIAN_POINT ( 'NONE',  ( 0.2666411873824114376, 0.4052592521765831513, -1.721732169736484019 ) ) ;
#9260 = CARTESIAN_POINT ( 'NONE',  ( -25.39999999999996305, 4.286263797015737088E-16, -3.500000000000000444 ) ) ;
#9261 = PRESENTATION_LAYER_ASSIGNMENT (  '', '', ( #4753 ) ) ;
#9262 = MECHANICAL_DESIGN_GEOMETRIC_PRESENTATION_REPRESENTATION (  '', ( #4441 ), #2559 ) ;
#9263 = ORIENTED_EDGE ( 'NONE', *, *, #950, .T. ) ;
#9264 = SURFACE_STYLE_USAGE ( .BOTH. , #7015 ) ;
#9265 = FACE_OUTER_BOUND ( 'NONE', #2711, .T. ) ;
#9266 = PLANE ( 'NONE',  #9474 ) ;
#9267 =( NAMED_UNIT ( * ) SI_UNIT ( $, .STERADIAN. ) SOLID_ANGLE_UNIT ( ) );
#9268 = EDGE_CURVE ( 'NONE', #8725, #8093, #361, .T. ) ;
#9269 = ORIENTED_EDGE ( 'NONE', *, *, #9253, .F. ) ;
#9270 = ORIENTED_EDGE ( 'NONE', *, *, #7928, .T. ) ;
#9271 = LINE ( 'NONE', #556, #3131 ) ;
#9272 = FILL_AREA_STYLE ('',( #6089 ) ) ;
#9273 = FILL_AREA_STYLE_COLOUR ( '', #9751 ) ;
#9274 = PLANE ( 'NONE',  #8507 ) ;
#9275 = FILL_AREA_STYLE ('',( #2255 ) ) ;
#9276 = APPLICATION_CONTEXT ( 'automotive_design' ) ;
#9277 = EDGE_CURVE ( 'NONE', #9256, #5545, #1012, .T. ) ;
#9278 = EDGE_LOOP ( 'NONE', ( #3805, #4000, #3627, #6929, #2138, #8851, #1917, #8322, #4125, #1183, #10164 ) ) ;
#9279 = VECTOR ( 'NONE', #5004, 1000.000000000000114 ) ;
#9280 = DIRECTION ( 'NONE',  ( 0.000000000000000000, 0.000000000000000000, 1.000000000000000000 ) ) ;
#9281 = CARTESIAN_POINT ( 'NONE',  ( 2.214116351126373949, -0.1880408685282127235, 0.1880408685282120573 ) ) ;
#9282 = SURFACE_SIDE_STYLE ('',( #2900 ) ) ;
#9283 = CARTESIAN_POINT ( 'NONE',  ( 0.000000000000000000, 0.4349999999999932254, 1.960000000000001741 ) ) ;
#9284 = CARTESIAN_POINT ( 'NONE',  ( 1.949999999999999956, 0.2174999999999999989, 0.2174999999999999156 ) ) ;
#9285 =( LENGTH_UNIT ( ) NAMED_UNIT ( * ) SI_UNIT ( .MILLI., .METRE. ) );
#9286 = ORIENTED_EDGE ( 'NONE', *, *, #3793, .F. ) ;
#9287 =( NAMED_UNIT ( * ) PLANE_ANGLE_UNIT ( ) SI_UNIT ( $, .RADIAN. ) );
#9288 = EDGE_CURVE ( 'NONE', #1152, #8476, #7364, .T. ) ;
#9289 = ORIENTED_EDGE ( 'NONE', *, *, #9567, .T. ) ;
#9290 = ORIENTED_EDGE ( 'NONE', *, *, #3234, .F. ) ;
#9291 = DIRECTION ( 'NONE',  ( 0.6663196743247736809, 0.7456662065614397816, 0.000000000000000000 ) ) ;
#9292 = PRESENTATION_STYLE_ASSIGNMENT (( #3818 ) ) ;
#9293 =( LENGTH_UNIT ( ) NAMED_UNIT ( * ) SI_UNIT ( .MILLI., .METRE. ) );
#9294 = DIRECTION ( 'NONE',  ( 0.9877866216249069353, -0.1101762001043169320, 0.1101762001043165712 ) ) ;
#9295 = CARTESIAN_POINT ( 'NONE',  ( 0.9968214519863044520, 0.000000000000000000, 0.000000000000000000 ) ) ;
#9296 = ORIENTED_EDGE ( 'NONE', *, *, #9737, .F. ) ;
#9297 = COLOUR_RGB ( '',0.7764705882352941346, 0.7568627450980391913, 0.7372549019607843590 ) ;
#9298 = CARTESIAN_POINT ( 'NONE',  ( 0.9968214519863044520, 0.000000000000000000, 0.000000000000000000 ) ) ;
#9299 = DIRECTION ( 'NONE',  ( 0.7431005017819711789, -0.08288428673722218754, 0.6640269868487610472 ) ) ;
#9300 = DIRECTION ( 'NONE',  ( -0.1108510534444137469, -0.9938370308809506559, -3.448999966305766196E-15 ) ) ;
#9301 = EDGE_CURVE ( 'NONE', #1709, #6926, #22, .T. ) ;
#9302 = CARTESIAN_POINT ( 'NONE',  ( 2.214116351126373949, -0.1880408685282127235, 0.1880408685282120573 ) ) ;
#9303 = DIRECTION ( 'NONE',  ( -1.000000000000000000, -0.000000000000000000, -0.000000000000000000 ) ) ;
#9304 = DIRECTION ( 'NONE',  ( -0.1108510534444137469, -0.9938370308809506559, -3.448999966305766196E-15 ) ) ;
#9305 = DIRECTION ( 'NONE',  ( -1.000000000000000000, -0.000000000000000000, -0.000000000000000000 ) ) ;
#9306 = ORIENTED_EDGE ( 'NONE', *, *, #3645, .T. ) ;
#9307 = DIRECTION ( 'NONE',  ( 1.000000000000000000, 0.000000000000000000, 0.000000000000000000 ) ) ;
#9308 =( LENGTH_UNIT ( ) NAMED_UNIT ( * ) SI_UNIT ( .MILLI., .METRE. ) );
#9309 = ORIENTED_EDGE ( 'NONE', *, *, #6965, .F. ) ;
#9310 = AXIS2_PLACEMENT_3D ( 'NONE', #2458, #6486, #3364 ) ;
#9311 = AXIS2_PLACEMENT_3D ( 'NONE', #59, #842, #9611 ) ;
#9312 = DIRECTION ( 'NONE',  ( -0.1108510534444136914, 0.9938370308809506559, 3.595744332370143179E-15 ) ) ;
#9313 = ADVANCED_FACE ( 'NONE', ( #1210 ), #4363, .T. ) ;
#9314 = DIRECTION ( 'NONE',  ( -0.1108510534444136914, 1.257808851980383614E-16, -0.9938370308809506559 ) ) ;
#9315 = VECTOR ( 'NONE', #5220, 1000.000000000000000 ) ;
#9316 =( LENGTH_UNIT ( ) NAMED_UNIT ( * ) SI_UNIT ( .MILLI., .METRE. ) );
#9317 =( NAMED_UNIT ( * ) SI_UNIT ( $, .STERADIAN. ) SOLID_ANGLE_UNIT ( ) );
#9318 =( GEOMETRIC_REPRESENTATION_CONTEXT ( 3 ) GLOBAL_UNCERTAINTY_ASSIGNED_CONTEXT ( ( #1416 ) ) GLOBAL_UNIT_ASSIGNED_CONTEXT ( ( #8132, #4200, #5065 ) ) REPRESENTATION_CONTEXT ( 'NONE', 'WORKASPACE' ) );
#9319 = DIRECTION ( 'NONE',  ( -0.7456662065614396706, 0.6663196743247736809, 0.000000000000000000 ) ) ;
#9320 = SURFACE_STYLE_FILL_AREA ( #9275 ) ;
#9321 =( GEOMETRIC_REPRESENTATION_CONTEXT ( 3 ) GLOBAL_UNCERTAINTY_ASSIGNED_CONTEXT ( ( #4449 ) ) GLOBAL_UNIT_ASSIGNED_CONTEXT ( ( #5527, #4052, #9472 ) ) REPRESENTATION_CONTEXT ( 'NONE', 'WORKASPACE' ) );
#9322 = FILL_AREA_STYLE ('',( #6136 ) ) ;
#9323 = AXIS2_PLACEMENT_3D ( 'NONE', #7590, #3835, #6076 ) ;
#9324 = VERTEX_POINT ( 'NONE', #970 ) ;
#9325 = AXIS2_PLACEMENT_3D ( 'NONE', #2065, #5263, #8449 ) ;
#9326 = EDGE_CURVE ( 'NONE', #1906, #8571, #9523, .T. ) ;
#9327 = CARTESIAN_POINT ( 'NONE',  ( 1.347043950347265318, 0.000000000000000000, 0.000000000000000000 ) ) ;
#9328 = FACE_OUTER_BOUND ( 'NONE', #1777, .T. ) ;
#9329 = DIRECTION ( 'NONE',  ( -1.000000000000000000, 0.000000000000000000, 0.000000000000000000 ) ) ;
#9330 = DIRECTION ( 'NONE',  ( 0.6663196743247735698, -0.7456662065614397816, -9.292562311528023527E-17 ) ) ;
#9331 =( GEOMETRIC_REPRESENTATION_CONTEXT ( 3 ) GLOBAL_UNCERTAINTY_ASSIGNED_CONTEXT ( ( #1992 ) ) GLOBAL_UNIT_ASSIGNED_CONTEXT ( ( #3337, #4346, #367 ) ) REPRESENTATION_CONTEXT ( 'NONE', 'WORKASPACE' ) );
#9332 = VECTOR ( 'NONE', #6004, 1000.000000000000000 ) ;
#9333 = ORIENTED_EDGE ( 'NONE', *, *, #2080, .F. ) ;
#9334 = FILL_AREA_STYLE_COLOUR ( '', #7187 ) ;
#9335 = CIRCLE ( 'NONE', #3496, 0.4199999999999998179 ) ;
#9336 = UNCERTAINTY_MEASURE_WITH_UNIT (LENGTH_MEASURE( 1.000000000000000082E-05 ), #3276, 'distance_accuracy_value', 'NONE');
#9337 = VERTEX_POINT ( 'NONE', #2696 ) ;
#9338 = UNCERTAINTY_MEASURE_WITH_UNIT (LENGTH_MEASURE( 1.000000000000000082E-05 ), #8470, 'distance_accuracy_value', 'NONE');
#9339 = EDGE_LOOP ( 'NONE', ( #9553, #2091, #3850, #525, #1404 ) ) ;
#9340 = STYLED_ITEM ( 'NONE', ( #9453 ), #5585 ) ;
#9341 = ORIENTED_EDGE ( 'NONE', *, *, #1853, .F. ) ;
#9342 = CARTESIAN_POINT ( 'NONE',  ( -25.39999999999996305, 0.000000000000000000, 0.000000000000000000 ) ) ;
#9343 = EDGE_CURVE ( 'NONE', #7513, #4012, #6516, .T. ) ;
#9344 = COLOUR_RGB ( '',0.7764705882352941346, 0.7568627450980391913, 0.7372549019607843590 ) ;
#9345 = DIRECTION ( 'NONE',  ( -1.000000000000000000, -0.000000000000000000, -0.000000000000000000 ) ) ;
#9346 =( NAMED_UNIT ( * ) SI_UNIT ( $, .STERADIAN. ) SOLID_ANGLE_UNIT ( ) );
#9347 = LINE ( 'NONE', #7519, #13 ) ;
#9348 = STYLED_ITEM ( 'NONE', ( #2201 ), #8648 ) ;
#9349 = CARTESIAN_POINT ( 'NONE',  ( 2.599999999999998312, 2.143131898507868051E-16, -1.749999999999999778 ) ) ;
#9350 =( GEOMETRIC_REPRESENTATION_CONTEXT ( 3 ) GLOBAL_UNCERTAINTY_ASSIGNED_CONTEXT ( ( #9945 ) ) GLOBAL_UNIT_ASSIGNED_CONTEXT ( ( #8384, #1717, #9655 ) ) REPRESENTATION_CONTEXT ( 'NONE', 'WORKASPACE' ) );
#9351 = SHAPE_DEFINITION_REPRESENTATION ( #4126, #9769 ) ;
#9352 = AXIS2_PLACEMENT_3D ( 'NONE', #5856, #3456, #5117 ) ;
#9353 = UNCERTAINTY_MEASURE_WITH_UNIT (LENGTH_MEASURE( 1.000000000000000082E-05 ), #7148, 'distance_accuracy_value', 'NONE');
#9354 = AXIS2_PLACEMENT_3D ( 'NONE', #8035, #4093, #6461 ) ;
#9355 = UNCERTAINTY_MEASURE_WITH_UNIT (LENGTH_MEASURE( 1.000000000000000082E-05 ), #5465, 'distance_accuracy_value', 'NONE');
#9356 = ORIENTED_EDGE ( 'NONE', *, *, #1414, .T. ) ;
#9357 = DIRECTION ( 'NONE',  ( 0.7456662065614395596, 0.000000000000000000, -0.6663196743247737919 ) ) ;
#9358 = DIRECTION ( 'NONE',  ( 0.7431005017819711789, -0.6640269868487613802, 0.08288428673721989770 ) ) ;
#9359 = CARTESIAN_POINT ( 'NONE',  ( 1.949999999999999956, 0.2175000000000007483, -0.2174999999999992772 ) ) ;
#9360 = DIRECTION ( 'NONE',  ( -0.7456662065614396706, 0.6663196743247736809, 0.000000000000000000 ) ) ;
#9361 = CARTESIAN_POINT ( 'NONE',  ( 0.9968214519863044520, 0.000000000000000000, 0.000000000000000000 ) ) ;
#9362 = FILL_AREA_STYLE_COLOUR ( '', #9585 ) ;
#9363 = STYLED_ITEM ( 'NONE', ( #4341 ), #1342 ) ;
#9364 = SURFACE_STYLE_USAGE ( .BOTH. , #6123 ) ;
#9365 = DIRECTION ( 'NONE',  ( 0.000000000000000000, 0.000000000000000000, 1.000000000000000000 ) ) ;
#9366 = VERTEX_POINT ( 'NONE', #7359 ) ;
#9367 = CARTESIAN_POINT ( 'NONE',  ( 2.193400286944045430, 0.1903515064562410486, 2.309278636184420884E-16 ) ) ;
#9368 = SURFACE_STYLE_FILL_AREA ( #6978 ) ;
#9369 = COLOUR_RGB ( '',0.7764705882352941346, 0.7568627450980391913, 0.7372549019607843590 ) ;
#9370 = VERTEX_POINT ( 'NONE', #5053 ) ;
#9371 = CIRCLE ( 'NONE', #10197, 3.500000000000000000 ) ;
#9372 = CARTESIAN_POINT ( 'NONE',  ( 2.214116351126373949, -0.1880408685282127235, 0.1880408685282120573 ) ) ;
#9373 = CARTESIAN_POINT ( 'NONE',  ( 1.347043950347263763, 0.000000000000000000, 0.000000000000000000 ) ) ;
#9374 =( GEOMETRIC_REPRESENTATION_CONTEXT ( 3 ) GLOBAL_UNCERTAINTY_ASSIGNED_CONTEXT ( ( #3367 ) ) GLOBAL_UNIT_ASSIGNED_CONTEXT ( ( #2002, #10006, #3704 ) ) REPRESENTATION_CONTEXT ( 'NONE', 'WORKASPACE' ) );
#9375 = CIRCLE ( 'NONE', #2498, 6.000000000000000000 ) ;
#9376 = CARTESIAN_POINT ( 'NONE',  ( 0.9968214519863044520, 4.171041651934668579E-16, -3.311827956989247479 ) ) ;
#9377 = ADVANCED_FACE ( 'NONE', ( #9701 ), #3390, .T. ) ;
#9378 = CARTESIAN_POINT ( 'NONE',  ( 0.000000000000000000, 1.959999999999999964, -0.4350000000000000533 ) ) ;
#9379 = EDGE_CURVE ( 'NONE', #1964, #2457, #2638, .T. ) ;
#9380 = DIRECTION ( 'NONE',  ( -1.000000000000000000, -0.000000000000000000, -0.000000000000000000 ) ) ;
#9381 = VERTEX_POINT ( 'NONE', #3442 ) ;
#9382 = DIRECTION ( 'NONE',  ( -0.000000000000000000, 0.000000000000000000, -1.000000000000000000 ) ) ;
#9383 = CARTESIAN_POINT ( 'NONE',  ( 0.2666411873824114376, 1.721732169736485352, 0.4052592521765772671 ) ) ;
#9384 = DIRECTION ( 'NONE',  ( -1.000000000000000000, -0.000000000000000000, -0.000000000000000000 ) ) ;
#9385 = SURFACE_STYLE_FILL_AREA ( #5347 ) ;
#9386 = AXIS2_PLACEMENT_3D ( 'NONE', #4464, #1139, #4353 ) ;
#9387 = DIRECTION ( 'NONE',  ( 0.000000000000000000, 0.000000000000000000, 1.000000000000000000 ) ) ;
#9388 = CARTESIAN_POINT ( 'NONE',  ( -25.39999999999996305, 4.286263797015737088E-16, -3.500000000000000444 ) ) ;
#9389 = DIRECTION ( 'NONE',  ( 0.7431005017819711789, -0.6640269868487613802, -0.08288428673721992546 ) ) ;
#9390 = MECHANICAL_DESIGN_GEOMETRIC_PRESENTATION_REPRESENTATION (  '', ( #9871 ), #5372 ) ;
#9391 =( NAMED_UNIT ( * ) PLANE_ANGLE_UNIT ( ) SI_UNIT ( $, .RADIAN. ) );
#9392 = VERTEX_POINT ( 'NONE', #883 ) ;
#9393 = STYLED_ITEM ( 'NONE', ( #5715 ), #9620 ) ;
#9394 = EDGE_CURVE ( 'NONE', #1300, #9142, #2479, .T. ) ;
#9395 = ORIENTED_EDGE ( 'NONE', *, *, #7599, .F. ) ;
#9396 = MECHANICAL_DESIGN_GEOMETRIC_PRESENTATION_REPRESENTATION (  '', ( #10200 ), #8046 ) ;
#9397 =( GEOMETRIC_REPRESENTATION_CONTEXT ( 3 ) GLOBAL_UNCERTAINTY_ASSIGNED_CONTEXT ( ( #4751 ) ) GLOBAL_UNIT_ASSIGNED_CONTEXT ( ( #4263, #946, #4157 ) ) REPRESENTATION_CONTEXT ( 'NONE', 'WORKASPACE' ) );
#9398 = DIRECTION ( 'NONE',  ( 0.000000000000000000, 0.000000000000000000, 1.000000000000000000 ) ) ;
#9399 = ORIENTED_EDGE ( 'NONE', *, *, #9124, .T. ) ;
#9400 = SURFACE_SIDE_STYLE ('',( #6112 ) ) ;
#9401 = FILL_AREA_STYLE_COLOUR ( '', #3068 ) ;
#9402 = SURFACE_STYLE_FILL_AREA ( #10129 ) ;
#9403 = CARTESIAN_POINT ( 'NONE',  ( 0.2666411873824114376, 1.721732169736486240, -0.4052592521765773226 ) ) ;
#9404 = DIRECTION ( 'NONE',  ( -0.9938370308809507669, -0.1108510534444137052, 0.000000000000000000 ) ) ;
#9405 = LINE ( 'NONE', #2420, #9179 ) ;
#9406 = AXIS2_PLACEMENT_3D ( 'NONE', #5111, #9767, #8131 ) ;
#9407 = AXIS2_PLACEMENT_3D ( 'NONE', #2251, #3839, #5438 ) ;
#9408 = CARTESIAN_POINT ( 'NONE',  ( 1.949999999999999956, -0.2175000000000000266, -0.2174999999999999989 ) ) ;
#9409 = ADVANCED_FACE ( 'NONE', ( #9020 ), #7813, .T. ) ;
#9410 = VERTEX_POINT ( 'NONE', #10226 ) ;
#9411 = CARTESIAN_POINT ( 'NONE',  ( 5.974195292295553905, 2.619630734554813543E-16, -0.2313525518329656583 ) ) ;
#9412 = MECHANICAL_DESIGN_GEOMETRIC_PRESENTATION_REPRESENTATION (  '', ( #5222 ), #3398 ) ;
#9413 = AXIS2_PLACEMENT_3D ( 'NONE', #2280, #5466, #5050 ) ;
#9414 = CARTESIAN_POINT ( 'NONE',  ( 0.2553644383338094515, -1.731808957027352047, -2.120854295958262972E-16 ) ) ;
#9415 = DIRECTION ( 'NONE',  ( -0.1108510534444137469, 2.096348086633972484E-17, 0.9938370308809506559 ) ) ;
#9416 =( NAMED_UNIT ( * ) SI_UNIT ( $, .STERADIAN. ) SOLID_ANGLE_UNIT ( ) );
#9417 = DIRECTION ( 'NONE',  ( 0.000000000000000000, 1.000000000000000000, 0.000000000000000000 ) ) ;
#9418 = FILL_AREA_STYLE ('',( #6268 ) ) ;
#9419 = ORIENTED_EDGE ( 'NONE', *, *, #3846, .T. ) ;
#9420 = PRESENTATION_STYLE_ASSIGNMENT (( #9264 ) ) ;
#9421 = AXIS2_PLACEMENT_3D ( 'NONE', #2374, #7773, #1450 ) ;
#9422 = EDGE_CURVE ( 'NONE', #3945, #1661, #5874, .T. ) ;
#9423 = ORIENTED_EDGE ( 'NONE', *, *, #75, .T. ) ;
#9424 = DIRECTION ( 'NONE',  ( -1.000000000000000000, -0.000000000000000000, -0.000000000000000000 ) ) ;
#9425 = SURFACE_STYLE_FILL_AREA ( #5482 ) ;
#9426 = FILL_AREA_STYLE_COLOUR ( '', #2925 ) ;
#9427 = SURFACE_SIDE_STYLE ('',( #2294 ) ) ;
#9428 =( LENGTH_UNIT ( ) NAMED_UNIT ( * ) SI_UNIT ( .MILLI., .METRE. ) );
#9429 = ORIENTED_EDGE ( 'NONE', *, *, #8058, .T. ) ;
#9430 = CARTESIAN_POINT ( 'NONE',  ( 0.000000000000000000, 0.000000000000000000, -32.00000000000000000 ) ) ;
#9431 = CARTESIAN_POINT ( 'NONE',  ( 1.347043950347265318, 0.000000000000000000, 0.000000000000000000 ) ) ;
#9432 = SURFACE_STYLE_USAGE ( .BOTH. , #9282 ) ;
#9433 = MECHANICAL_DESIGN_GEOMETRIC_PRESENTATION_REPRESENTATION (  '', ( #3238 ), #7757 ) ;
#9434 = CARTESIAN_POINT ( 'NONE',  ( 1.949999999999999956, 0.2174999999999999989, -0.2174999999999999711 ) ) ;
#9435 = PRODUCT_DEFINITION ( 'UNKNOWN', '', #2397, #7766 ) ;
#9436 = LINE ( 'NONE', #2829, #2483 ) ;
#9437 = CARTESIAN_POINT ( 'NONE',  ( 0.000000000000000000, 1.959999999999999964, 0.4350000000000001088 ) ) ;
#9438 = PLANE ( 'NONE',  #2948 ) ;
#9439 = ORIENTED_EDGE ( 'NONE', *, *, #7928, .F. ) ;
#9440 = CARTESIAN_POINT ( 'NONE',  ( 2.193400286944045430, 0.1903515064562410486, 2.309278636184420884E-16 ) ) ;
#9441 = UNCERTAINTY_MEASURE_WITH_UNIT (LENGTH_MEASURE( 1.000000000000000082E-05 ), #4513, 'distance_accuracy_value', 'NONE');
#9442 = ORIENTED_EDGE ( 'NONE', *, *, #6917, .F. ) ;
#9443 = COLOUR_RGB ( '',0.7764705882352941346, 0.7568627450980391913, 0.7372549019607843590 ) ;
#9444 =( NAMED_UNIT ( * ) SI_UNIT ( $, .STERADIAN. ) SOLID_ANGLE_UNIT ( ) );
#9445 = DIRECTION ( 'NONE',  ( 0.9938370308809506559, 0.000000000000000000, 0.1108510534444137469 ) ) ;
#9446 = CARTESIAN_POINT ( 'NONE',  ( -25.39999999999996305, 2.143131898507868051E-16, -1.749999999999999778 ) ) ;
#9447 = ADVANCED_FACE ( 'NONE', ( #3866 ), #7624, .F. ) ;
#9448 = CARTESIAN_POINT ( 'NONE',  ( 5.974195292295553905, -0.2313525518329657138, -8.028830871489587498E-16 ) ) ;
#9449 = CIRCLE ( 'NONE', #1760, 6.000000000000000000 ) ;
#9450 = DIRECTION ( 'NONE',  ( -1.000000000000000000, -0.000000000000000000, -0.000000000000000000 ) ) ;
#9451 = FACE_OUTER_BOUND ( 'NONE', #5044, .T. ) ;
#9452 = CONTEXT_DEPENDENT_SHAPE_REPRESENTATION ( #4139, #4781 ) ;
#9453 = PRESENTATION_STYLE_ASSIGNMENT (( #4848 ) ) ;
#9454 = PRODUCT_DEFINITION_SHAPE ( 'NONE', 'NONE',  #10341 ) ;
#9455 = EDGE_LOOP ( 'NONE', ( #5970, #4836, #2044, #5707, #8042 ) ) ;
#9456 = CARTESIAN_POINT ( 'NONE',  ( 1.949999999999999956, -0.2175000000000000266, -0.2174999999999999989 ) ) ;
#9457 = CARTESIAN_POINT ( 'NONE',  ( 2.214116351126373949, -0.1880408685282127235, 0.1880408685282120573 ) ) ;
#9458 = SURFACE_STYLE_FILL_AREA ( #7932 ) ;
#9459 = ADVANCED_FACE ( 'NONE', ( #3022 ), #3650, .T. ) ;
#9460 = SURFACE_STYLE_FILL_AREA ( #9418 ) ;
#9461 = ORIENTED_EDGE ( 'NONE', *, *, #131, .T. ) ;
#9462 = SURFACE_SIDE_STYLE ('',( #6320 ) ) ;
#9463 = PRESENTATION_LAYER_ASSIGNMENT (  '', '', ( #6287 ) ) ;
#9464 = UNCERTAINTY_MEASURE_WITH_UNIT (LENGTH_MEASURE( 1.000000000000000082E-05 ), #8203, 'distance_accuracy_value', 'NONE');
#9465 = ORIENTED_EDGE ( 'NONE', *, *, #8706, .T. ) ;
#9466 = CARTESIAN_POINT ( 'NONE',  ( 22.60000000000000142, 0.000000000000000000, 0.000000000000000000 ) ) ;
#9467 = APPLICATION_CONTEXT ( 'automotive_design' ) ;
#9468 = DIRECTION ( 'NONE',  ( -0.9938370308809506559, -0.1108510534444136914, -3.870343844922732447E-16 ) ) ;
#9469 =( LENGTH_UNIT ( ) NAMED_UNIT ( * ) SI_UNIT ( .MILLI., .METRE. ) );
#9470 = DIRECTION ( 'NONE',  ( 0.000000000000000000, 0.000000000000000000, -1.000000000000000000 ) ) ;
#9471 = SURFACE_STYLE_USAGE ( .BOTH. , #9427 ) ;
#9472 =( NAMED_UNIT ( * ) SI_UNIT ( $, .STERADIAN. ) SOLID_ANGLE_UNIT ( ) );
#9473 = ORIENTED_EDGE ( 'NONE', *, *, #2269, .T. ) ;
#9474 = AXIS2_PLACEMENT_3D ( 'NONE', #6051, #355, #5197 ) ;
#9475 =( LENGTH_UNIT ( ) NAMED_UNIT ( * ) SI_UNIT ( .MILLI., .METRE. ) );
#9476 = CARTESIAN_POINT ( 'NONE',  ( 0.03111693966988647586, 0.4315292644214342443, 0.4315292644214356321 ) ) ;
#9477 = FILL_AREA_STYLE ('',( #7857 ) ) ;
#9478 = ORIENTED_EDGE ( 'NONE', *, *, #9301, .T. ) ;
#9479 = CARTESIAN_POINT ( 'NONE',  ( 0.000000000000000000, 0.4349999999999932254, 1.960000000000001741 ) ) ;
#9480 = AXIS2_PLACEMENT_3D ( 'NONE', #9773, #8888, #212 ) ;
#9481 = STYLED_ITEM ( 'NONE', ( #2317 ), #532 ) ;
#9482 = PLANE ( 'NONE',  #3726 ) ;
#9483 = VERTEX_POINT ( 'NONE', #7104 ) ;
#9484 = FILL_AREA_STYLE_COLOUR ( '', #6546 ) ;
#9485 = VECTOR ( 'NONE', #7992, 1000.000000000000000 ) ;
#9486 = SURFACE_SIDE_STYLE ('',( #7924 ) ) ;
#9487 =( NAMED_UNIT ( * ) PLANE_ANGLE_UNIT ( ) SI_UNIT ( $, .RADIAN. ) );
#9488 = AXIS2_PLACEMENT_3D ( 'NONE', #6063, #5159, #8290 ) ;
#9489 = AXIS2_PLACEMENT_3D ( 'NONE', #2951, #4591, #455 ) ;
#9490 = PLANE ( 'NONE',  #3389 ) ;
#9491 = DIRECTION ( 'NONE',  ( -1.000000000000000000, -0.000000000000000000, -0.000000000000000000 ) ) ;
#9492 = FACE_OUTER_BOUND ( 'NONE', #277, .T. ) ;
#9493 = CIRCLE ( 'NONE', #9660, 5.437518987584765817 ) ;
#9494 = ORIENTED_EDGE ( 'NONE', *, *, #5099, .F. ) ;
#9495 = AXIS2_PLACEMENT_3D ( 'NONE', #3561, #3656, #7629 ) ;
#9496 = EDGE_CURVE ( 'NONE', #1064, #627, #3362, .T. ) ;
#9497 = ADVANCED_FACE ( 'NONE', ( #7184 ), #6298, .T. ) ;
#9498 = STYLED_ITEM ( 'NONE', ( #9884 ), #1086 ) ;
#9499 = SURFACE_SIDE_STYLE ('',( #10288 ) ) ;
#9500 = SURFACE_STYLE_USAGE ( .BOTH. , #3121 ) ;
#9501 = CARTESIAN_POINT ( 'NONE',  ( 5.974195292295553905, 2.619630734554813543E-16, -0.2313525518329656583 ) ) ;
#9502 = MECHANICAL_DESIGN_GEOMETRIC_PRESENTATION_REPRESENTATION (  '', ( #6852 ), #9350 ) ;
#9503 = SURFACE_STYLE_FILL_AREA ( #5471 ) ;
#9504 = VERTEX_POINT ( 'NONE', #3967 ) ;
#9505 = PRESENTATION_LAYER_ASSIGNMENT (  '', '', ( #10004 ) ) ;
#9506 = SURFACE_STYLE_USAGE ( .BOTH. , #9462 ) ;
#9507 = VERTEX_POINT ( 'NONE', #6496 ) ;
#9508 =( GEOMETRIC_REPRESENTATION_CONTEXT ( 3 ) GLOBAL_UNCERTAINTY_ASSIGNED_CONTEXT ( ( #2436 ) ) GLOBAL_UNIT_ASSIGNED_CONTEXT ( ( #1546, #4491, #10260 ) ) REPRESENTATION_CONTEXT ( 'NONE', 'WORKASPACE' ) );
#9509 = ADVANCED_FACE ( 'NONE', ( #2514 ), #6558, .T. ) ;
#9510 = FILL_AREA_STYLE ('',( #6324 ) ) ;
#9511 = PRESENTATION_LAYER_ASSIGNMENT (  '', '', ( #1497 ) ) ;
#9512 = VECTOR ( 'NONE', #2161, 999.9999999999998863 ) ;
#9513 = SURFACE_SIDE_STYLE ('',( #6328 ) ) ;
#9514 = SURFACE_SIDE_STYLE ('',( #7166 ) ) ;
#9515 = AXIS2_PLACEMENT_3D ( 'NONE', #9088, #9763, #9971 ) ;
#9516 = TOROIDAL_SURFACE ( 'NONE', #5850, 3.080000000000000515, 0.4200000000000000400 ) ;
#9517 = VERTEX_POINT ( 'NONE', #8853 ) ;
#9518 = CARTESIAN_POINT ( 'NONE',  ( 0.2666411873824114376, -0.4052592521765831513, 1.721732169736483131 ) ) ;
#9519 = EDGE_CURVE ( 'NONE', #4012, #3917, #5090, .T. ) ;
#9520 =( NAMED_UNIT ( * ) PLANE_ANGLE_UNIT ( ) SI_UNIT ( $, .RADIAN. ) );
#9521 = PRESENTATION_LAYER_ASSIGNMENT (  '', '', ( #3349 ) ) ;
#9522 = LINE ( 'NONE', #6989, #3939 ) ;
#9523 = CIRCLE ( 'NONE', #7533, 5.995482475482741158 ) ;
#9524 = VERTEX_POINT ( 'NONE', #9736 ) ;
#9525 = AXIS2_PLACEMENT_3D ( 'NONE', #9501, #4709, #4038 ) ;
#9526 = UNCERTAINTY_MEASURE_WITH_UNIT (LENGTH_MEASURE( 1.000000000000000082E-05 ), #7260, 'distance_accuracy_value', 'NONE');
#9527 = CARTESIAN_POINT ( 'NONE',  ( 2.193400286944045430, -0.1903515064562409931, -2.309278636184418912E-16 ) ) ;
#9528 = EDGE_CURVE ( 'NONE', #10055, #3986, #5771, .T. ) ;
#9529 = FILL_AREA_STYLE_COLOUR ( '', #6704 ) ;
#9530 = ORIENTED_EDGE ( 'NONE', *, *, #10092, .F. ) ;
#9531 = FILL_AREA_STYLE ('',( #9484 ) ) ;
#9532 = MECHANICAL_DESIGN_GEOMETRIC_PRESENTATION_REPRESENTATION (  '', ( #374 ), #7555 ) ;
#9533 = FILL_AREA_STYLE ('',( #32 ) ) ;
#9534 = COLOUR_RGB ( '',0.7764705882352941346, 0.7568627450980391913, 0.7372549019607843590 ) ;
#9535 = DIRECTION ( 'NONE',  ( -0.1108510534444137469, -0.9938370308809506559, -3.448999966305766196E-15 ) ) ;
#9536 = SURFACE_STYLE_FILL_AREA ( #5456 ) ;
#9537 = FILL_AREA_STYLE_COLOUR ( '', #6514 ) ;
#9538 = CARTESIAN_POINT ( 'NONE',  ( 2.193400286944045430, -0.1903515064562409931, -2.309278636184418912E-16 ) ) ;
#9539 = DIRECTION ( 'NONE',  ( -1.000000000000000000, -0.000000000000000000, -0.000000000000000000 ) ) ;
#9540 =( NAMED_UNIT ( * ) SI_UNIT ( $, .STERADIAN. ) SOLID_ANGLE_UNIT ( ) );
#9541 = AXIS2_PLACEMENT_3D ( 'NONE', #6758, #6068, #5215 ) ;
#9542 = UNCERTAINTY_MEASURE_WITH_UNIT (LENGTH_MEASURE( 1.000000000000000082E-05 ), #5827, 'distance_accuracy_value', 'NONE');
#9543 = CIRCLE ( 'NONE', #8558, 1.749999999999999778 ) ;
#9544 = COLOUR_RGB ( '',0.7764705882352941346, 0.7568627450980391913, 0.7372549019607843590 ) ;
#9545 = ORIENTED_EDGE ( 'NONE', *, *, #5489, .F. ) ;
#9546 = DIRECTION ( 'NONE',  ( 0.6663196743247735698, -0.7456662065614397816, -9.292562311528023527E-17 ) ) ;
#9547 =( LENGTH_UNIT ( ) NAMED_UNIT ( * ) SI_UNIT ( .MILLI., .METRE. ) );
#9548 = SURFACE_STYLE_USAGE ( .BOTH. , #149 ) ;
#9549 = DIRECTION ( 'NONE',  ( 0.000000000000000000, 1.000000000000000000, 1.224646799147353207E-16 ) ) ;
#9550 =( LENGTH_UNIT ( ) NAMED_UNIT ( * ) SI_UNIT ( .MILLI., .METRE. ) );
#9551 = ADVANCED_FACE ( 'NONE', ( #9004 ), #9226, .T. ) ;
#9552 = EDGE_CURVE ( 'NONE', #7366, #4298, #6785, .T. ) ;
#9553 = ORIENTED_EDGE ( 'NONE', *, *, #1006, .F. ) ;
#9554 = CARTESIAN_POINT ( 'NONE',  ( 2.193400286944045430, -4.336808689942017736E-16, -0.1903515064562410486 ) ) ;
#9555 = UNCERTAINTY_MEASURE_WITH_UNIT (LENGTH_MEASURE( 1.000000000000000082E-05 ), #272, 'distance_accuracy_value', 'NONE');
#9556 =( GEOMETRIC_REPRESENTATION_CONTEXT ( 3 ) GLOBAL_UNCERTAINTY_ASSIGNED_CONTEXT ( ( #7469 ) ) GLOBAL_UNIT_ASSIGNED_CONTEXT ( ( #5721, #6677, #285 ) ) REPRESENTATION_CONTEXT ( 'NONE', 'WORKASPACE' ) );
#9557 = EDGE_LOOP ( 'NONE', ( #6456, #2107, #7439, #6000 ) ) ;
#9558 = COLOUR_RGB ( '',0.7764705882352941346, 0.7568627450980391913, 0.7372549019607843590 ) ;
#9559 =( GEOMETRIC_REPRESENTATION_CONTEXT ( 3 ) GLOBAL_UNCERTAINTY_ASSIGNED_CONTEXT ( ( #4028 ) ) GLOBAL_UNIT_ASSIGNED_CONTEXT ( ( #5571, #2, #6373 ) ) REPRESENTATION_CONTEXT ( 'NONE', 'WORKASPACE' ) );
#9560 = SURFACE_SIDE_STYLE ('',( #10251 ) ) ;
#9561 =( LENGTH_UNIT ( ) NAMED_UNIT ( * ) SI_UNIT ( .MILLI., .METRE. ) );
#9562 = SURFACE_SIDE_STYLE ('',( #7127 ) ) ;
#9563 = FILL_AREA_STYLE_COLOUR ( '', #5567 ) ;
#9564 = AXIS2_PLACEMENT_3D ( 'NONE', #6621, #8275, #2681 ) ;
#9565 = CIRCLE ( 'NONE', #585, 1.749999999999999778 ) ;
#9566 = SURFACE_STYLE_USAGE ( .BOTH. , #3187 ) ;
#9567 = EDGE_CURVE ( 'NONE', #7513, #5545, #8555, .T. ) ;
#9568 = ORIENTED_EDGE ( 'NONE', *, *, #1647, .F. ) ;
#9569 = CARTESIAN_POINT ( 'NONE',  ( 0.9968214519863044520, 0.000000000000000000, 0.000000000000000000 ) ) ;
#9570 = PRESENTATION_STYLE_ASSIGNMENT (( #3901 ) ) ;
#9571 = AXIS2_PLACEMENT_3D ( 'NONE', #943, #1042, #5015 ) ;
#9572 = MECHANICAL_DESIGN_GEOMETRIC_PRESENTATION_REPRESENTATION (  '', ( #8583 ), #7735 ) ;
#9573 = FILL_AREA_STYLE ('',( #4109 ) ) ;
#9574 = ORIENTED_EDGE ( 'NONE', *, *, #7859, .T. ) ;
#9575 = DIRECTION ( 'NONE',  ( 0.000000000000000000, -1.224646799147354193E-16, 1.000000000000000000 ) ) ;
#9576 = SURFACE_STYLE_USAGE ( .BOTH. , #6386 ) ;
#9577 = FILL_AREA_STYLE_COLOUR ( '', #8217 ) ;
#9578 =( NAMED_UNIT ( * ) PLANE_ANGLE_UNIT ( ) SI_UNIT ( $, .RADIAN. ) );
#9579 = EDGE_CURVE ( 'NONE', #8013, #41, #7883, .T. ) ;
#9580 = VECTOR ( 'NONE', #8437, 999.9999999999998863 ) ;
#9581 = AXIS2_PLACEMENT_3D ( 'NONE', #5342, #401, #9165 ) ;
#9582 = EDGE_LOOP ( 'NONE', ( #6653, #2265, #9104, #5149 ) ) ;
#9583 = CARTESIAN_POINT ( 'NONE',  ( 0.2666411873824114376, 0.4052592521765831513, -1.721732169736484019 ) ) ;
#9584 = ORIENTED_EDGE ( 'NONE', *, *, #8289, .F. ) ;
#9585 = COLOUR_RGB ( '',0.7764705882352941346, 0.7568627450980391913, 0.7372549019607843590 ) ;
#9586 =( LENGTH_UNIT ( ) NAMED_UNIT ( * ) SI_UNIT ( .MILLI., .METRE. ) );
#9587 =( LENGTH_UNIT ( ) NAMED_UNIT ( * ) SI_UNIT ( .MILLI., .METRE. ) );
#9588 = CARTESIAN_POINT ( 'NONE',  ( 0.03111693966988560850, 0.4315292644214372975, -0.4315292644214357431 ) ) ;
#9589 = CARTESIAN_POINT ( 'NONE',  ( 1.949999999999999956, 0.2175000000000007483, -0.2174999999999992772 ) ) ;
#9590 = EDGE_CURVE ( 'NONE', #3278, #6116, #8723, .T. ) ;
#9591 = SURFACE_SIDE_STYLE ('',( #36 ) ) ;
#9592 = CARTESIAN_POINT ( 'NONE',  ( 2.214116351126373505, 0.1880408685282115300, 0.1880408685282121406 ) ) ;
#9593 = FILL_AREA_STYLE ('',( #3487 ) ) ;
#9594 = STYLED_ITEM ( 'NONE', ( #7362 ), #3548 ) ;
#9595 = APPLICATION_CONTEXT ( 'automotive_design' ) ;
#9596 = ORIENTED_EDGE ( 'NONE', *, *, #706, .F. ) ;
#9597 = CARTESIAN_POINT ( 'NONE',  ( 27.60000000000000142, 0.000000000000000000, 0.000000000000000000 ) ) ;
#9598 = LINE ( 'NONE', #10237, #9895 ) ;
#9599 = DIRECTION ( 'NONE',  ( -0.1108510534444137469, 2.096348086633972484E-17, 0.9938370308809506559 ) ) ;
#9600 = AXIS2_PLACEMENT_3D ( 'NONE', #2375, #6212, #10231 ) ;
#9601 = LINE ( 'NONE', #5614, #8511 ) ;
#9602 = CYLINDRICAL_SURFACE ( 'NONE', #7113, 3.500000000000000444 ) ;
#9603 = ORIENTED_EDGE ( 'NONE', *, *, #7143, .F. ) ;
#9604 = FACE_OUTER_BOUND ( 'NONE', #1485, .T. ) ;
#9605 = ORIENTED_EDGE ( 'NONE', *, *, #879, .F. ) ;
#9606 = CARTESIAN_POINT ( 'NONE',  ( 1.347043950347265318, 4.286263797015737088E-16, -3.500000000000000444 ) ) ;
#9607 = PRODUCT_RELATED_PRODUCT_CATEGORY ( 'part', '', ( #1688 ) ) ;
#9608 =( LENGTH_UNIT ( ) NAMED_UNIT ( * ) SI_UNIT ( .MILLI., .METRE. ) );
#9609 = EDGE_CURVE ( 'NONE', #7151, #3399, #2522, .T. ) ;
#9610 = PRODUCT_DEFINITION_SHAPE ( 'NONE', 'NONE',  #10350 ) ;
#9611 = DIRECTION ( 'NONE',  ( 0.000000000000000000, -1.224646799147354193E-16, 1.000000000000000000 ) ) ;
#9612 = PLANE ( 'NONE',  #1619 ) ;
#9613 = PRESENTATION_STYLE_ASSIGNMENT (( #61 ) ) ;
#9614 = FACE_OUTER_BOUND ( 'NONE', #3738, .T. ) ;
#9615 = MECHANICAL_DESIGN_GEOMETRIC_PRESENTATION_REPRESENTATION (  '', ( #3969 ), #2435 ) ;
#9616 = FILL_AREA_STYLE_COLOUR ( '', #1963 ) ;
#9617 = SURFACE_STYLE_USAGE ( .BOTH. , #944 ) ;
#9618 = CARTESIAN_POINT ( 'NONE',  ( 0.2666411873824114376, 1.721732169736485352, 0.4052592521765772671 ) ) ;
#9619 = AXIS2_PLACEMENT_3D ( 'NONE', #4673, #2253, #3949 ) ;
#9620 = ADVANCED_FACE ( 'NONE', ( #2676 ), #3749, .T. ) ;
#9621 = DIRECTION ( 'NONE',  ( -0.000000000000000000, 0.000000000000000000, -1.000000000000000000 ) ) ;
#9622 = EDGE_CURVE ( 'NONE', #4044, #5306, #1385, .T. ) ;
#9623 = ORIENTED_EDGE ( 'NONE', *, *, #5899, .F. ) ;
#9624 = CARTESIAN_POINT ( 'NONE',  ( 0.9968214519863044520, 0.000000000000000000, 0.000000000000000000 ) ) ;
#9625 = FACE_OUTER_BOUND ( 'NONE', #10005, .T. ) ;
#9626 = FACE_OUTER_BOUND ( 'NONE', #7008, .T. ) ;
#9627 = DIRECTION ( 'NONE',  ( -0.1108510534444136914, 0.9938370308809506559, 3.595744332370143179E-15 ) ) ;
#9628 = DIRECTION ( 'NONE',  ( -0.9938370308809506559, 0.000000000000000000, 0.1108510534444136914 ) ) ;
#9629 = FILL_AREA_STYLE ('',( #8842 ) ) ;
#9630 = ORIENTED_EDGE ( 'NONE', *, *, #336, .T. ) ;
#9631 = SURFACE_SIDE_STYLE ('',( #5029 ) ) ;
#9632 = UNCERTAINTY_MEASURE_WITH_UNIT (LENGTH_MEASURE( 1.000000000000000082E-05 ), #5766, 'distance_accuracy_value', 'NONE');
#9633 = ORIENTED_EDGE ( 'NONE', *, *, #3696, .T. ) ;
#9634 = CIRCLE ( 'NONE', #5978, 3.500000000000000444 ) ;
#9635 = EDGE_CURVE ( 'NONE', #8571, #742, #6942, .T. ) ;
#9636 = AXIS2_PLACEMENT_3D ( 'NONE', #828, #6748, #1247 ) ;
#9637 = CARTESIAN_POINT ( 'NONE',  ( 2.193400286944045430, 0.1903515064562410486, 2.309278636184420884E-16 ) ) ;
#9638 = FILL_AREA_STYLE ('',( #4122 ) ) ;
#9639 =( NAMED_UNIT ( * ) PLANE_ANGLE_UNIT ( ) SI_UNIT ( $, .RADIAN. ) );
#9640 = SURFACE_STYLE_FILL_AREA ( #4845 ) ;
#9641 = PRESENTATION_LAYER_ASSIGNMENT (  '', '', ( #10318 ) ) ;
#9642 =( LENGTH_UNIT ( ) NAMED_UNIT ( * ) SI_UNIT ( .MILLI., .METRE. ) );
#9643 = CARTESIAN_POINT ( 'NONE',  ( 1.949999999999999956, -0.2175000000000000266, -0.2174999999999999989 ) ) ;
#9644 = STYLED_ITEM ( 'NONE', ( #9690 ), #465 ) ;
#9645 = CONTEXT_DEPENDENT_SHAPE_REPRESENTATION ( #10136, #9610 ) ;
#9646 = UNCERTAINTY_MEASURE_WITH_UNIT (LENGTH_MEASURE( 1.000000000000000082E-05 ), #2536, 'distance_accuracy_value', 'NONE');
#9647 = ORIENTED_EDGE ( 'NONE', *, *, #2461, .F. ) ;
#9648 = EDGE_LOOP ( 'NONE', ( #7178, #6903, #7606, #9050, #2745 ) ) ;
#9649 = EDGE_CURVE ( 'NONE', #7662, #5879, #2898, .T. ) ;
#9650 =( NAMED_UNIT ( * ) PLANE_ANGLE_UNIT ( ) SI_UNIT ( $, .RADIAN. ) );
#9651 =( GEOMETRIC_REPRESENTATION_CONTEXT ( 3 ) GLOBAL_UNCERTAINTY_ASSIGNED_CONTEXT ( ( #5043 ) ) GLOBAL_UNIT_ASSIGNED_CONTEXT ( ( #8139, #262, #1150 ) ) REPRESENTATION_CONTEXT ( 'NONE', 'WORKASPACE' ) );
#9652 = VECTOR ( 'NONE', #97, 1000.000000000000000 ) ;
#9653 = SURFACE_SIDE_STYLE ('',( #826 ) ) ;
#9654 = VECTOR ( 'NONE', #7610, 1000.000000000000000 ) ;
#9655 =( NAMED_UNIT ( * ) SI_UNIT ( $, .STERADIAN. ) SOLID_ANGLE_UNIT ( ) );
#9656 = CARTESIAN_POINT ( 'NONE',  ( 1.949999999999999956, 0.2175000000000007205, -0.2174999999999992772 ) ) ;
#9657 =( NAMED_UNIT ( * ) PLANE_ANGLE_UNIT ( ) SI_UNIT ( $, .RADIAN. ) );
#9658 = CARTESIAN_POINT ( 'NONE',  ( 4.309938594911940868, 1.891316923914901471, 2.356976916973721757E-16 ) ) ;
#9659 = VERTEX_POINT ( 'NONE', #2098 ) ;
#9660 = AXIS2_PLACEMENT_3D ( 'NONE', #8681, #8041, #1613 ) ;
#9661 = AXIS2_PLACEMENT_3D ( 'NONE', #4611, #2232, #8763 ) ;
#9662 = UNCERTAINTY_MEASURE_WITH_UNIT (LENGTH_MEASURE( 1.000000000000000082E-05 ), #3300, 'distance_accuracy_value', 'NONE');
#9663 = ORIENTED_EDGE ( 'NONE', *, *, #7009, .T. ) ;
#9664 = FILL_AREA_STYLE ('',( #791 ) ) ;
#9665 =( GEOMETRIC_REPRESENTATION_CONTEXT ( 3 ) GLOBAL_UNCERTAINTY_ASSIGNED_CONTEXT ( ( #1060 ) ) GLOBAL_UNIT_ASSIGNED_CONTEXT ( ( #971, #5191, #8918 ) ) REPRESENTATION_CONTEXT ( 'NONE', 'WORKASPACE' ) );
#9666 = SURFACE_STYLE_FILL_AREA ( #3405 ) ;
#9667 = STYLED_ITEM ( 'NONE', ( #7604 ), #5126 ) ;
#9668 =( NAMED_UNIT ( * ) SI_UNIT ( $, .STERADIAN. ) SOLID_ANGLE_UNIT ( ) );
#9669 =( GEOMETRIC_REPRESENTATION_CONTEXT ( 3 ) GLOBAL_UNCERTAINTY_ASSIGNED_CONTEXT ( ( #10285 ) ) GLOBAL_UNIT_ASSIGNED_CONTEXT ( ( #7974, #8919, #3274 ) ) REPRESENTATION_CONTEXT ( 'NONE', 'WORKASPACE' ) );
#9670 = PRESENTATION_STYLE_ASSIGNMENT (( #9617 ) ) ;
#9671 = CIRCLE ( 'NONE', #5168, 3.500000000000000000 ) ;
#9672 = ORIENTED_EDGE ( 'NONE', *, *, #5815, .F. ) ;
#9673 =( LENGTH_UNIT ( ) NAMED_UNIT ( * ) SI_UNIT ( .MILLI., .METRE. ) );
#9674 = ORIENTED_EDGE ( 'NONE', *, *, #6526, .F. ) ;
#9675 = MECHANICAL_DESIGN_GEOMETRIC_PRESENTATION_REPRESENTATION (  '', ( #8 ), #7849 ) ;
#9676 = CIRCLE ( 'NONE', #5176, 5.995482475482740270 ) ;
#9677 = FACE_OUTER_BOUND ( 'NONE', #7895, .T. ) ;
#9678 = PRESENTATION_STYLE_ASSIGNMENT (( #7949 ) ) ;
#9679 = SURFACE_STYLE_FILL_AREA ( #6481 ) ;
#9680 = DIRECTION ( 'NONE',  ( -1.000000000000000000, -0.000000000000000000, -0.000000000000000000 ) ) ;
#9681 = EDGE_CURVE ( 'NONE', #41, #9142, #5189, .T. ) ;
#9682 = EDGE_LOOP ( 'NONE', ( #5434, #6678, #7765, #9114 ) ) ;
#9683 = LINE ( 'NONE', #2410, #7472 ) ;
#9684 = ADVANCED_FACE ( 'NONE', ( #9995 ), #1280, .T. ) ;
#9685 = DIRECTION ( 'NONE',  ( -0.1108510534444137469, 2.096348086633972484E-17, 0.9938370308809506559 ) ) ;
#9686 = TOROIDAL_SURFACE ( 'NONE', #5182, 3.080000000000000515, 0.4200000000000000400 ) ;
#9687 = ORIENTED_EDGE ( 'NONE', *, *, #3411, .F. ) ;
#9688 = APPLICATION_PROTOCOL_DEFINITION ( 'draft international standard', 'automotive_design', 1998, #3745 ) ;
#9689 =( NAMED_UNIT ( * ) PLANE_ANGLE_UNIT ( ) SI_UNIT ( $, .RADIAN. ) );
#9690 = PRESENTATION_STYLE_ASSIGNMENT (( #867 ) ) ;
#9691 = CARTESIAN_POINT ( 'NONE',  ( 0.9968214519863044520, 0.000000000000000000, 0.000000000000000000 ) ) ;
#9692 = STYLED_ITEM ( 'NONE', ( #871 ), #7423 ) ;
#9693 =( GEOMETRIC_REPRESENTATION_CONTEXT ( 3 ) GLOBAL_UNCERTAINTY_ASSIGNED_CONTEXT ( ( #5057 ) ) GLOBAL_UNIT_ASSIGNED_CONTEXT ( ( #5016, #9821, #5691 ) ) REPRESENTATION_CONTEXT ( 'NONE', 'WORKASPACE' ) );
#9694 =( GEOMETRIC_REPRESENTATION_CONTEXT ( 3 ) GLOBAL_UNCERTAINTY_ASSIGNED_CONTEXT ( ( #6488 ) ) GLOBAL_UNIT_ASSIGNED_CONTEXT ( ( #5470, #10293, #3079 ) ) REPRESENTATION_CONTEXT ( 'NONE', 'WORKASPACE' ) );
#9695 = ADVANCED_FACE ( 'NONE', ( #6040 ), #10057, .T. ) ;
#9696 = ORIENTED_EDGE ( 'NONE', *, *, #7086, .F. ) ;
#9697 = AXIS2_PLACEMENT_3D ( 'NONE', #4326, #4285, #6565 ) ;
#9698 = AXIS2_PLACEMENT_3D ( 'NONE', #9247, #9291, #6151 ) ;
#9699 = CARTESIAN_POINT ( 'NONE',  ( 0.000000000000000000, -1.959999999999999964, -0.4349999999999999978 ) ) ;
#9700 = VECTOR ( 'NONE', #2537, 1000.000000000000000 ) ;
#9701 = FACE_OUTER_BOUND ( 'NONE', #555, .T. ) ;
#9702 = SURFACE_STYLE_USAGE ( .BOTH. , #4134 ) ;
#9703 = CARTESIAN_POINT ( 'NONE',  ( 2.214116351126373505, -0.1880408685282114467, -0.1880408685282121684 ) ) ;
#9704 = CARTESIAN_POINT ( 'NONE',  ( 4.309938594911940868, -6.606512545546451519E-15, 1.891316923914901693 ) ) ;
#9705 = STYLED_ITEM ( 'NONE', ( #5125 ), #7100 ) ;
#9706 = EDGE_CURVE ( 'NONE', #1428, #7305, #9708, .T. ) ;
#9707 = CARTESIAN_POINT ( 'NONE',  ( 2.214116351126373505, -0.1880408685282114467, -0.1880408685282121684 ) ) ;
#9708 = CIRCLE ( 'NONE', #5203, 3.311827956989247479 ) ;
#9709 = ORIENTED_EDGE ( 'NONE', *, *, #4870, .T. ) ;
#9710 = DIRECTION ( 'NONE',  ( -0.7456662065614396706, 0.6663196743247736809, 0.000000000000000000 ) ) ;
#9711 = CIRCLE ( 'NONE', #1537, 1.749999999999999778 ) ;
#9712 = DIRECTION ( 'NONE',  ( 1.000000000000000000, 0.000000000000000000, 0.000000000000000000 ) ) ;
#9713 = AXIS2_PLACEMENT_3D ( 'NONE', #8651, #622, #10060 ) ;
#9714 = SURFACE_STYLE_FILL_AREA ( #9096 ) ;
#9715 = STYLED_ITEM ( 'NONE', ( #7531 ), #2584 ) ;
#9716 = CARTESIAN_POINT ( 'NONE',  ( 0.9968214519863044520, 3.311827956989247479, 0.000000000000000000 ) ) ;
#9717 =( NAMED_UNIT ( * ) SI_UNIT ( $, .STERADIAN. ) SOLID_ANGLE_UNIT ( ) );
#9718 = ORIENTED_EDGE ( 'NONE', *, *, #336, .F. ) ;
#9719 = PRESENTATION_STYLE_ASSIGNMENT (( #2719 ) ) ;
#9720 = DIRECTION ( 'NONE',  ( 0.000000000000000000, 0.000000000000000000, 1.000000000000000000 ) ) ;
#9721 = VERTEX_POINT ( 'NONE', #1683 ) ;
#9722 = CIRCLE ( 'NONE', #1048, 5.995482475482740270 ) ;
#9723 = AXIS2_PLACEMENT_3D ( 'NONE', #5513, #9546, #3828 ) ;
#9724 =( NAMED_UNIT ( * ) SI_UNIT ( $, .STERADIAN. ) SOLID_ANGLE_UNIT ( ) );
#9725 = DIRECTION ( 'NONE',  ( 0.000000000000000000, 0.000000000000000000, 1.000000000000000000 ) ) ;
#9726 = FACE_OUTER_BOUND ( 'NONE', #945, .T. ) ;
#9727 =( NAMED_UNIT ( * ) SI_UNIT ( $, .STERADIAN. ) SOLID_ANGLE_UNIT ( ) );
#9728 = LINE ( 'NONE', #9048, #9861 ) ;
#9729 = VERTEX_POINT ( 'NONE', #1579 ) ;
#9730 = TOROIDAL_SURFACE ( 'NONE', #2550, 3.080000000000000515, 0.4200000000000000400 ) ;
#9731 = UNCERTAINTY_MEASURE_WITH_UNIT (LENGTH_MEASURE( 1.000000000000000082E-05 ), #7899, 'distance_accuracy_value', 'NONE');
#9732 = AXIS2_PLACEMENT_3D ( 'NONE', #7295, #8799, #6616 ) ;
#9733 =( GEOMETRIC_REPRESENTATION_CONTEXT ( 3 ) GLOBAL_UNCERTAINTY_ASSIGNED_CONTEXT ( ( #1602 ) ) GLOBAL_UNIT_ASSIGNED_CONTEXT ( ( #940, #5798, #1037 ) ) REPRESENTATION_CONTEXT ( 'NONE', 'WORKASPACE' ) );
#9734 = AXIS2_PLACEMENT_3D ( 'NONE', #3648, #5103, #1345 ) ;
#9735 = EDGE_LOOP ( 'NONE', ( #416, #8296, #3057 ) ) ;
#9736 = CARTESIAN_POINT ( 'NONE',  ( 2.599999999999998312, 4.286263797015736595E-16, -3.500000000000000000 ) ) ;
#9737 = EDGE_CURVE ( 'NONE', #689, #947, #723, .T. ) ;
#9738 = CARTESIAN_POINT ( 'NONE',  ( 1.347043950347265318, 0.000000000000000000, 0.000000000000000000 ) ) ;
#9739 = CARTESIAN_POINT ( 'NONE',  ( 2.599999999999998312, 0.000000000000000000, 1.749999999999999778 ) ) ;
#9740 =( NAMED_UNIT ( * ) SI_UNIT ( $, .STERADIAN. ) SOLID_ANGLE_UNIT ( ) );
#9741 = CIRCLE ( 'NONE', #2907, 1.749999999999999778 ) ;
#9742 = AXIS2_PLACEMENT_3D ( 'NONE', #2370, #7293, #6493 ) ;
#9743 = AXIS2_PLACEMENT_3D ( 'NONE', #7226, #7854, #762 ) ;
#9744 = DIRECTION ( 'NONE',  ( -0.1108510534444136914, 1.257808851980383614E-16, -0.9938370308809506559 ) ) ;
#9745 = DIRECTION ( 'NONE',  ( 0.9938370308809507669, 0.000000000000000000, 0.1108510534444137746 ) ) ;
#9746 = UNCERTAINTY_MEASURE_WITH_UNIT (LENGTH_MEASURE( 1.000000000000000082E-05 ), #2438, 'distance_accuracy_value', 'NONE');
#9747 = VERTEX_POINT ( 'NONE', #3145 ) ;
#9748 = VERTEX_POINT ( 'NONE', #7131 ) ;
#9749 = CIRCLE ( 'NONE', #5245, 3.500000000000000000 ) ;
#9750 = PRODUCT_DEFINITION_FORMATION_WITH_SPECIFIED_SOURCE ( 'ANY', '', #9195, .NOT_KNOWN. ) ;
#9751 = COLOUR_RGB ( '',0.7764705882352941346, 0.7568627450980391913, 0.7372549019607843590 ) ;
#9752 = DIRECTION ( 'NONE',  ( -0.7456662065614397816, -2.326442708608981349E-15, 0.6663196743247735698 ) ) ;
#9753 = EDGE_LOOP ( 'NONE', ( #5199, #2178, #2824 ) ) ;
#9754 = EDGE_CURVE ( 'NONE', #5545, #6666, #6164, .T. ) ;
#9755 = DIRECTION ( 'NONE',  ( 0.7431005017819711789, -0.6640269868487613802, -0.08288428673721992546 ) ) ;
#9756 = CARTESIAN_POINT ( 'NONE',  ( -25.39999999999996305, 0.000000000000000000, 0.000000000000000000 ) ) ;
#9757 = CARTESIAN_POINT ( 'NONE',  ( 2.193400286944045430, -0.1903515064562409931, -2.309278636184418912E-16 ) ) ;
#9758 =( NAMED_UNIT ( * ) SI_UNIT ( $, .STERADIAN. ) SOLID_ANGLE_UNIT ( ) );
#9759 = VECTOR ( 'NONE', #10241, 1000.000000000000000 ) ;
#9760 =( NAMED_UNIT ( * ) SI_UNIT ( $, .STERADIAN. ) SOLID_ANGLE_UNIT ( ) );
#9761 = UNCERTAINTY_MEASURE_WITH_UNIT (LENGTH_MEASURE( 1.000000000000000082E-05 ), #7947, 'distance_accuracy_value', 'NONE');
#9762 = EDGE_LOOP ( 'NONE', ( #4413, #2185, #9270, #7101 ) ) ;
#9763 = DIRECTION ( 'NONE',  ( -1.000000000000000000, -0.000000000000000000, -0.000000000000000000 ) ) ;
#9764 = DIRECTION ( 'NONE',  ( 0.6663196743247736809, 0.7456662065614397816, 0.000000000000000000 ) ) ;
#9765 = CIRCLE ( 'NONE', #2406, 3.500000000000000444 ) ;
#9766 = ORIENTED_EDGE ( 'NONE', *, *, #7319, .T. ) ;
#9767 = DIRECTION ( 'NONE',  ( -1.000000000000000000, -0.000000000000000000, -0.000000000000000000 ) ) ;
#9768 = ADVANCED_FACE ( 'NONE', ( #2125 ), #10291, .T. ) ;
#9770 = FILL_AREA_STYLE_COLOUR ( '', #8295 ) ;
#9769 = SHAPE_REPRESENTATION ( 'M3.5 x 8 Screw head', ( #5069 ), #2055 ) ;
#9771 = FILL_AREA_STYLE_COLOUR ( '', #7503 ) ;
#9772 = SURFACE_STYLE_USAGE ( .BOTH. , #8299 ) ;
#9773 = CARTESIAN_POINT ( 'NONE',  ( 1.949999999999999956, 0.2174999999999999989, 0.2174999999999999156 ) ) ;
#9774 = AXIS2_PLACEMENT_3D ( 'NONE', #7561, #4538, #6893 ) ;
#9775 = CARTESIAN_POINT ( 'NONE',  ( 1.949999999999999956, 0.2174999999999999989, -0.2174999999999999711 ) ) ;
#9776 = ORIENTED_EDGE ( 'NONE', *, *, #5829, .T. ) ;
#9777 = DIRECTION ( 'NONE',  ( 0.000000000000000000, 0.000000000000000000, 1.000000000000000000 ) ) ;
#9778 = ORIENTED_EDGE ( 'NONE', *, *, #5517, .T. ) ;
#9779 =( LENGTH_UNIT ( ) NAMED_UNIT ( * ) SI_UNIT ( .MILLI., .METRE. ) );
#9780 = PRESENTATION_STYLE_ASSIGNMENT (( #3579 ) ) ;
#9781 = EDGE_CURVE ( 'NONE', #7292, #947, #1216, .T. ) ;
#9782 = ORIENTED_EDGE ( 'NONE', *, *, #53, .F. ) ;
#9783 = CARTESIAN_POINT ( 'NONE',  ( 0.2666411873824114376, 1.721732169736486240, -0.4052592521765773226 ) ) ;
#9784 = CARTESIAN_POINT ( 'NONE',  ( 4.309938594911940868, 1.891316923914901471, 2.356976916973721757E-16 ) ) ;
#9785 = CARTESIAN_POINT ( 'NONE',  ( 0.03111693966988647586, 0.4315292644214342443, 0.4315292644214356321 ) ) ;
#9786 = SURFACE_STYLE_USAGE ( .BOTH. , #8103 ) ;
#9787 =( NAMED_UNIT ( * ) PLANE_ANGLE_UNIT ( ) SI_UNIT ( $, .RADIAN. ) );
#9788 = ORIENTED_EDGE ( 'NONE', *, *, #118, .F. ) ;
#9789 =( LENGTH_UNIT ( ) NAMED_UNIT ( * ) SI_UNIT ( .MILLI., .METRE. ) );
#9790 = ORIENTED_EDGE ( 'NONE', *, *, #7390, .F. ) ;
#9791 = CARTESIAN_POINT ( 'NONE',  ( 5.974195292295553905, -0.2313525518329657138, -8.028830871489587498E-16 ) ) ;
#9792 = DIRECTION ( 'NONE',  ( -0.7456662065614396706, 0.6663196743247736809, 0.000000000000000000 ) ) ;
#9793 = FILL_AREA_STYLE_COLOUR ( '', #210 ) ;
#9794 = DIRECTION ( 'NONE',  ( -0.1108510534444136914, 1.257808851980383614E-16, -0.9938370308809506559 ) ) ;
#9795 = CARTESIAN_POINT ( 'NONE',  ( 0.9968214519863044520, 0.000000000000000000, 0.000000000000000000 ) ) ;
#9796 = PRESENTATION_STYLE_ASSIGNMENT (( #3431 ) ) ;
#9797 = SURFACE_STYLE_USAGE ( .BOTH. , #5774 ) ;
#9798 = DIRECTION ( 'NONE',  ( 0.000000000000000000, 0.000000000000000000, 1.000000000000000000 ) ) ;
#9799 = MECHANICAL_DESIGN_GEOMETRIC_PRESENTATION_REPRESENTATION (  '', ( #2971 ), #8796 ) ;
#9800 = VERTEX_POINT ( 'NONE', #7052 ) ;
#9801 = VECTOR ( 'NONE', #5576, 1000.000000000000000 ) ;
#9802 = ORIENTED_EDGE ( 'NONE', *, *, #3997, .T. ) ;
#9803 = SURFACE_SIDE_STYLE ('',( #2426 ) ) ;
#9804 = SURFACE_SIDE_STYLE ('',( #1805 ) ) ;
#9805 = SURFACE_SIDE_STYLE ('',( #2534 ) ) ;
#9806 = SURFACE_STYLE_FILL_AREA ( #6059 ) ;
#9807 =( NAMED_UNIT ( * ) PLANE_ANGLE_UNIT ( ) SI_UNIT ( $, .RADIAN. ) );
#9808 = CARTESIAN_POINT ( 'NONE',  ( 0.9968214519863044520, 0.000000000000000000, 0.000000000000000000 ) ) ;
#9809 = ADVANCED_FACE ( 'NONE', ( #8661 ), #3714, .T. ) ;
#9810 = EDGE_CURVE ( 'NONE', #303, #1967, #2530, .T. ) ;
#9811 = ORIENTED_EDGE ( 'NONE', *, *, #9054, .F. ) ;
#9812 =( NAMED_UNIT ( * ) PLANE_ANGLE_UNIT ( ) SI_UNIT ( $, .RADIAN. ) );
#9813 = VECTOR ( 'NONE', #6255, 1000.000000000000000 ) ;
#9814 = FILL_AREA_STYLE_COLOUR ( '', #6215 ) ;
#9815 = ORIENTED_EDGE ( 'NONE', *, *, #582, .T. ) ;
#9816 =( NAMED_UNIT ( * ) PLANE_ANGLE_UNIT ( ) SI_UNIT ( $, .RADIAN. ) );
#9817 = AXIS2_PLACEMENT_3D ( 'NONE', #9440, #628, #7138 ) ;
#9818 = AXIS2_PLACEMENT_3D ( 'NONE', #1811, #5005, #1027 ) ;
#9819 = COLOUR_RGB ( '',0.7764705882352941346, 0.7568627450980391913, 0.7372549019607843590 ) ;
#9820 =( NAMED_UNIT ( * ) PLANE_ANGLE_UNIT ( ) SI_UNIT ( $, .RADIAN. ) );
#9821 =( NAMED_UNIT ( * ) PLANE_ANGLE_UNIT ( ) SI_UNIT ( $, .RADIAN. ) );
#9822 = EDGE_CURVE ( 'NONE', #6240, #9370, #961, .T. ) ;
#9823 = ORIENTED_EDGE ( 'NONE', *, *, #706, .T. ) ;
#9824 = FILL_AREA_STYLE ('',( #7325 ) ) ;
#9825 = MECHANICAL_DESIGN_GEOMETRIC_PRESENTATION_REPRESENTATION (  '', ( #8319 ), #3667 ) ;
#9826 =( NAMED_UNIT ( * ) PLANE_ANGLE_UNIT ( ) SI_UNIT ( $, .RADIAN. ) );
#9827 = CARTESIAN_POINT ( 'NONE',  ( 0.9968214519863044520, 0.000000000000000000, 0.000000000000000000 ) ) ;
#9828 = EDGE_LOOP ( 'NONE', ( #5491, #4521, #7069 ) ) ;
#9829 = CARTESIAN_POINT ( 'NONE',  ( 2.214116351126373949, -0.1880408685282127235, 0.1880408685282120573 ) ) ;
#9830 = SURFACE_STYLE_USAGE ( .BOTH. , #8207 ) ;
#9831 = FILL_AREA_STYLE ('',( #1778 ) ) ;
#9832 = DIRECTION ( 'NONE',  ( 0.000000000000000000, 0.000000000000000000, 1.000000000000000000 ) ) ;
#9833 = DIRECTION ( 'NONE',  ( 0.9938370308809506559, 0.000000000000000000, 0.1108510534444137469 ) ) ;
#9834 =( GEOMETRIC_REPRESENTATION_CONTEXT ( 3 ) GLOBAL_UNCERTAINTY_ASSIGNED_CONTEXT ( ( #8822 ) ) GLOBAL_UNIT_ASSIGNED_CONTEXT ( ( #178, #9891, #5706 ) ) REPRESENTATION_CONTEXT ( 'NONE', 'WORKASPACE' ) );
#9835 = CARTESIAN_POINT ( 'NONE',  ( 2.193400286944045430, -4.336808689942017736E-16, -0.1903515064562410486 ) ) ;
#9836 = MECHANICAL_DESIGN_GEOMETRIC_PRESENTATION_REPRESENTATION (  '', ( #9667 ), #7674 ) ;
#9837 = ORIENTED_EDGE ( 'NONE', *, *, #4785, .T. ) ;
#9838 = EDGE_CURVE ( 'NONE', #3425, #2692, #3384, .T. ) ;
#9839 = PRESENTATION_LAYER_ASSIGNMENT (  '', '', ( #4184 ) ) ;
#9840 = UNCERTAINTY_MEASURE_WITH_UNIT (LENGTH_MEASURE( 1.000000000000000082E-05 ), #9316, 'distance_accuracy_value', 'NONE');
#9841 = VERTEX_POINT ( 'NONE', #9588 ) ;
#9842 = CARTESIAN_POINT ( 'NONE',  ( 0.000000000000000000, -1.959999999999999964, 0.4349999999999996092 ) ) ;
#9843 = STYLED_ITEM ( 'NONE', ( #2263 ), #1521 ) ;
#9844 = CARTESIAN_POINT ( 'NONE',  ( 2.214116351126373505, 0.1880408685282115300, 0.1880408685282121406 ) ) ;
#9845 = CARTESIAN_POINT ( 'NONE',  ( -25.39999999999996305, 4.286263797015737088E-16, -3.500000000000000444 ) ) ;
#9846 = DIRECTION ( 'NONE',  ( -0.7456662065614396706, 0.6663196743247736809, 0.000000000000000000 ) ) ;
#9847 = EDGE_LOOP ( 'NONE', ( #9782, #68, #6372, #10024, #9138, #7511, #6020, #1735, #6883, #9395, #8118 ) ) ;
#9848 = AXIS2_PLACEMENT_3D ( 'NONE', #4904, #8082, #922 ) ;
#9849 = UNCERTAINTY_MEASURE_WITH_UNIT (LENGTH_MEASURE( 1.000000000000000082E-05 ), #4206, 'distance_accuracy_value', 'NONE');
#9850 = ORIENTED_EDGE ( 'NONE', *, *, #4602, .F. ) ;
#9851 = MECHANICAL_DESIGN_GEOMETRIC_PRESENTATION_REPRESENTATION (  '', ( #8167 ), #1996 ) ;
#9852 = VERTEX_POINT ( 'NONE', #8801 ) ;
#9853 = LINE ( 'NONE', #1852, #6385 ) ;
#9854 =( GEOMETRIC_REPRESENTATION_CONTEXT ( 3 ) GLOBAL_UNCERTAINTY_ASSIGNED_CONTEXT ( ( #4011 ) ) GLOBAL_UNIT_ASSIGNED_CONTEXT ( ( #6226, #2241, #4469 ) ) REPRESENTATION_CONTEXT ( 'NONE', 'WORKASPACE' ) );
#9855 = CARTESIAN_POINT ( 'NONE',  ( 2.599999999999998312, 2.143131898507868051E-16, -1.749999999999999778 ) ) ;
#9857 = DIRECTION ( 'NONE',  ( 0.9877866216249069353, -0.1101762001043169320, 0.1101762001043165712 ) ) ;
#9856 =( NAMED_UNIT ( * ) PLANE_ANGLE_UNIT ( ) SI_UNIT ( $, .RADIAN. ) );
#9858 = CARTESIAN_POINT ( 'NONE',  ( 0.03111693966988560850, -0.4315292644214371864, 0.4315292644214354101 ) ) ;
#9859 =( LENGTH_UNIT ( ) NAMED_UNIT ( * ) SI_UNIT ( .MILLI., .METRE. ) );
#9860 = DIRECTION ( 'NONE',  ( 0.9877866216249069353, 0.1101762001043169042, -0.1101762001043164879 ) ) ;
#9861 = VECTOR ( 'NONE', #1839, 1000.000000000000000 ) ;
#9862 = AXIS2_PLACEMENT_3D ( 'NONE', #4342, #4292, #201 ) ;
#9863 = UNCERTAINTY_MEASURE_WITH_UNIT (LENGTH_MEASURE( 1.000000000000000082E-05 ), #6894, 'distance_accuracy_value', 'NONE');
#9864 = ORIENTED_EDGE ( 'NONE', *, *, #5735, .F. ) ;
#9865 = DIRECTION ( 'NONE',  ( 0.000000000000000000, 0.000000000000000000, 1.000000000000000000 ) ) ;
#9866 = ORIENTED_EDGE ( 'NONE', *, *, #5735, .T. ) ;
#9867 = SURFACE_SIDE_STYLE ('',( #2815 ) ) ;
#9868 = STYLED_ITEM ( 'NONE', ( #1363 ), #7829 ) ;
#9869 = AXIS2_PLACEMENT_3D ( 'NONE', #8798, #865, #4743 ) ;
#9870 = ADVANCED_FACE ( 'NONE', ( #79 ), #5884, .T. ) ;
#9871 = STYLED_ITEM ( 'NONE', ( #1827 ), #6736 ) ;
#9872 = SURFACE_SIDE_STYLE ('',( #1095 ) ) ;
#9873 = AXIS2_PLACEMENT_3D ( 'NONE', #6730, #9166, #9280 ) ;
#9874 = LINE ( 'NONE', #5923, #4587 ) ;
#9875 = DIRECTION ( 'NONE',  ( -0.1108510534444137469, 2.096348086633972484E-17, 0.9938370308809506559 ) ) ;
#9876 = AXIS2_PLACEMENT_3D ( 'NONE', #4015, #2963, #10224 ) ;
#9877 = AXIS2_PLACEMENT_3D ( 'NONE', #3585, #2035, #10109 ) ;
#9878 = MECHANICAL_DESIGN_GEOMETRIC_PRESENTATION_REPRESENTATION (  '', ( #3864 ), #3900 ) ;
#9879 = SURFACE_STYLE_FILL_AREA ( #5861 ) ;
#9880 = CARTESIAN_POINT ( 'NONE',  ( 1.949999999999999956, 0.2175000000000007205, -0.2174999999999992772 ) ) ;
#9881 = CIRCLE ( 'NONE', #8215, 5.995482475482740270 ) ;
#9882 = ORIENTED_EDGE ( 'NONE', *, *, #5357, .T. ) ;
#9883 = EDGE_CURVE ( 'NONE', #6107, #9721, #2416, .T. ) ;
#9884 = PRESENTATION_STYLE_ASSIGNMENT (( #10093 ) ) ;
#9885 = LINE ( 'NONE', #8991, #10265 ) ;
#9886 = DIRECTION ( 'NONE',  ( -0.1108510534444136914, 0.9938370308809506559, 3.595744332370143968E-15 ) ) ;
#9887 = FACE_OUTER_BOUND ( 'NONE', #2389, .T. ) ;
#9888 =( GEOMETRIC_REPRESENTATION_CONTEXT ( 3 ) GLOBAL_UNCERTAINTY_ASSIGNED_CONTEXT ( ( #4235 ) ) GLOBAL_UNIT_ASSIGNED_CONTEXT ( ( #8363, #9154, #1268 ) ) REPRESENTATION_CONTEXT ( 'NONE', 'WORKASPACE' ) );
#9889 = SURFACE_STYLE_USAGE ( .BOTH. , #6721 ) ;
#9890 = FILL_AREA_STYLE ('',( #4270 ) ) ;
#9891 =( NAMED_UNIT ( * ) PLANE_ANGLE_UNIT ( ) SI_UNIT ( $, .RADIAN. ) );
#9892 =( LENGTH_UNIT ( ) NAMED_UNIT ( * ) SI_UNIT ( .MILLI., .METRE. ) );
#9893 = SURFACE_STYLE_USAGE ( .BOTH. , #6727 ) ;
#9894 = ORIENTED_EDGE ( 'NONE', *, *, #6248, .T. ) ;
#9895 = VECTOR ( 'NONE', #10338, 1000.000000000000000 ) ;
#9896 = CIRCLE ( 'NONE', #5544, 5.995482475482741158 ) ;
#9897 = EDGE_CURVE ( 'NONE', #3978, #3016, #4072, .T. ) ;
#9898 = DIRECTION ( 'NONE',  ( -0.9877866216249070463, 0.1101762001043161965, 0.1101762001043165434 ) ) ;
#9899 = PRESENTATION_STYLE_ASSIGNMENT (( #6671 ) ) ;
#9900 = CARTESIAN_POINT ( 'NONE',  ( 5.974195292295553905, 2.375629221075779134E-16, 0.2313525518329657416 ) ) ;
#9901 = DIRECTION ( 'NONE',  ( 0.000000000000000000, 0.000000000000000000, 1.000000000000000000 ) ) ;
#9902 =( GEOMETRIC_REPRESENTATION_CONTEXT ( 3 ) GLOBAL_UNCERTAINTY_ASSIGNED_CONTEXT ( ( #5893 ) ) GLOBAL_UNIT_ASSIGNED_CONTEXT ( ( #6302, #9487, #9346 ) ) REPRESENTATION_CONTEXT ( 'NONE', 'WORKASPACE' ) );
#9903 = PRESENTATION_LAYER_ASSIGNMENT (  '', '', ( #8583 ) ) ;
#9904 = ORIENTED_EDGE ( 'NONE', *, *, #269, .T. ) ;
#9905 = FACE_OUTER_BOUND ( 'NONE', #9557, .T. ) ;
#9906 = CARTESIAN_POINT ( 'NONE',  ( 0.000000000000000000, -1.959999999999999964, 0.4349999999999996092 ) ) ;
#9907 = VERTEX_POINT ( 'NONE', #5947 ) ;
#9908 = VERTEX_POINT ( 'NONE', #1846 ) ;
#9909 = PRESENTATION_STYLE_ASSIGNMENT (( #9245 ) ) ;
#9910 = SURFACE_SIDE_STYLE ('',( #1018 ) ) ;
#9911 = MECHANICAL_DESIGN_GEOMETRIC_PRESENTATION_REPRESENTATION (  '', ( #4753 ), #7418 ) ;
#9912 = AXIS2_PLACEMENT_3D ( 'NONE', #4158, #8146, #5121 ) ;
#9913 = EDGE_CURVE ( 'NONE', #303, #5306, #345, .T. ) ;
#9914 = CARTESIAN_POINT ( 'NONE',  ( 2.193400286944045430, -4.336808689942017736E-16, -0.1903515064562410486 ) ) ;
#9915 = CARTESIAN_POINT ( 'NONE',  ( 1.949999999999999956, 0.2174999999999999989, 0.2174999999999999711 ) ) ;
#9916 =( NAMED_UNIT ( * ) PLANE_ANGLE_UNIT ( ) SI_UNIT ( $, .RADIAN. ) );
#9917 = LINE ( 'NONE', #6912, #7825 ) ;
#9918 = SURFACE_SIDE_STYLE ('',( #8570 ) ) ;
#9919 = MECHANICAL_DESIGN_GEOMETRIC_PRESENTATION_REPRESENTATION (  '', ( #5415 ), #3232 ) ;
#9920 = ORIENTED_EDGE ( 'NONE', *, *, #5479, .T. ) ;
#9921 = SURFACE_STYLE_USAGE ( .BOTH. , #1091 ) ;
#9922 = CARTESIAN_POINT ( 'NONE',  ( 5.974195292295553905, -0.2313525518329657138, -8.028830871489587498E-16 ) ) ;
#9923 = ORIENTED_EDGE ( 'NONE', *, *, #3365, .F. ) ;
#9924 = CARTESIAN_POINT ( 'NONE',  ( 2.193400286944045430, 4.336808689942017736E-16, 0.1903515064562409931 ) ) ;
#9925 = SURFACE_STYLE_FILL_AREA ( #6970 ) ;
#9926 = COLOUR_RGB ( '',0.7764705882352941346, 0.7568627450980391913, 0.7372549019607843590 ) ;
#9927 = DIRECTION ( 'NONE',  ( 0.000000000000000000, 1.000000000000000000, 0.000000000000000000 ) ) ;
#9928 = ORIENTED_EDGE ( 'NONE', *, *, #993, .T. ) ;
#9929 = SURFACE_SIDE_STYLE ('',( #9714 ) ) ;
#9930 = CARTESIAN_POINT ( 'NONE',  ( 8.600000000000003197, 0.000000000000000000, 1.749999999999999778 ) ) ;
#9931 = ORIENTED_EDGE ( 'NONE', *, *, #7675, .T. ) ;
#9932 = PRESENTATION_LAYER_ASSIGNMENT (  '', '', ( #6265 ) ) ;
#9933 = ADVANCED_FACE ( 'NONE', ( #6670 ), #1066, .T. ) ;
#9934 = DIRECTION ( 'NONE',  ( -1.000000000000000000, -0.000000000000000000, -0.000000000000000000 ) ) ;
#9935 =( LENGTH_UNIT ( ) NAMED_UNIT ( * ) SI_UNIT ( .MILLI., .METRE. ) );
#9936 = DIRECTION ( 'NONE',  ( -0.1108510534444136914, 1.257808851980383614E-16, -0.9938370308809506559 ) ) ;
#9937 = CARTESIAN_POINT ( 'NONE',  ( 5.974195292295553905, 2.375629221075779134E-16, 0.2313525518329657416 ) ) ;
#9938 =( NAMED_UNIT ( * ) PLANE_ANGLE_UNIT ( ) SI_UNIT ( $, .RADIAN. ) );
#9939 = DIRECTION ( 'NONE',  ( -0.1108510534444137469, 2.096348086633972484E-17, 0.9938370308809506559 ) ) ;
#9940 = AXIS2_PLACEMENT_3D ( 'NONE', #1014, #3259, #918 ) ;
#9941 = SURFACE_SIDE_STYLE ('',( #271 ) ) ;
#9942 =( NAMED_UNIT ( * ) PLANE_ANGLE_UNIT ( ) SI_UNIT ( $, .RADIAN. ) );
#9943 = ADVANCED_BREP_SHAPE_REPRESENTATION ( '', ( #5286, #5069 ), #3231 ) ;
#9944 = ORIENTED_EDGE ( 'NONE', *, *, #4474, .T. ) ;
#9945 = UNCERTAINTY_MEASURE_WITH_UNIT (LENGTH_MEASURE( 1.000000000000000082E-05 ), #8384, 'distance_accuracy_value', 'NONE');
#9946 = EDGE_CURVE ( 'NONE', #9067, #3762, #8382, .T. ) ;
#9947 = EDGE_CURVE ( 'NONE', #7589, #8816, #51, .T. ) ;
#9948 =( NAMED_UNIT ( * ) SI_UNIT ( $, .STERADIAN. ) SOLID_ANGLE_UNIT ( ) );
#9949 = VERTEX_POINT ( 'NONE', #9739 ) ;
#9950 = SURFACE_STYLE_USAGE ( .BOTH. , #8323 ) ;
#9951 = LINE ( 'NONE', #9118, #1626 ) ;
#9952 = CARTESIAN_POINT ( 'NONE',  ( 5.974195292295553905, -0.2313525518329657138, -8.028830871489587498E-16 ) ) ;
#9953 = FILL_AREA_STYLE ('',( #6788 ) ) ;
#9954 = DIRECTION ( 'NONE',  ( -0.1108510534444136914, 1.257808851980383614E-16, -0.9938370308809506559 ) ) ;
#9955 = DIRECTION ( 'NONE',  ( -1.000000000000000000, -0.000000000000000000, -0.000000000000000000 ) ) ;
#9956 = DIRECTION ( 'NONE',  ( 0.9938370308809506559, -0.1108510534444137469, -3.870343844922734420E-16 ) ) ;
#9957 = CARTESIAN_POINT ( 'NONE',  ( 1.949999999999999956, -0.2175000000000000266, -0.2174999999999999989 ) ) ;
#9958 = COLOUR_RGB ( '',0.7764705882352941346, 0.7568627450980391913, 0.7372549019607843590 ) ;
#9959 = ORIENTED_EDGE ( 'NONE', *, *, #9781, .F. ) ;
#9960 = UNCERTAINTY_MEASURE_WITH_UNIT (LENGTH_MEASURE( 1.000000000000000082E-05 ), #7941, 'distance_accuracy_value', 'NONE');
#9961 = ORIENTED_EDGE ( 'NONE', *, *, #1765, .F. ) ;
#9962 = EDGE_CURVE ( 'NONE', #2472, #7780, #9881, .T. ) ;
#9963 = ORIENTED_EDGE ( 'NONE', *, *, #2270, .T. ) ;
#9964 = FACE_OUTER_BOUND ( 'NONE', #4470, .T. ) ;
#9965 = FILL_AREA_STYLE_COLOUR ( '', #289 ) ;
#9966 = LINE ( 'NONE', #9915, #10182 ) ;
#9967 = FACE_OUTER_BOUND ( 'NONE', #1816, .T. ) ;
#9968 = ITEM_DEFINED_TRANSFORMATION ( 'NONE', 'NONE', #1737,  #5069 ) ;
#9969 = EDGE_CURVE ( 'NONE', #5148, #7292, #5708, .T. ) ;
#9970 = ORIENTED_EDGE ( 'NONE', *, *, #2219, .F. ) ;
#9971 = DIRECTION ( 'NONE',  ( 0.000000000000000000, 0.000000000000000000, 1.000000000000000000 ) ) ;
#9972 =( LENGTH_UNIT ( ) NAMED_UNIT ( * ) SI_UNIT ( .MILLI., .METRE. ) );
#9973 =( GEOMETRIC_REPRESENTATION_CONTEXT ( 3 ) GLOBAL_UNCERTAINTY_ASSIGNED_CONTEXT ( ( #3589 ) ) GLOBAL_UNIT_ASSIGNED_CONTEXT ( ( #8900, #4981, #4071 ) ) REPRESENTATION_CONTEXT ( 'NONE', 'WORKASPACE' ) );
#9974 = EDGE_LOOP ( 'NONE', ( #11, #4250, #7455 ) ) ;
#9975 = PRESENTATION_STYLE_ASSIGNMENT (( #6807 ) ) ;
#9976 = AXIS2_PLACEMENT_3D ( 'NONE', #373, #9145, #1969 ) ;
#9977 =( NAMED_UNIT ( * ) PLANE_ANGLE_UNIT ( ) SI_UNIT ( $, .RADIAN. ) );
#9978 = ORIENTED_EDGE ( 'NONE', *, *, #2616, .F. ) ;
#9979 =( NAMED_UNIT ( * ) PLANE_ANGLE_UNIT ( ) SI_UNIT ( $, .RADIAN. ) );
#9980 = AXIS2_PLACEMENT_3D ( 'NONE', #2081, #9304, #604 ) ;
#9981 = FILL_AREA_STYLE ('',( #9098 ) ) ;
#9982 = EDGE_CURVE ( 'NONE', #431, #6976, #511, .T. ) ;
#9983 = STYLED_ITEM ( 'NONE', ( #1490 ), #377 ) ;
#9984 = ORIENTED_EDGE ( 'NONE', *, *, #4844, .F. ) ;
#9985 = CARTESIAN_POINT ( 'NONE',  ( 0.03111693966988560850, -0.4315292644214371864, 0.4315292644214354101 ) ) ;
#9986 = CARTESIAN_POINT ( 'NONE',  ( 0.03111693966988647586, -0.4315292644214340778, -0.4315292644214357987 ) ) ;
#9987 = ORIENTED_EDGE ( 'NONE', *, *, #7831, .T. ) ;
#9988 = DIRECTION ( 'NONE',  ( 0.000000000000000000, -1.000000000000000000, 0.000000000000000000 ) ) ;
#9989 = AXIS2_PLACEMENT_3D ( 'NONE', #2677, #5772, #8160 ) ;
#9990 = CARTESIAN_POINT ( 'NONE',  ( 0.2553644383338094515, 1.731808957027352269, 0.000000000000000000 ) ) ;
#9991 = SURFACE_STYLE_FILL_AREA ( #6820 ) ;
#9992 = APPLICATION_CONTEXT ( 'automotive_design' ) ;
#9993 = PRESENTATION_LAYER_ASSIGNMENT (  '', '', ( #2465 ) ) ;
#9994 = VERTEX_POINT ( 'NONE', #568 ) ;
#9995 = FACE_OUTER_BOUND ( 'NONE', #1828, .T. ) ;
#9996 = CARTESIAN_POINT ( 'NONE',  ( 0.9968214519863044520, 0.000000000000000000, 0.000000000000000000 ) ) ;
#9997 = FILL_AREA_STYLE ('',( #1282 ) ) ;
#9998 = DIRECTION ( 'NONE',  ( -1.000000000000000000, -0.000000000000000000, -0.000000000000000000 ) ) ;
#9999 = SURFACE_STYLE_USAGE ( .BOTH. , #515 ) ;
#10000 = ADVANCED_FACE ( 'NONE', ( #1477 ), #2211, .T. ) ;
#10001 = CARTESIAN_POINT ( 'NONE',  ( 1.949999999999999956, -0.2175000000000007205, 0.2174999999999993883 ) ) ;
#10002 = CARTESIAN_POINT ( 'NONE',  ( 1.347043950347265318, 0.000000000000000000, 3.500000000000000444 ) ) ;
#10003 = EDGE_CURVE ( 'NONE', #2569, #2607, #6192, .T. ) ;
#10004 = STYLED_ITEM ( 'NONE', ( #2755 ), #1323 ) ;
#10005 = EDGE_LOOP ( 'NONE', ( #1198, #7304, #9978 ) ) ;
#10006 =( NAMED_UNIT ( * ) PLANE_ANGLE_UNIT ( ) SI_UNIT ( $, .RADIAN. ) );
#10007 =( NAMED_UNIT ( * ) SI_UNIT ( $, .STERADIAN. ) SOLID_ANGLE_UNIT ( ) );
#10008 = CARTESIAN_POINT ( 'NONE',  ( 0.2553644383338094515, -1.731808957027352047, -2.120854295958262972E-16 ) ) ;
#10009 = EDGE_LOOP ( 'NONE', ( #2059, #1509, #1401 ) ) ;
#10010 = MECHANICAL_DESIGN_GEOMETRIC_PRESENTATION_REPRESENTATION (  '', ( #8994 ), #9508 ) ;
#10011 = AXIS2_PLACEMENT_3D ( 'NONE', #5348, #7650, #7856 ) ;
#10012 = ORIENTED_EDGE ( 'NONE', *, *, #2080, .T. ) ;
#10013 = SURFACE_STYLE_USAGE ( .BOTH. , #2691 ) ;
#10014 = ORIENTED_EDGE ( 'NONE', *, *, #7164, .T. ) ;
#10015 = FILL_AREA_STYLE_COLOUR ( '', #2354 ) ;
#10016 = FILL_AREA_STYLE_COLOUR ( '', #7310 ) ;
#10017 = MECHANICAL_DESIGN_GEOMETRIC_PRESENTATION_REPRESENTATION (  '', ( #3690 ), #10186 ) ;
#10018 = PLANE ( 'NONE',  #8999 ) ;
#10019 = ADVANCED_FACE ( 'NONE', ( #9328 ), #456, .F. ) ;
#10020 = CARTESIAN_POINT ( 'NONE',  ( 0.2553644383338094515, -1.731808957027352047, -2.120854295958262972E-16 ) ) ;
#10021 = DIRECTION ( 'NONE',  ( -1.000000000000000000, -0.000000000000000000, -0.000000000000000000 ) ) ;
#10022 = CIRCLE ( 'NONE', #4693, 3.500000000000000444 ) ;
#10023 = SURFACE_SIDE_STYLE ('',( #3657 ) ) ;
#10024 = ORIENTED_EDGE ( 'NONE', *, *, #5851, .T. ) ;
#10025 =( GEOMETRIC_REPRESENTATION_CONTEXT ( 3 ) GLOBAL_UNCERTAINTY_ASSIGNED_CONTEXT ( ( #9761 ) ) GLOBAL_UNIT_ASSIGNED_CONTEXT ( ( #7947, #2356, #1955 ) ) REPRESENTATION_CONTEXT ( 'NONE', 'WORKASPACE' ) );
#10026 = CIRCLE ( 'NONE', #4035, 3.311827956989247479 ) ;
#10027 = DIRECTION ( 'NONE',  ( 0.7456662065614396706, 0.6663196743247736809, 0.000000000000000000 ) ) ;
#10028 =( NAMED_UNIT ( * ) PLANE_ANGLE_UNIT ( ) SI_UNIT ( $, .RADIAN. ) );
#10029 = ADVANCED_FACE ( 'NONE', ( #7699, #3751 ), #3854, .F. ) ;
#10030 = FACE_OUTER_BOUND ( 'NONE', #5283, .T. ) ;
#10031 =( NAMED_UNIT ( * ) SI_UNIT ( $, .STERADIAN. ) SOLID_ANGLE_UNIT ( ) );
#10032 = PRESENTATION_LAYER_ASSIGNMENT (  '', '', ( #10200 ) ) ;
#10033 = CIRCLE ( 'NONE', #2009, 3.311827956989247479 ) ;
#10034 = DIRECTION ( 'NONE',  ( -0.1108510534444137469, 2.096348086633972484E-17, 0.9938370308809506559 ) ) ;
#10035 = SURFACE_SIDE_STYLE ('',( #10142 ) ) ;
#10036 = ORIENTED_EDGE ( 'NONE', *, *, #9969, .F. ) ;
#10037 = CIRCLE ( 'NONE', #2182, 3.311827956989247479 ) ;
#10038 =( LENGTH_UNIT ( ) NAMED_UNIT ( * ) SI_UNIT ( .MILLI., .METRE. ) );
#10039 =( NAMED_UNIT ( * ) PLANE_ANGLE_UNIT ( ) SI_UNIT ( $, .RADIAN. ) );
#10040 = ORIENTED_EDGE ( 'NONE', *, *, #9913, .T. ) ;
#10041 = MECHANICAL_DESIGN_GEOMETRIC_PRESENTATION_REPRESENTATION (  '', ( #7048 ), #3361 ) ;
#10042 = MECHANICAL_DESIGN_GEOMETRIC_PRESENTATION_REPRESENTATION (  '', ( #10206 ), #4712 ) ;
#10043 = COLOUR_RGB ( '',0.7764705882352941346, 0.7568627450980391913, 0.7372549019607843590 ) ;
#10044 = EDGE_LOOP ( 'NONE', ( #4349, #10298 ) ) ;
#10045 = EDGE_CURVE ( 'NONE', #666, #1360, #1246, .T. ) ;
#10046 = DIRECTION ( 'NONE',  ( 0.6663196743247736809, -2.603479645215216163E-15, 0.7456662065614397816 ) ) ;
#10047 = SURFACE_STYLE_FILL_AREA ( #2780 ) ;
#10048 = FILL_AREA_STYLE_COLOUR ( '', #4016 ) ;
#10049 = STYLED_ITEM ( 'NONE', ( #7471 ), #7791 ) ;
#10050 = PRESENTATION_LAYER_ASSIGNMENT (  '', '', ( #7710 ) ) ;
#10051 = PRESENTATION_LAYER_ASSIGNMENT (  '', '', ( #8884 ) ) ;
#10052 = UNCERTAINTY_MEASURE_WITH_UNIT (LENGTH_MEASURE( 1.000000000000000082E-05 ), #3209, 'distance_accuracy_value', 'NONE');
#10053 = SURFACE_SIDE_STYLE ('',( #6881 ) ) ;
#10054 = MECHANICAL_DESIGN_GEOMETRIC_PRESENTATION_REPRESENTATION (  '', ( #8375 ), #8043 ) ;
#10055 = VERTEX_POINT ( 'NONE', #18 ) ;
#10056 = VECTOR ( 'NONE', #10321, 1000.000000000000000 ) ;
#10057 = CYLINDRICAL_SURFACE ( 'NONE', #3896, 1.749999999999999778 ) ;
#10058 = CIRCLE ( 'NONE', #2362, 3.500000000000000444 ) ;
#10059 = DIRECTION ( 'NONE',  ( 0.000000000000000000, 0.000000000000000000, 1.000000000000000000 ) ) ;
#10060 = DIRECTION ( 'NONE',  ( 0.000000000000000000, 0.000000000000000000, 1.000000000000000000 ) ) ;
#10061 = DIRECTION ( 'NONE',  ( -0.9938370308809507669, -0.1108510534444137052, 0.000000000000000000 ) ) ;
#10062 = SURFACE_STYLE_FILL_AREA ( #1393 ) ;
#10063 = CARTESIAN_POINT ( 'NONE',  ( 1.949999999999999956, 0.2174999999999999989, -0.2174999999999999711 ) ) ;
#10064 = CARTESIAN_POINT ( 'NONE',  ( 1.347043950347263763, 0.000000000000000000, 3.080000000000000515 ) ) ;
#10065 = FILL_AREA_STYLE ('',( #2956 ) ) ;
#10066 = SURFACE_STYLE_FILL_AREA ( #2053 ) ;
#10067 = EDGE_LOOP ( 'NONE', ( #1074, #2888, #8556, #7279, #4096 ) ) ;
#10068 = PRESENTATION_LAYER_ASSIGNMENT (  '', '', ( #5384 ) ) ;
#10069 = UNCERTAINTY_MEASURE_WITH_UNIT (LENGTH_MEASURE( 1.000000000000000082E-05 ), #7687, 'distance_accuracy_value', 'NONE');
#10070 = MECHANICAL_DESIGN_GEOMETRIC_PRESENTATION_REPRESENTATION (  '', ( #1227 ), #7081 ) ;
#10071 = VERTEX_POINT ( 'NONE', #8002 ) ;
#10072 = VERTEX_POINT ( 'NONE', #6438 ) ;
#10073 = ADVANCED_FACE ( 'NONE', ( #9626 ), #799, .T. ) ;
#10074 =( NAMED_UNIT ( * ) PLANE_ANGLE_UNIT ( ) SI_UNIT ( $, .RADIAN. ) );
#10075 = CARTESIAN_POINT ( 'NONE',  ( 0.9968214519863044520, 0.000000000000000000, 0.000000000000000000 ) ) ;
#10076 = VERTEX_POINT ( 'NONE', #3195 ) ;
#10077 = SURFACE_SIDE_STYLE ('',( #6907 ) ) ;
#10078 = DIRECTION ( 'NONE',  ( -0.1108510534444136914, 1.257808851980383614E-16, -0.9938370308809506559 ) ) ;
#10079 = AXIS2_PLACEMENT_3D ( 'NONE', #4592, #8486, #6246 ) ;
#10080 = FACE_OUTER_BOUND ( 'NONE', #1472, .T. ) ;
#10081 = AXIS2_PLACEMENT_3D ( 'NONE', #6575, #7461, #3440 ) ;
#10082 = VECTOR ( 'NONE', #3950, 1000.000000000000000 ) ;
#10083 =( NAMED_UNIT ( * ) SI_UNIT ( $, .STERADIAN. ) SOLID_ANGLE_UNIT ( ) );
#10084 = DIRECTION ( 'NONE',  ( 1.000000000000000000, 0.000000000000000000, 0.000000000000000000 ) ) ;
#10085 = CARTESIAN_POINT ( 'NONE',  ( 1.949999999999999956, 0.2175000000000001377, 0.2174999999999999711 ) ) ;
#10086 = CARTESIAN_POINT ( 'NONE',  ( 4.309938594911940868, -1.891316923914901471, 0.000000000000000000 ) ) ;
#10087 = SHAPE_DEFINITION_REPRESENTATION ( #4867, #3803 ) ;
#10088 = VECTOR ( 'NONE', #5757, 1000.000000000000000 ) ;
#10089 = EDGE_LOOP ( 'NONE', ( #8911, #98, #9811, #7049 ) ) ;
#10090 =( GEOMETRIC_REPRESENTATION_CONTEXT ( 3 ) GLOBAL_UNCERTAINTY_ASSIGNED_CONTEXT ( ( #1417 ) ) GLOBAL_UNIT_ASSIGNED_CONTEXT ( ( #8673, #7884, #2930 ) ) REPRESENTATION_CONTEXT ( 'NONE', 'WORKASPACE' ) );
#10091 = PRESENTATION_LAYER_ASSIGNMENT (  '', '', ( #5061 ) ) ;
#10092 = EDGE_CURVE ( 'NONE', #1774, #9659, #2743, .T. ) ;
#10093 = SURFACE_STYLE_USAGE ( .BOTH. , #5867 ) ;
#10094 = SURFACE_STYLE_FILL_AREA ( #2934 ) ;
#10095 = SURFACE_STYLE_USAGE ( .BOTH. , #6920 ) ;
#10096 = CIRCLE ( 'NONE', #242, 3.311827956989247479 ) ;
#10097 = PRESENTATION_LAYER_ASSIGNMENT (  '', '', ( #6254 ) ) ;
#10098 = ORIENTED_EDGE ( 'NONE', *, *, #6436, .F. ) ;
#10099 = CARTESIAN_POINT ( 'NONE',  ( 6.000000000000000000, 2.326828918379972351E-16, 0.000000000000000000 ) ) ;
#10100 = ORIENTED_EDGE ( 'NONE', *, *, #4721, .T. ) ;
#10101 = ADVANCED_FACE ( 'NONE', ( #3957 ), #3933, .T. ) ;
#10102 = SURFACE_STYLE_FILL_AREA ( #5973 ) ;
#10103 = DIRECTION ( 'NONE',  ( -0.9877866216249070463, 0.1101762001043161965, 0.1101762001043165434 ) ) ;
#10104 = DIRECTION ( 'NONE',  ( -0.1108510534444137469, 2.096348086633972484E-17, 0.9938370308809506559 ) ) ;
#10105 = PRESENTATION_STYLE_ASSIGNMENT (( #8467 ) ) ;
#10106 =( GEOMETRIC_REPRESENTATION_CONTEXT ( 3 ) GLOBAL_UNCERTAINTY_ASSIGNED_CONTEXT ( ( #8925 ) ) GLOBAL_UNIT_ASSIGNED_CONTEXT ( ( #4723, #5577, #4815 ) ) REPRESENTATION_CONTEXT ( 'NONE', 'WORKASPACE' ) );
#10107 = SURFACE_STYLE_USAGE ( .BOTH. , #4578 ) ;
#10108 = SURFACE_SIDE_STYLE ('',( #3799 ) ) ;
#10109 = DIRECTION ( 'NONE',  ( -0.9938370308809507669, -0.1108510534444137052, 0.000000000000000000 ) ) ;
#10110 = EDGE_CURVE ( 'NONE', #8469, #7098, #10263, .T. ) ;
#10111 = EDGE_LOOP ( 'NONE', ( #6097, #8926, #2189, #6845, #494 ) ) ;
#10112 = AXIS2_PLACEMENT_3D ( 'NONE', #1493, #7872, #1452 ) ;
#10113 = FILL_AREA_STYLE_COLOUR ( '', #7689 ) ;
#10114 = LINE ( 'NONE', #7040, #3144 ) ;
#10115 = DIRECTION ( 'NONE',  ( -0.000000000000000000, 0.000000000000000000, 1.000000000000000000 ) ) ;
#10116 = DIRECTION ( 'NONE',  ( -0.1108510534444137469, 2.096348086633972484E-17, 0.9938370308809506559 ) ) ;
#10117 = SURFACE_SIDE_STYLE ('',( #721 ) ) ;
#10118 = DIRECTION ( 'NONE',  ( -0.000000000000000000, 0.000000000000000000, 1.000000000000000000 ) ) ;
#10119 = PRODUCT_DEFINITION_SHAPE ( 'NONE', 'NONE',  #10346 ) ;
#10120 = ORIENTED_EDGE ( 'NONE', *, *, #8348, .T. ) ;
#10121 = ORIENTED_EDGE ( 'NONE', *, *, #9962, .F. ) ;
#10122 = VERTEX_POINT ( 'NONE', #5764 ) ;
#10123 = EDGE_LOOP ( 'NONE', ( #2937, #1640, #1340 ) ) ;
#10124 = DIRECTION ( 'NONE',  ( 0.000000000000000000, 0.000000000000000000, 1.000000000000000000 ) ) ;
#10125 = CARTESIAN_POINT ( 'NONE',  ( 2.599999999999998312, 0.000000000000000000, 0.000000000000000000 ) ) ;
#10126 = DIRECTION ( 'NONE',  ( -0.9938370308809507669, 0.000000000000000000, 0.1108510534444137052 ) ) ;
#10127 =( NAMED_UNIT ( * ) SI_UNIT ( $, .STERADIAN. ) SOLID_ANGLE_UNIT ( ) );
#10128 = DIRECTION ( 'NONE',  ( -1.000000000000000000, -0.000000000000000000, -0.000000000000000000 ) ) ;
#10129 = FILL_AREA_STYLE ('',( #6156 ) ) ;
#10130 = SURFACE_STYLE_USAGE ( .BOTH. , #6751 ) ;
#10131 = SURFACE_STYLE_USAGE ( .BOTH. , #6962 ) ;
#10132 = LINE ( 'NONE', #2972, #673 ) ;
#10133 = APPLICATION_PROTOCOL_DEFINITION ( 'draft international standard', 'automotive_design', 1998, #7986 ) ;
#10134 = ORIENTED_EDGE ( 'NONE', *, *, #5994, .F. ) ;
#10135 = DIRECTION ( 'NONE',  ( 0.000000000000000000, 0.000000000000000000, -1.000000000000000000 ) ) ;
#10136 =( REPRESENTATION_RELATIONSHIP ('NONE','NONE', #1962, #4192 ) REPRESENTATION_RELATIONSHIP_WITH_TRANSFORMATION ( #6455 )SHAPE_REPRESENTATION_RELATIONSHIP( ) );
#10137 = PLANE ( 'NONE',  #6362 ) ;
#10138 = SURFACE_STYLE_FILL_AREA ( #3729 ) ;
#10139 = CIRCLE ( 'NONE', #9311, 0.4199999999999998179 ) ;
#10140 = ADVANCED_FACE ( 'NONE', ( #1103 ), #6776, .F. ) ;
#10141 = EDGE_CURVE ( 'NONE', #2495, #3383, #9044, .T. ) ;
#10142 = SURFACE_STYLE_FILL_AREA ( #6975 ) ;
#10143 = VERTEX_POINT ( 'NONE', #949 ) ;
#10144 = ORIENTED_EDGE ( 'NONE', *, *, #2402, .F. ) ;
#10145 = EDGE_LOOP ( 'NONE', ( #7236, #4703, #2114, #9066 ) ) ;
#10146 = CARTESIAN_POINT ( 'NONE',  ( 0.000000000000000000, 0.4350000000000068257, -1.959999999999998188 ) ) ;
#10147 = CARTESIAN_POINT ( 'NONE',  ( 1.347043950347263763, 0.000000000000000000, 3.080000000000000515 ) ) ;
#10148 = FACE_OUTER_BOUND ( 'NONE', #4761, .T. ) ;
#10149 = SURFACE_SIDE_STYLE ('',( #6983 ) ) ;
#10150 = ADVANCED_FACE ( 'NONE', ( #6717 ), #7432, .T. ) ;
#10151 =( GEOMETRIC_REPRESENTATION_CONTEXT ( 3 ) GLOBAL_UNCERTAINTY_ASSIGNED_CONTEXT ( ( #3162 ) ) GLOBAL_UNIT_ASSIGNED_CONTEXT ( ( #9587, #8071, #1595 ) ) REPRESENTATION_CONTEXT ( 'NONE', 'WORKASPACE' ) );
#10152 = DIRECTION ( 'NONE',  ( -0.9938370308809507669, 0.000000000000000000, 0.1108510534444137052 ) ) ;
#10153 = DIRECTION ( 'NONE',  ( 0.9938370308809506559, 0.000000000000000000, 0.1108510534444137469 ) ) ;
#10154 = MECHANICAL_DESIGN_GEOMETRIC_PRESENTATION_REPRESENTATION (  '', ( #5475 ), #8660 ) ;
#10155 = EDGE_LOOP ( 'NONE', ( #3051, #2527, #2768 ) ) ;
#10156 = AXIS2_PLACEMENT_3D ( 'NONE', #3335, #204, #8969 ) ;
#10157 = DIRECTION ( 'NONE',  ( -1.000000000000000000, -0.000000000000000000, -0.000000000000000000 ) ) ;
#10158 = DIRECTION ( 'NONE',  ( -0.1108510534444137469, 2.096348086633972484E-17, 0.9938370308809506559 ) ) ;
#10159 = CARTESIAN_POINT ( 'NONE',  ( 0.2666411873824114376, 1.721732169736485352, 0.4052592521765772671 ) ) ;
#10160 = LINE ( 'NONE', #3056, #1166 ) ;
#10161 = FILL_AREA_STYLE ('',( #7135 ) ) ;
#10162 = EDGE_CURVE ( 'NONE', #6107, #9524, #7422, .T. ) ;
#10163 = COLOUR_RGB ( '',0.7764705882352941346, 0.7568627450980391913, 0.7372549019607843590 ) ;
#10164 = ORIENTED_EDGE ( 'NONE', *, *, #4918, .T. ) ;
#10165 = UNCERTAINTY_MEASURE_WITH_UNIT (LENGTH_MEASURE( 1.000000000000000082E-05 ), #9935, 'distance_accuracy_value', 'NONE');
#10166 = PRODUCT_DEFINITION_CONTEXT ( 'detailed design', #3537, 'design' ) ;
#10167 = EDGE_LOOP ( 'NONE', ( #1535, #7554, #1993, #7183, #3778, #7074, #4360, #4420, #8392, #6951, #5972 ) ) ;
#10168 = COLOUR_RGB ( '',0.7764705882352941346, 0.7568627450980391913, 0.7372549019607843590 ) ;
#10169 = COLOUR_RGB ( '',0.7921568627450980005, 0.8196078431372548767, 0.9333333333333333481 ) ;
#10170 = ORIENTED_EDGE ( 'NONE', *, *, #9552, .F. ) ;
#10171 = DIRECTION ( 'NONE',  ( 0.7456662065614397816, -2.326442708608981349E-15, 0.6663196743247735698 ) ) ;
#10172 = MECHANICAL_DESIGN_GEOMETRIC_PRESENTATION_REPRESENTATION (  '', ( #835 ), #8005 ) ;
#10173 = FACE_OUTER_BOUND ( 'NONE', #3201, .T. ) ;
#10174 = PLANE ( 'NONE',  #1599 ) ;
#10175 = EDGE_CURVE ( 'NONE', #9748, #5462, #5060, .T. ) ;
#10176 = CARTESIAN_POINT ( 'NONE',  ( 0.2553644383338094515, -1.731808957027352047, -2.120854295958262972E-16 ) ) ;
#10177 = MECHANICAL_DESIGN_GEOMETRIC_PRESENTATION_REPRESENTATION (  '', ( #5831 ), #8334 ) ;
#10178 = PRESENTATION_LAYER_ASSIGNMENT (  '', '', ( #6494 ) ) ;
#10179 = AXIS2_PLACEMENT_3D ( 'NONE', #3094, #6474, #7943 ) ;
#10180 = UNCERTAINTY_MEASURE_WITH_UNIT (LENGTH_MEASURE( 1.000000000000000082E-05 ), #6843, 'distance_accuracy_value', 'NONE');
#10181 = EDGE_LOOP ( 'NONE', ( #2502, #3181, #7137 ) ) ;
#10182 = VECTOR ( 'NONE', #8452, 1000.000000000000000 ) ;
#10183 = ORIENTED_EDGE ( 'NONE', *, *, #3073, .F. ) ;
#10184 = CARTESIAN_POINT ( 'NONE',  ( 2.193400286944045430, -4.336808689942017736E-16, -0.1903515064562410486 ) ) ;
#10185 = ORIENTED_EDGE ( 'NONE', *, *, #2326, .T. ) ;
#10186 =( GEOMETRIC_REPRESENTATION_CONTEXT ( 3 ) GLOBAL_UNCERTAINTY_ASSIGNED_CONTEXT ( ( #6638 ) ) GLOBAL_UNIT_ASSIGNED_CONTEXT ( ( #2020, #4033, #8504 ) ) REPRESENTATION_CONTEXT ( 'NONE', 'WORKASPACE' ) );
#10187 =( NAMED_UNIT ( * ) PLANE_ANGLE_UNIT ( ) SI_UNIT ( $, .RADIAN. ) );
#10188 = FILL_AREA_STYLE_COLOUR ( '', #7190 ) ;
#10189 = CARTESIAN_POINT ( 'NONE',  ( 6.000000000000000000, 2.326828918379972351E-16, 0.000000000000000000 ) ) ;
#10190 = MECHANICAL_DESIGN_GEOMETRIC_PRESENTATION_REPRESENTATION (  '', ( #1991 ), #3858 ) ;
#10191 = ORIENTED_EDGE ( 'NONE', *, *, #8427, .F. ) ;
#10192 = SHAPE_REPRESENTATION ( 'M3.5 x 5 Screw head', ( #5069 ), #1731 ) ;
#10193 = FILL_AREA_STYLE ('',( #5326 ) ) ;
#10194 = PRESENTATION_STYLE_ASSIGNMENT (( #1310 ) ) ;
#10195 = STYLED_ITEM ( 'NONE', ( #6542 ), #8995 ) ;
#10196 = AXIS2_PLACEMENT_3D ( 'NONE', #7597, #441, #6263 ) ;
#10197 = AXIS2_PLACEMENT_3D ( 'NONE', #2289, #8529, #8465 ) ;
#10198 = ADVANCED_FACE ( 'NONE', ( #2034 ), #2942, .T. ) ;
#10199 =( NAMED_UNIT ( * ) PLANE_ANGLE_UNIT ( ) SI_UNIT ( $, .RADIAN. ) );
#10200 = STYLED_ITEM ( 'NONE', ( #1611 ), #7287 ) ;
#10201 = AXIS2_PLACEMENT_3D ( 'NONE', #3830, #1366, #7785 ) ;
#10202 = FILL_AREA_STYLE_COLOUR ( '', #3116 ) ;
#10203 = CARTESIAN_POINT ( 'NONE',  ( 0.2666411873824114376, 0.4052592521765713274, 1.721732169736487794 ) ) ;
#10204 = SURFACE_STYLE_USAGE ( .BOTH. , #6238 ) ;
#10205 = COLOUR_RGB ( '',0.7764705882352941346, 0.7568627450980391913, 0.7372549019607843590 ) ;
#10206 = STYLED_ITEM ( 'NONE', ( #6687 ), #9409 ) ;
#10207 =( NAMED_UNIT ( * ) SI_UNIT ( $, .STERADIAN. ) SOLID_ANGLE_UNIT ( ) );
#10208 = PRESENTATION_LAYER_ASSIGNMENT (  '', '', ( #34 ) ) ;
#10209 = EDGE_LOOP ( 'NONE', ( #3282, #2239, #4214, #6792, #6075 ) ) ;
#10210 = EDGE_CURVE ( 'NONE', #4389, #7454, #2073, .T. ) ;
#10211 = CARTESIAN_POINT ( 'NONE',  ( 1.949999999999999956, -0.2175000000000000266, -0.2174999999999999989 ) ) ;
#10212 = SURFACE_SIDE_STYLE ('',( #1441 ) ) ;
#10213 = SURFACE_STYLE_USAGE ( .BOTH. , #10264 ) ;
#10214 = AXIS2_PLACEMENT_3D ( 'NONE', #8928, #4145, #1769 ) ;
#10215 = FILL_AREA_STYLE ('',( #6832 ) ) ;
#10216 = CARTESIAN_POINT ( 'NONE',  ( 0.2666411873824114376, -1.721732169736485796, 0.4052592521765768785 ) ) ;
#10217 = CARTESIAN_POINT ( 'NONE',  ( 0.2666411873824114376, -1.721732169736485796, -0.4052592521765772116 ) ) ;
#10218 = SURFACE_STYLE_USAGE ( .BOTH. , #5406 ) ;
#10219 = EDGE_LOOP ( 'NONE', ( #6137, #6747, #5101, #3154 ) ) ;
#10220 = AXIS2_PLACEMENT_3D ( 'NONE', #5037, #1065, #402 ) ;
#10221 = EDGE_LOOP ( 'NONE', ( #8039, #3448, #9672, #2915, #1209 ) ) ;
#10222 = CIRCLE ( 'NONE', #3560, 1.749999999999999778 ) ;
#10223 = ADVANCED_FACE ( 'NONE', ( #8533, #9158 ), #8368, .F. ) ;
#10224 = DIRECTION ( 'NONE',  ( 0.9938370308809506559, 0.000000000000000000, 0.1108510534444137469 ) ) ;
#10225 = VERTEX_POINT ( 'NONE', #10256 ) ;
#10226 = CARTESIAN_POINT ( 'NONE',  ( 1.949999999999999956, -0.2175000000000000266, -0.2174999999999999989 ) ) ;
#10227 = CARTESIAN_POINT ( 'NONE',  ( 1.949999999999999956, 0.2174999999999999989, 0.2174999999999999156 ) ) ;
#10228 = FILL_AREA_STYLE_COLOUR ( '', #7562 ) ;
#10229 = DIRECTION ( 'NONE',  ( 0.6663196743247736809, -0.7456662065614397816, -9.292562311528023527E-17 ) ) ;
#10230 = DIRECTION ( 'NONE',  ( -0.9938370308809506559, -0.1108510534444136914, -3.870343844922732447E-16 ) ) ;
#10231 = DIRECTION ( 'NONE',  ( 0.000000000000000000, 0.000000000000000000, 1.000000000000000000 ) ) ;
#10232 = MECHANICAL_DESIGN_GEOMETRIC_PRESENTATION_REPRESENTATION (  '', ( #3741 ), #8729 ) ;
#10233 = DIRECTION ( 'NONE',  ( -1.000000000000000000, -0.000000000000000000, -0.000000000000000000 ) ) ;
#10234 = ORIENTED_EDGE ( 'NONE', *, *, #8552, .T. ) ;
#10235 = EDGE_CURVE ( 'NONE', #2495, #742, #8049, .T. ) ;
#10236 = COLOUR_RGB ( '',0.7764705882352941346, 0.7568627450980391913, 0.7372549019607843590 ) ;
#10237 = CARTESIAN_POINT ( 'NONE',  ( -25.39999999999996305, 0.000000000000000000, 3.500000000000000444 ) ) ;
#10238 = AXIS2_PLACEMENT_3D ( 'NONE', #10249, #5480, #8686 ) ;
#10239 = LINE ( 'NONE', #9457, #4179 ) ;
#10240 =( NAMED_UNIT ( * ) SI_UNIT ( $, .STERADIAN. ) SOLID_ANGLE_UNIT ( ) );
#10241 = DIRECTION ( 'NONE',  ( 0.000000000000000000, 0.000000000000000000, -1.000000000000000000 ) ) ;
#10242 = DIRECTION ( 'NONE',  ( 0.000000000000000000, -1.224646799147354193E-16, 1.000000000000000000 ) ) ;
#10243 = EDGE_LOOP ( 'NONE', ( #4042, #4864 ) ) ;
#10244 = DIRECTION ( 'NONE',  ( -0.7456662065614397816, 0.6663196743247735698, 0.000000000000000000 ) ) ;
#10245 = AXIS2_PLACEMENT_3D ( 'NONE', #7376, #166, #4262 ) ;
#10246 = PRESENTATION_LAYER_ASSIGNMENT (  '', '', ( #4422 ) ) ;
#10247 = STYLED_ITEM ( 'NONE', ( #8699 ), #2366 ) ;
#10248 = ORIENTED_EDGE ( 'NONE', *, *, #9136, .T. ) ;
#10249 = CARTESIAN_POINT ( 'NONE',  ( 2.193400286944045430, -0.1903515064562409931, -2.309278636184418912E-16 ) ) ;
#10250 = LINE ( 'NONE', #3228, #1838 ) ;
#10251 = SURFACE_STYLE_FILL_AREA ( #4766 ) ;
#10252 =( NAMED_UNIT ( * ) SI_UNIT ( $, .STERADIAN. ) SOLID_ANGLE_UNIT ( ) );
#10253 = PRESENTATION_LAYER_ASSIGNMENT (  '', '', ( #4431 ) ) ;
#10254 = MECHANICAL_DESIGN_GEOMETRIC_PRESENTATION_REPRESENTATION (  '', ( #8593 ), #6404 ) ;
#10255 = SHAPE_REPRESENTATION ( 'M3.5 x 13 Screw head', ( #5069 ), #10090 ) ;
#10256 = CARTESIAN_POINT ( 'NONE',  ( 0.9968214519863044520, -3.311827956989247035, -4.055819506853600563E-16 ) ) ;
#10257 = FACE_OUTER_BOUND ( 'NONE', #7088, .T. ) ;
#10258 = MECHANICAL_DESIGN_GEOMETRIC_PRESENTATION_REPRESENTATION (  '', ( #5560 ), #427 ) ;
#10259 = CARTESIAN_POINT ( 'NONE',  ( 2.193400286944045430, 4.336808689942017736E-16, 0.1903515064562409931 ) ) ;
#10260 =( NAMED_UNIT ( * ) SI_UNIT ( $, .STERADIAN. ) SOLID_ANGLE_UNIT ( ) );
#10261 = ORIENTED_EDGE ( 'NONE', *, *, #5882, .T. ) ;
#10262 = DIRECTION ( 'NONE',  ( -1.000000000000000000, -0.000000000000000000, -0.000000000000000000 ) ) ;
#10263 = LINE ( 'NONE', #388, #3083 ) ;
#10264 = SURFACE_SIDE_STYLE ('',( #763 ) ) ;
#10265 = VECTOR ( 'NONE', #8313, 1000.000000000000000 ) ;
#10266 = FILL_AREA_STYLE_COLOUR ( '', #8157 ) ;
#10267 = DIRECTION ( 'NONE',  ( -1.000000000000000000, -0.000000000000000000, -0.000000000000000000 ) ) ;
#10268 = DIRECTION ( 'NONE',  ( -0.9938370308809507669, -0.1108510534444137052, 0.000000000000000000 ) ) ;
#10269 = ADVANCED_FACE ( 'NONE', ( #2293, #8691 ), #792, .F. ) ;
#10270 = ORIENTED_EDGE ( 'NONE', *, *, #9969, .T. ) ;
#10271 = ADVANCED_FACE ( 'NONE', ( #9614 ), #7903, .T. ) ;
#10272 = UNCERTAINTY_MEASURE_WITH_UNIT (LENGTH_MEASURE( 1.000000000000000082E-05 ), #6858, 'distance_accuracy_value', 'NONE');
#10273 = CARTESIAN_POINT ( 'NONE',  ( 1.949999999999999956, 0.2174999999999999989, 0.2174999999999999711 ) ) ;
#10274 = VERTEX_POINT ( 'NONE', #2348 ) ;
#10275 = PRESENTATION_LAYER_ASSIGNMENT (  '', '', ( #616 ) ) ;
#10276 = DIRECTION ( 'NONE',  ( 0.000000000000000000, -1.224646799147354193E-16, 1.000000000000000000 ) ) ;
#10277 =( LENGTH_UNIT ( ) NAMED_UNIT ( * ) SI_UNIT ( .MILLI., .METRE. ) );
#10278 = DIRECTION ( 'NONE',  ( 0.000000000000000000, 0.000000000000000000, 1.000000000000000000 ) ) ;
#10279 = PRESENTATION_STYLE_ASSIGNMENT (( #2273 ) ) ;
#10280 =( NAMED_UNIT ( * ) PLANE_ANGLE_UNIT ( ) SI_UNIT ( $, .RADIAN. ) );
#10281 = DIRECTION ( 'NONE',  ( -1.000000000000000000, -0.000000000000000000, -0.000000000000000000 ) ) ;
#10282 = COLOUR_RGB ( '',0.7764705882352941346, 0.7568627450980391913, 0.7372549019607843590 ) ;
#10283 = DIRECTION ( 'NONE',  ( 0.000000000000000000, 0.000000000000000000, 1.000000000000000000 ) ) ;
#10284 =( LENGTH_UNIT ( ) NAMED_UNIT ( * ) SI_UNIT ( .MILLI., .METRE. ) );
#10285 = UNCERTAINTY_MEASURE_WITH_UNIT (LENGTH_MEASURE( 1.000000000000000082E-05 ), #7974, 'distance_accuracy_value', 'NONE');
#10286 = PRODUCT ( 'M3.5 x 6 Screw head', 'M3.5 x 6 Screw head', '', ( #3615 ) ) ;
#10287 = ORIENTED_EDGE ( 'NONE', *, *, #7781, .T. ) ;
#10288 = SURFACE_STYLE_FILL_AREA ( #7110 ) ;
#10289 = AXIS2_PLACEMENT_3D ( 'NONE', #8397, #7816, #2117 ) ;
#10290 =( NAMED_UNIT ( * ) PLANE_ANGLE_UNIT ( ) SI_UNIT ( $, .RADIAN. ) );
#10291 = PLANE ( 'NONE',  #7890 ) ;
#10292 = FACE_OUTER_BOUND ( 'NONE', #223, .T. ) ;
#10293 =( NAMED_UNIT ( * ) PLANE_ANGLE_UNIT ( ) SI_UNIT ( $, .RADIAN. ) );
#10294 = SHAPE_REPRESENTATION_RELATIONSHIP ( 'NONE' , 'NONE' ,  #9769, #3724 ) ;
#10295 = CARTESIAN_POINT ( 'NONE',  ( 4.309938594911940868, 1.891316923914901471, 2.356976916973721757E-16 ) ) ;
#10296 = DIRECTION ( 'NONE',  ( 0.9877866216249069353, -0.1101762001043169320, 0.1101762001043165712 ) ) ;
#10297 = EDGE_CURVE ( 'NONE', #4980, #7407, #6281, .T. ) ;
#10298 = ORIENTED_EDGE ( 'NONE', *, *, #5953, .T. ) ;
#10299 = FILL_AREA_STYLE_COLOUR ( '', #4506 ) ;
#10300 = UNCERTAINTY_MEASURE_WITH_UNIT (LENGTH_MEASURE( 1.000000000000000082E-05 ), #4120, 'distance_accuracy_value', 'NONE');
#10301 = ORIENTED_EDGE ( 'NONE', *, *, #5899, .T. ) ;
#10302 = FILL_AREA_STYLE ('',( #2196 ) ) ;
#10303 = CYLINDRICAL_SURFACE ( 'NONE', #4588, 3.500000000000000444 ) ;
#10304 = PLANE ( 'NONE',  #6982 ) ;
#10305 = ADVANCED_FACE ( 'NONE', ( #7128 ), #10303, .T. ) ;
#10306 =( LENGTH_UNIT ( ) NAMED_UNIT ( * ) SI_UNIT ( .MILLI., .METRE. ) );
#10307 = DIRECTION ( 'NONE',  ( 0.000000000000000000, 0.000000000000000000, 1.000000000000000000 ) ) ;
#10308 = ORIENTED_EDGE ( 'NONE', *, *, #1820, .F. ) ;
#10309 =( GEOMETRIC_REPRESENTATION_CONTEXT ( 3 ) GLOBAL_UNCERTAINTY_ASSIGNED_CONTEXT ( ( #1693 ) ) GLOBAL_UNIT_ASSIGNED_CONTEXT ( ( #4963, #9816, #8097 ) ) REPRESENTATION_CONTEXT ( 'NONE', 'WORKASPACE' ) );
#10310 = SURFACE_STYLE_USAGE ( .BOTH. , #117 ) ;
#10312 = MECHANICAL_DESIGN_GEOMETRIC_PRESENTATION_REPRESENTATION (  '', ( #4496 ), #4155 ) ;
#10311 = ADVANCED_BREP_SHAPE_REPRESENTATION ( '', ( #8648, #5069 ), #4906 ) ;
#10313 = SURFACE_STYLE_FILL_AREA ( #7914 ) ;
#10314 = FILL_AREA_STYLE ('',( #7132 ) ) ;
#10315 = FILL_AREA_STYLE_COLOUR ( '', #603 ) ;
#10316 = DIRECTION ( 'NONE',  ( -0.1108510534444136914, 1.257808851980383614E-16, -0.9938370308809506559 ) ) ;
#10317 = ORIENTED_EDGE ( 'NONE', *, *, #8362, .F. ) ;
#10318 = STYLED_ITEM ( 'NONE', ( #6170 ), #4485 ) ;
#10319 = AXIS2_PLACEMENT_3D ( 'NONE', #8758, #4175, #10278 ) ;
#10320 = ORIENTED_EDGE ( 'NONE', *, *, #9737, .T. ) ;
#10321 = DIRECTION ( 'NONE',  ( -1.000000000000000000, -0.000000000000000000, -0.000000000000000000 ) ) ;
#10322 = FILL_AREA_STYLE_COLOUR ( '', #33 ) ;
#10323 = EDGE_CURVE ( 'NONE', #6781, #7832, #9565, .T. ) ;
#10324 = EDGE_CURVE ( 'NONE', #9392, #3762, #1877, .T. ) ;
#10325 =( GEOMETRIC_REPRESENTATION_CONTEXT ( 3 ) GLOBAL_UNCERTAINTY_ASSIGNED_CONTEXT ( ( #1276 ) ) GLOBAL_UNIT_ASSIGNED_CONTEXT ( ( #1432, #4762, #1660 ) ) REPRESENTATION_CONTEXT ( 'NONE', 'WORKASPACE' ) );
#10326 =( LENGTH_UNIT ( ) NAMED_UNIT ( * ) SI_UNIT ( .MILLI., .METRE. ) );
#10327 = AXIS2_PLACEMENT_3D ( 'NONE', #9658, #5740, #8923 ) ;
#10328 = FACE_OUTER_BOUND ( 'NONE', #534, .T. ) ;
#10329 = SURFACE_STYLE_USAGE ( .BOTH. , #8803 ) ;
#10330 =( NAMED_UNIT ( * ) PLANE_ANGLE_UNIT ( ) SI_UNIT ( $, .RADIAN. ) );
#10331 = CONTEXT_DEPENDENT_SHAPE_REPRESENTATION ( #8179, #3268 ) ;
#10332 = APPLICATION_CONTEXT ( 'automotive_design' ) ;
#10333 = PRESENTATION_LAYER_ASSIGNMENT (  '', '', ( #1648 ) ) ;
#10334 = EDGE_LOOP ( 'NONE', ( #7731, #2287, #6049 ) ) ;
#10335 = AXIS2_PLACEMENT_3D ( 'NONE', #8955, #6407, #1795 ) ;
#10336 = PRESENTATION_LAYER_ASSIGNMENT (  '', '', ( #7007 ) ) ;
#10337 = SHAPE_REPRESENTATION_RELATIONSHIP ( 'NONE' , 'NONE' ,  #10255, #8189 ) ;
#10338 = DIRECTION ( 'NONE',  ( -1.000000000000000000, -0.000000000000000000, -0.000000000000000000 ) ) ;
#10339 = EDGE_CURVE ( 'NONE', #7867, #7098, #165, .T. ) ;
#10340 = ORIENTED_EDGE ( 'NONE', *, *, #3846, .F. ) ;
#10341 = NEXT_ASSEMBLY_USAGE_OCCURRENCE ( 'NAUO1', ' ', ' ', #4772, #7261, $ ) ;
#10342 = NEXT_ASSEMBLY_USAGE_OCCURRENCE ( 'NAUO2', ' ', ' ', #4772, #2980, $ ) ;
#10343 = NEXT_ASSEMBLY_USAGE_OCCURRENCE ( 'NAUO3', ' ', ' ', #4772, #9435, $ ) ;
#10344 = NEXT_ASSEMBLY_USAGE_OCCURRENCE ( 'NAUO4', ' ', ' ', #4772, #5926, $ ) ;
#10345 = NEXT_ASSEMBLY_USAGE_OCCURRENCE ( 'NAUO5', ' ', ' ', #4772, #6177, $ ) ;
#10346 = NEXT_ASSEMBLY_USAGE_OCCURRENCE ( 'NAUO6', ' ', ' ', #4772, #931, $ ) ;
#10347 = NEXT_ASSEMBLY_USAGE_OCCURRENCE ( 'NAUO7', ' ', ' ', #4772, #7900, $ ) ;
#10348 = NEXT_ASSEMBLY_USAGE_OCCURRENCE ( 'NAUO8', ' ', ' ', #4772, #3100, $ ) ;
#10349 = NEXT_ASSEMBLY_USAGE_OCCURRENCE ( 'NAUO9', ' ', ' ', #4772, #4654, $ ) ;
#10350 = NEXT_ASSEMBLY_USAGE_OCCURRENCE ( 'NAUO10', ' ', ' ', #4772, #2392, $ ) ;
ENDSEC;
END-ISO-10303-21;
